address,category,id,lat,lng,location,name,originalId,polarity,subCategory,details,reviews
8 rue de Navarin,attraction,83256,48.87961034033,2.3393825451216,Paris,Hôtel Amour,4ac79395f964a52021b820e3,0,Hotel Bar,http://tour-pedia.org/api/getPlaceDetails?id=83256,http://tour-pedia.org/api/getReviewsByPlaceId?placeId=83256
49 Rue Pierre Charron,attraction,83321,48.869145508329,2.3021912516801,Paris,Pershing Hall,4adcda03f964a520c03121e3,0,Hotel,http://tour-pedia.org/api/getPlaceDetails?id=83321,http://tour-pedia.org/api/getReviewsByPlaceId?placeId=83321
99 rue Oberkampf,attraction,83355,48.8654975,2.3766887,Paris,Mécano-Bar,4adcda04f964a520333221e3,0,Bar,http://tour-pedia.org/api/getPlaceDetails?id=83355,http://tour-pedia.org/api/getReviewsByPlaceId?placeId=83355
1 rue Théophile Roussel,attraction,83358,48.849622701075,2.377436673654,Paris,Le Baron Rouge,4adcda04f964a520393221e3,0,Wine Bar,http://tour-pedia.org/api/getPlaceDetails?id=83358,http://tour-pedia.org/api/getReviewsByPlaceId?placeId=83358
7-15 Avenue de la Porte de la Villette,attraction,83363,48.899198480866,2.3867258494543,Paris,Glazart,4adcda04f964a520473221e3,0,Music Venue,http://tour-pedia.org/api/getPlaceDetails?id=83363,http://tour-pedia.org/api/getReviewsByPlaceId?placeId=83363
92 Boulevard de Clichy,attraction,83364,48.883926392329,2.3321795723089,Paris,O'Sullivan's by the mill : Backstage by the mill,4adcda04f964a5204a3221e3,0,Pub,http://tour-pedia.org/api/getPlaceDetails?id=83364,http://tour-pedia.org/api/getReviewsByPlaceId?placeId=83364
1-5 passage Ruelle,attraction,83372,48.886724436338,2.358919278108,Paris,Kube Hôtel,4adcda04f964a520ff3121e3,0,Hotel,http://tour-pedia.org/api/getPlaceDetails?id=83372,http://tour-pedia.org/api/getReviewsByPlaceId?placeId=83372
11 Quai François Mauriac,attraction,83383,48.833382225428,2.3792588710785,Paris,Le Batofar,4adcda05f964a520743221e3,0,Bar,http://tour-pedia.org/api/getPlaceDetails?id=83383,http://tour-pedia.org/api/getReviewsByPlaceId?placeId=83383
5 Rue Daunou,attraction,83384,48.869245695676,2.332170009613,Paris,Harry's New York Bar,4adcda05f964a5207b3221e3,0,Cocktail Bar,http://tour-pedia.org/api/getPlaceDetails?id=83384,http://tour-pedia.org/api/getReviewsByPlaceId?placeId=83384
16 rue des Quatre Vents,attraction,83388,48.851820299809,2.3377395841813,Paris,The Moose,4adcda05f964a520963221e3,0,Bar,http://tour-pedia.org/api/getPlaceDetails?id=83388,http://tour-pedia.org/api/getReviewsByPlaceId?placeId=83388
25 Rue Frédéric Sauton,attraction,83389,48.850441,2.348763,Paris,The Long Hop,4adcda05f964a5209a3221e3,0,Sports Bar,http://tour-pedia.org/api/getPlaceDetails?id=83389,http://tour-pedia.org/api/getReviewsByPlaceId?placeId=83389
77 rue Saint-Dominique,attraction,83395,48.859823799534,2.3086759131341,Paris,O'Brien's Irish Pub,4adcda06f964a520b63221e3,0,Pub,http://tour-pedia.org/api/getPlaceDetails?id=83395,http://tour-pedia.org/api/getReviewsByPlaceId?placeId=83395
5 Rue de Presbourg,attraction,83396,48.872161787079,2.2952509305633,Paris,Sir Winston,4adcda06f964a520bc3221e3,0,Pub,http://tour-pedia.org/api/getPlaceDetails?id=83396,http://tour-pedia.org/api/getReviewsByPlaceId?placeId=83396
71 bd Gouvion Saint-Cyr,attraction,83397,48.880062339663,2.2848123623526,Paris,James Joyce Pub,4adcda06f964a520bd3221e3,0,Sports Bar,http://tour-pedia.org/api/getPlaceDetails?id=83397,http://tour-pedia.org/api/getReviewsByPlaceId?placeId=83397
17 Rue de l'Ancienne Comédie,attraction,83399,48.852877154365,2.3390702392648,Paris,Pub Saint-Germain,4adcda06f964a520c13221e3,0,Pub,http://tour-pedia.org/api/getPlaceDetails?id=83399,http://tour-pedia.org/api/getReviewsByPlaceId?placeId=83399
8 rue Vandamme,attraction,83401,48.839748543578,2.3229325844994,Paris,La Pachanga,4adcda06f964a520cd3221e3,0,Nightclub,http://tour-pedia.org/api/getPlaceDetails?id=83401,http://tour-pedia.org/api/getReviewsByPlaceId?placeId=83401
23 rue Gabrielle,attraction,83409,48.885773,2.34061,Paris,Le Rendez-Vous des Amis,4adcda06f964a520e43221e3,0,Bar,http://tour-pedia.org/api/getPlaceDetails?id=83409,http://tour-pedia.org/api/getReviewsByPlaceId?placeId=83409
16 rue Dufrénoy,attraction,83416,48.865932121219,2.2721822450395,Paris,Oum El Banine,4adcda06f964a520f53221e3,0,Bar,http://tour-pedia.org/api/getPlaceDetails?id=83416,http://tour-pedia.org/api/getReviewsByPlaceId?placeId=83416
102 bis Rue de Bagnolet,attraction,83417,48.859404097885,2.402865448296,Paris,La Flèche d'Or,4adcda06f964a520f63221e3,0,Rock Club,http://tour-pedia.org/api/getPlaceDetails?id=83417,http://tour-pedia.org/api/getReviewsByPlaceId?placeId=83417
10 Rue Mouffetard,attraction,83421,48.844554,2.349542,Paris,Le Requin Chagrin,4adcda07f964a5200d3321e3,0,Bar,http://tour-pedia.org/api/getPlaceDetails?id=83421,http://tour-pedia.org/api/getReviewsByPlaceId?placeId=83421
32 Rue Muller,attraction,83422,48.886402,2.34514,Paris,Le Soleil de la Butte,4adcda07f964a520163321e3,0,Pub,http://tour-pedia.org/api/getPlaceDetails?id=83422,http://tour-pedia.org/api/getReviewsByPlaceId?placeId=83422
142 Rue Montmartre,attraction,83426,48.868949291983,2.3430919647217,Paris,Social Club,4adcda07f964a5201f3321e3,0,Nightclub,http://tour-pedia.org/api/getPlaceDetails?id=83426,http://tour-pedia.org/api/getReviewsByPlaceId?placeId=83426
Port de la Gare,attraction,83431,48.834289088594,2.3779316157599,Paris,Bateau El Alamein,4adcda07f964a5203b3321e3,0,Lounge,http://tour-pedia.org/api/getPlaceDetails?id=83431,http://tour-pedia.org/api/getReviewsByPlaceId?placeId=83431
94 rue de Ménilmontant,attraction,83434,48.869173,2.391884,Paris,Le Café des Sports,4adcda07f964a520573321e3,0,Sports Bar,http://tour-pedia.org/api/getPlaceDetails?id=83434,http://tour-pedia.org/api/getReviewsByPlaceId?placeId=83434
5 rue Trousseau,attraction,83439,48.8511579,2.3786311,Paris,The Bottle Shop,4adcda08f964a520903321e3,0,Bar,http://tour-pedia.org/api/getPlaceDetails?id=83439,http://tour-pedia.org/api/getReviewsByPlaceId?placeId=83439
7 Rue Moret,attraction,83443,48.866690920479,2.3798274993896,Paris,L'International,4adcda08f964a5209b3321e3,0,Rock Club,http://tour-pedia.org/api/getPlaceDetails?id=83443,http://tour-pedia.org/api/getReviewsByPlaceId?placeId=83443
8 rue de Belleville,attraction,83446,48.872475101027,2.3780466634939,Paris,Aux Folies,4adcda08f964a520a03321e3,0,Bar,http://tour-pedia.org/api/getPlaceDetails?id=83446,http://tour-pedia.org/api/getReviewsByPlaceId?placeId=83446
49 rue de Ponthieu,attraction,83447,48.871875,2.306279,Paris,Chez Régine,4adcda08f964a520a33321e3,0,Nightclub,http://tour-pedia.org/api/getPlaceDetails?id=83447,http://tour-pedia.org/api/getReviewsByPlaceId?placeId=83447
5 Boulevard Poissonnière,attraction,83448,48.870772968308,2.3474509088935,Paris,Rex Club,4adcda08f964a520a43321e3,0,Nightclub,http://tour-pedia.org/api/getPlaceDetails?id=83448,http://tour-pedia.org/api/getReviewsByPlaceId?placeId=83448
5 Passage Louis-Philippe,attraction,83449,48.854096866402,2.3729033768177,Paris,Café de la Danse,4adcda08f964a520aa3321e3,0,Music Venue,http://tour-pedia.org/api/getPlaceDetails?id=83449,http://tour-pedia.org/api/getReviewsByPlaceId?placeId=83449
75 Rue des Martyrs,attraction,83451,48.882337,2.33960887,Paris,Divan du Monde,4adcda08f964a520b53321e3,0,Music Venue,http://tour-pedia.org/api/getPlaceDetails?id=83451,http://tour-pedia.org/api/getReviewsByPlaceId?placeId=83451
102 Avenue des Champs-Élysées,attraction,83452,48.871842681516,2.3024725914001,Paris,Le Queen,4adcda08f964a520b93321e3,0,Nightclub,http://tour-pedia.org/api/getPlaceDetails?id=83452,http://tour-pedia.org/api/getReviewsByPlaceId?placeId=83452
94 Rue Jean-Pierre Timbaud,attraction,83453,48.86751124199,2.377878052132,Paris,Maison des Métallos,4adcda08f964a520c63321e3,0,Music Venue,http://tour-pedia.org/api/getPlaceDetails?id=83453,http://tour-pedia.org/api/getReviewsByPlaceId?placeId=83453
Place de la Madeleine,attraction,83456,48.869753812208,2.3242735862732,Paris,Église de la Madeleine,4adcda09f964a520013421e3,0,Church,http://tour-pedia.org/api/getPlaceDetails?id=83456,http://tour-pedia.org/api/getReviewsByPlaceId?placeId=83456
13 Quai de la Loire,attraction,83459,48.885248887787,2.373218536377,Paris,Canal de l'Ourcq,4adcda09f964a520083421e3,0,Lake,http://tour-pedia.org/api/getPlaceDetails?id=83459,http://tour-pedia.org/api/getReviewsByPlaceId?placeId=83459
20 Avenue Rachel,attraction,83461,48.887548749415,2.3304319381714,Paris,Cimetière de Montmartre,4adcda09f964a5200a3421e3,0,Cemetery,http://tour-pedia.org/api/getPlaceDetails?id=83461,http://tour-pedia.org/api/getReviewsByPlaceId?placeId=83461
Place Vendôme,attraction,83465,48.867465482815,2.3294234275818,Paris,Place Vendôme,4adcda09f964a5200e3421e3,0,Plaza,http://tour-pedia.org/api/getPlaceDetails?id=83465,http://tour-pedia.org/api/getReviewsByPlaceId?placeId=83465
Bois de Vincennes,attraction,83466,48.831165,2.42815,Paris,Bois de Vincennes,4adcda09f964a5200f3421e3,0,Park,http://tour-pedia.org/api/getPlaceDetails?id=83466,http://tour-pedia.org/api/getReviewsByPlaceId?placeId=83466
Place de la Bourse,attraction,83471,48.869153951863,2.341343164444,Paris,Palais Brongniart (Ancienne Bourse de Paris),4adcda09f964a520153421e3,0,Event Space,http://tour-pedia.org/api/getPlaceDetails?id=83471,http://tour-pedia.org/api/getReviewsByPlaceId?placeId=83471
2 Place du Louvre,attraction,83473,48.859519915405,2.3413056135178,Paris,Église Saint-Germain l'Auxerrois,4adcda09f964a520173421e3,0,Church,http://tour-pedia.org/api/getPlaceDetails?id=83473,http://tour-pedia.org/api/getReviewsByPlaceId?placeId=83473
65 Quai d'Orsay,attraction,83474,48.862361519804,2.3067426486602,Paris,American Church in Paris,4adcda09f964a5201a3421e3,0,Temple,http://tour-pedia.org/api/getPlaceDetails?id=83474,http://tour-pedia.org/api/getReviewsByPlaceId?placeId=83474
1 Place Alphonse Laveran,attraction,83475,48.840575,2.341906,Paris,Église du Val-de-Grâce,4adcda09f964a5201c3421e3,0,Church,http://tour-pedia.org/api/getPlaceDetails?id=83475,http://tour-pedia.org/api/getReviewsByPlaceId?placeId=83475
13 rue Feutrier,attraction,83478,48.886725221242,2.3465540197294,Paris,Blue (Le),4adcda09f964a520d73321e3,0,Nightclub,http://tour-pedia.org/api/getPlaceDetails?id=83478,http://tour-pedia.org/api/getReviewsByPlaceId?placeId=83478
6 Rue Georges Desplas,attraction,83482,48.841909186751,2.3551350831985,Paris,Grande Mosquée de Paris,4adcda09f964a520e03321e3,0,Mosque,http://tour-pedia.org/api/getPlaceDetails?id=83482,http://tour-pedia.org/api/getReviewsByPlaceId?placeId=83482
Place de la Bastille,attraction,83484,48.853195026796,2.3690557479858,Paris,Place de la Bastille,4adcda09f964a520e43321e3,0,Plaza,http://tour-pedia.org/api/getPlaceDetails?id=83484,http://tour-pedia.org/api/getReviewsByPlaceId?placeId=83484
16 Rue du Repos,attraction,83486,48.861326879657,2.3942041397095,Paris,Cimetière du Père Lachaise,4adcda09f964a520e73321e3,0,Cemetery,http://tour-pedia.org/api/getPlaceDetails?id=83486,http://tour-pedia.org/api/getReviewsByPlaceId?placeId=83486
Place Dauphine,attraction,83489,48.856639931295,2.3423624038696,Paris,Place Dauphine,4adcda09f964a520eb3321e3,0,Plaza,http://tour-pedia.org/api/getPlaceDetails?id=83489,http://tour-pedia.org/api/getReviewsByPlaceId?placeId=83489
Place du Palais Royal,attraction,83491,48.863571377218,2.337019443512,Paris,Palais Royal,4adcda09f964a520ed3321e3,0,Historic Site,http://tour-pedia.org/api/getPlaceDetails?id=83491,http://tour-pedia.org/api/getReviewsByPlaceId?placeId=83491
284 rue Saint-Honoré,attraction,83492,48.865181,2.332546,Paris,Église Saint-Roch,4adcda09f964a520ee3321e3,0,Church,http://tour-pedia.org/api/getPlaceDetails?id=83492,http://tour-pedia.org/api/getReviewsByPlaceId?placeId=83492
Place Saint-Sulpice,attraction,83495,48.850879465969,2.3342514038086,Paris,Église Saint-Sulpice,4adcda09f964a520fa3321e3,0,Church,http://tour-pedia.org/api/getPlaceDetails?id=83495,http://tour-pedia.org/api/getReviewsByPlaceId?placeId=83495
Avenue des Champs-Élysées,attraction,83498,48.86677561125,2.3169779777527,Paris,Jardins des Champs-Élysées,4adcda09f964a520fe3321e3,0,Garden,http://tour-pedia.org/api/getPlaceDetails?id=83498,http://tour-pedia.org/api/getReviewsByPlaceId?placeId=83498
Pont des Arts,attraction,83499,48.858461116978,2.337561249733,Paris,Pont des Arts,4adcda09f964a520ff3321e3,0,Bridge,http://tour-pedia.org/api/getPlaceDetails?id=83499,http://tour-pedia.org/api/getReviewsByPlaceId?placeId=83499
49 Rue Monge,attraction,83503,48.845090095363,2.3528873920441,Paris,Arènes de Lutèce,4adcda0af964a520273421e3,0,Historic Site,http://tour-pedia.org/api/getPlaceDetails?id=83503,http://tour-pedia.org/api/getReviewsByPlaceId?placeId=83503
Place de Catalogne,attraction,83506,48.837174519125,2.3182761669159,Paris,Place de Catalogne,4adcda0af964a5202b3421e3,0,Plaza,http://tour-pedia.org/api/getPlaceDetails?id=83506,http://tour-pedia.org/api/getReviewsByPlaceId?placeId=83506
Hôtel des Invalides,attraction,83511,48.855623426753,2.3125791549683,Paris,Tombeau de Napoléon,4adcda0af964a520323421e3,0,Cemetery,http://tour-pedia.org/api/getPlaceDetails?id=83511,http://tour-pedia.org/api/getReviewsByPlaceId?placeId=83511
60 Rue Réaumur,attraction,83515,48.865728406036,2.3554802041952,Paris,Musée des Arts et Métiers,4adcda0af964a5203a3421e3,0,Museum,http://tour-pedia.org/api/getPlaceDetails?id=83515,http://tour-pedia.org/api/getReviewsByPlaceId?placeId=83515
53 Avenue Saint Maurice,attraction,83516,48.834022784624,2.4190430968324,Paris,Parc Zoologique de Vincennes,4adcda0af964a5203b3421e3,0,Zoo,http://tour-pedia.org/api/getPlaceDetails?id=83516,http://tour-pedia.org/api/getReviewsByPlaceId?placeId=83516
Passerelle Simone de Beauvoir,attraction,83521,48.835264284161,2.3780786991119,Paris,Passerelle Simone de Beauvoir,4adcda0af964a5205e3421e3,0,Bridge,http://tour-pedia.org/api/getPlaceDetails?id=83521,http://tour-pedia.org/api/getReviewsByPlaceId?placeId=83521
Place Georges Pompidou,attraction,83523,48.860592808297,2.3524475097656,Paris,Centre Pompidou - Musée National d'Art Moderne,4adcda0af964a520623421e3,0,Art Museum,http://tour-pedia.org/api/getPlaceDetails?id=83523,http://tour-pedia.org/api/getReviewsByPlaceId?placeId=83523
Boulevard de la Bastille,attraction,83538,48.849848724571,2.3674035072327,Paris,Port de l'Arsenal,4adcda0cf964a520053521e3,0,Harbor / Marina,http://tour-pedia.org/api/getPlaceDetails?id=83538,http://tour-pedia.org/api/getReviewsByPlaceId?placeId=83538
52 Boulevard Lefebvre,attraction,83542,48.829902,2.294455,Paris,Église Saint-Antoine de Padoue,4adcda0cf964a520b83421e3,0,Church,http://tour-pedia.org/api/getPlaceDetails?id=83542,http://tour-pedia.org/api/getReviewsByPlaceId?placeId=83542
7 rue Marie Rose,attraction,83545,48.826118210696,2.3290006973859,Paris,Chapelle des Franciscains,4adcda0cf964a520c83421e3,0,Spiritual Center,http://tour-pedia.org/api/getPlaceDetails?id=83545,http://tour-pedia.org/api/getReviewsByPlaceId?placeId=83545
Place d'Estienne d'Orves,attraction,83547,48.877226763453,2.3314297199249,Paris,Église de la Trinité,4adcda0cf964a520cd3421e3,0,Church,http://tour-pedia.org/api/getPlaceDetails?id=83547,http://tour-pedia.org/api/getReviewsByPlaceId?placeId=83547
14 Rue Gerbert,attraction,83549,48.839521,2.298396,Paris,Église Saint-Lambert de Vaugirard,4adcda0cf964a520d53421e3,0,Church,http://tour-pedia.org/api/getPlaceDetails?id=83549,http://tour-pedia.org/api/getReviewsByPlaceId?placeId=83549
154 Rue du Faubourg Saint-Honoré,attraction,83550,48.873254030329,2.3105192184448,Paris,Église Saint-Philippe du Roule,4adcda0cf964a520d73421e3,0,Church,http://tour-pedia.org/api/getPlaceDetails?id=83550,http://tour-pedia.org/api/getReviewsByPlaceId?placeId=83550
82 avenue du Général Leclerc,attraction,83551,48.828749164245,2.3270416259766,Paris,Église Saint-Pierre-de-Montrouge,4adcda0cf964a520d83421e3,0,Church,http://tour-pedia.org/api/getPlaceDetails?id=83551,http://tour-pedia.org/api/getReviewsByPlaceId?placeId=83551
93 rue de Crimée,attraction,83553,48.883178002598,2.3820462838348,Paris,Église Saint-Serge,4adcda0cf964a520da3421e3,0,Church,http://tour-pedia.org/api/getPlaceDetails?id=83553,http://tour-pedia.org/api/getReviewsByPlaceId?placeId=83553
8 Avenue César Caire,attraction,83554,48.876090721004,2.3189789056778,Paris,Église Saint-Augustin,4adcda0cf964a520db3421e3,0,Church,http://tour-pedia.org/api/getPlaceDetails?id=83554,http://tour-pedia.org/api/getReviewsByPlaceId?placeId=83554
7 Place du Président Mithouard,attraction,83556,48.850780628672,2.3137378692627,Paris,Église Saint-François Xavier,4adcda0cf964a520df3421e3,0,Church,http://tour-pedia.org/api/getPlaceDetails?id=83556,http://tour-pedia.org/api/getReviewsByPlaceId?placeId=83556
66 avenue Raymond Poincaré,attraction,83557,48.868404,2.2858395285714,Paris,Église Saint-Honoré d'Eylau,4adcda0cf964a520e03421e3,0,Church,http://tour-pedia.org/api/getPlaceDetails?id=83557,http://tour-pedia.org/api/getReviewsByPlaceId?placeId=83557
2 rue du Mont-Cenis,attraction,83558,48.886707,2.342,Paris,Église Saint-Pierre de Montmartre,4adcda0cf964a520e13421e3,0,Church,http://tour-pedia.org/api/getPlaceDetails?id=83558,http://tour-pedia.org/api/getReviewsByPlaceId?placeId=83558
68 rue de Turenne,attraction,83559,48.859996,2.364882,Paris,Église Saint-Denis-du-Saint-Sacrement,4adcda0cf964a520e33421e3,0,Church,http://tour-pedia.org/api/getPlaceDetails?id=83559,http://tour-pedia.org/api/getReviewsByPlaceId?placeId=83559
4 rue du Conservatoire,attraction,83560,48.873102794868,2.3472174351695,Paris,Église Saint Eugène - Sainte Cécile,4adcda0cf964a520e43421e3,0,Spiritual Center,http://tour-pedia.org/api/getPlaceDetails?id=83560,http://tour-pedia.org/api/getReviewsByPlaceId?placeId=83560
139 rue de Bellevile,attraction,83561,48.875574,2.38934,Paris,Église Saint Jean-Baptiste de Belleville,4adcda0cf964a520e53421e3,0,Church,http://tour-pedia.org/api/getPlaceDetails?id=83561,http://tour-pedia.org/api/getReviewsByPlaceId?placeId=83561
Place du Docteur Félix Lobligeois,attraction,83563,48.886797,2.317879,Paris,Église Sainte-Marie des Batignolles,4adcda0cf964a520e83421e3,0,Church,http://tour-pedia.org/api/getPlaceDetails?id=83563,http://tour-pedia.org/api/getReviewsByPlaceId?placeId=83563
9 rue Médéric,attraction,83564,48.880539933732,2.3030265394547,Paris,Eglise Suédoise (Svenska Kirkan),4adcda0cf964a520ea3421e3,0,Church,http://tour-pedia.org/api/getPlaceDetails?id=83564,http://tour-pedia.org/api/getReviewsByPlaceId?placeId=83564
Rue Notre-Dame de Lorette,attraction,83568,48.876365913778,2.3388862609863,Paris,Église Notre-Dame de Lorette,4adcda0cf964a520f13421e3,0,Church,http://tour-pedia.org/api/getPlaceDetails?id=83568,http://tour-pedia.org/api/getReviewsByPlaceId?placeId=83568
29 Rue de Babylone,attraction,83569,48.851204,2.320547,Paris,Jardin Catherine Labouré,4adcda0cf964a520f73421e3,0,Garden,http://tour-pedia.org/api/getPlaceDetails?id=83569,http://tour-pedia.org/api/getReviewsByPlaceId?placeId=83569
211 Avenue Jean Jaurès,attraction,83571,48.890956018665,2.3907601833344,Paris,Grande Halle de la Villette,4adcda0cf964a520fa3421e3,0,Event Space,http://tour-pedia.org/api/getPlaceDetails?id=83571,http://tour-pedia.org/api/getReviewsByPlaceId?placeId=83571
2 Route de la Ferme,attraction,83572,48.821473828751,2.4511098861694,Paris,Hippodrome de Vincennes,4adcda0cf964a520fb3421e3,0,Racetrack,http://tour-pedia.org/api/getPlaceDetails?id=83572,http://tour-pedia.org/api/getReviewsByPlaceId?placeId=83572
Parc de la Villette,attraction,83573,48.890631905558,2.3900761307413,Paris,Pavillon Paul Delouvrier,4adcda0cf964a520ff3421e3,0,Art Gallery,http://tour-pedia.org/api/getPlaceDetails?id=83573,http://tour-pedia.org/api/getReviewsByPlaceId?placeId=83573
18 boulevard Arago,attraction,83575,48.8358971,2.3490356,Paris,Église Réformée Port-Royal,4adcda0df964a5200a3521e3,0,Spiritual Center,http://tour-pedia.org/api/getPlaceDetails?id=83575,http://tour-pedia.org/api/getReviewsByPlaceId?placeId=83575
Île aux Cygnes,attraction,83577,48.852771456599,2.2835683822632,Paris,Île aux Cygnes,4adcda0df964a5201a3521e3,0,Island,http://tour-pedia.org/api/getPlaceDetails?id=83577,http://tour-pedia.org/api/getReviewsByPlaceId?placeId=83577
Place de Rungis,attraction,83583,48.822617297292,2.3474566747846,Paris,Place de Rungis,4adcda0ef964a5203a3521e3,0,Plaza,http://tour-pedia.org/api/getPlaceDetails?id=83583,http://tour-pedia.org/api/getReviewsByPlaceId?placeId=83583
Place d'Anvers,attraction,83585,48.882172833898,2.3444652557373,Paris,Square d'Anvers,4adcda0ef964a5203d3521e3,0,Garden,http://tour-pedia.org/api/getPlaceDetails?id=83585,http://tour-pedia.org/api/getReviewsByPlaceId?placeId=83585
Place Jeanne d'Arc,attraction,83586,48.830133477404,2.3678541183472,Paris,Place Jeanne d'Arc,4adcda0ef964a520403521e3,0,Plaza,http://tour-pedia.org/api/getPlaceDetails?id=83586,http://tour-pedia.org/api/getReviewsByPlaceId?placeId=83586
Place de la Réunion,attraction,83587,48.855743431836,2.4010062217712,Paris,Place de la Réunion,4adcda0ef964a520413521e3,0,Plaza,http://tour-pedia.org/api/getPlaceDetails?id=83587,http://tour-pedia.org/api/getReviewsByPlaceId?placeId=83587
5 Rue de Thorigny,attraction,83596,48.85950579824,2.3620820045471,Paris,Musée National Picasso,4adcda0ef964a5204f3521e3,0,Art Museum,http://tour-pedia.org/api/getPlaceDetails?id=83596,http://tour-pedia.org/api/getReviewsByPlaceId?placeId=83596
6 Place d'Iéna,attraction,83601,48.865335848653,2.2935676574707,Paris,Musée Guimet (Musée National des Arts Asiatiques),4adcda0ff964a520623521e3,0,Museum,http://tour-pedia.org/api/getPlaceDetails?id=83601,http://tour-pedia.org/api/getReviewsByPlaceId?placeId=83601
7 rond-point des Champs-Élysées,attraction,83609,48.868614071405,2.3088401556015,Paris,Artcurial,4adcda10f964a520873521e3,0,Art Gallery,http://tour-pedia.org/api/getPlaceDetails?id=83609,http://tour-pedia.org/api/getReviewsByPlaceId?placeId=83609
2 Impasse Lebouis,attraction,83612,48.836886515133,2.3220049379276,Paris,Fondation Henri Cartier-Bresson,4adcda10f964a520923521e3,0,Art Museum,http://tour-pedia.org/api/getPlaceDetails?id=83612,http://tour-pedia.org/api/getReviewsByPlaceId?placeId=83612
6 Place Paul Painlevé,attraction,83615,48.85038602921,2.3441213553633,Paris,Musée National du Moyen-Âge,4adcda10f964a5209b3521e3,0,History Museum,http://tour-pedia.org/api/getPlaceDetails?id=83615,http://tour-pedia.org/api/getReviewsByPlaceId?placeId=83615
Palais de Chaillot,attraction,83619,48.862865571224,2.288932800293,Paris,Cité de l'Architecture et du Patrimoine,4adcda10f964a520bb3521e3,0,Museum,http://tour-pedia.org/api/getPlaceDetails?id=83619,http://tour-pedia.org/api/getReviewsByPlaceId?placeId=83619
33 Cour Saint-Emilion,attraction,83650,48.833142107784,2.3865222930908,Paris,Chai 33,4adcda12f964a520563621e3,0,Wine Bar,http://tour-pedia.org/api/getPlaceDetails?id=83650,http://tour-pedia.org/api/getReviewsByPlaceId?placeId=83650
5 Port de la Râpée,attraction,83681,48.84237874535,2.3707294464111,Paris,Café Barge,4adcda14f964a5202d3721e3,0,Lounge,http://tour-pedia.org/api/getPlaceDetails?id=83681,http://tour-pedia.org/api/getReviewsByPlaceId?placeId=83681
37 bis boulevard de la Chapelle,attraction,83699,48.884186132996,2.3593980259585,Paris,Les Bouffes du Nord,4adcda15f964a5208a3721e3,0,Theater,http://tour-pedia.org/api/getPlaceDetails?id=83699,http://tour-pedia.org/api/getReviewsByPlaceId?placeId=83699
16 Rue de Clichy,attraction,83701,48.87917420477,2.329278588295,Paris,Casino de Paris,4adcda15f964a520973721e3,0,Comedy Club,http://tour-pedia.org/api/getPlaceDetails?id=83701,http://tour-pedia.org/api/getReviewsByPlaceId?placeId=83701
8 Boulevard de Bercy,attraction,83702,48.838678645489,2.3784756660461,Paris,Palais Omnisports de Paris-Bercy,4adcda15f964a5209d3721e3,0,Music Venue,http://tour-pedia.org/api/getPlaceDetails?id=83702,http://tour-pedia.org/api/getReviewsByPlaceId?placeId=83702
50 Boulevard Voltaire,attraction,83703,48.863291913667,2.3708395078804,Paris,Le Bataclan,4adcda15f964a5209e3721e3,0,Concert Hall,http://tour-pedia.org/api/getPlaceDetails?id=83703,http://tour-pedia.org/api/getReviewsByPlaceId?placeId=83703
116 bis avenue des Champs-Élysées,attraction,83707,48.872160058854,2.3008204691911,Paris,Lido de Paris,4adcda15f964a520ab3721e3,0,Strip Club,http://tour-pedia.org/api/getPlaceDetails?id=83707,http://tour-pedia.org/api/getReviewsByPlaceId?placeId=83707
7 Place de la Rotonde,attraction,83708,48.862286802882,2.34459400177,Paris,UGC Ciné Cité Les Halles,4adcda15f964a520af3721e3,0,Multiplex,http://tour-pedia.org/api/getPlaceDetails?id=83708,http://tour-pedia.org/api/getReviewsByPlaceId?placeId=83708
28 Boulevard des Capucines,attraction,83718,48.87016665309,2.3284792900085,Paris,L'Olympia,4adcda15f964a520c53721e3,0,Concert Hall,http://tour-pedia.org/api/getPlaceDetails?id=83718,http://tour-pedia.org/api/getReviewsByPlaceId?placeId=83718
44 boulevard de Bonne Nouvelle,attraction,83719,48.870606199606,2.3488245589017,Paris,Théâtre du Gymnase,4adcda16f964a520023821e3,0,Theater,http://tour-pedia.org/api/getPlaceDetails?id=83719,http://tour-pedia.org/api/getReviewsByPlaceId?placeId=83719
Porte Dorée,attraction,83720,48.832230475784,2.4069285519883,Paris,Pelouse de Reuilly,4adcda16f964a520193821e3,0,Park,http://tour-pedia.org/api/getPlaceDetails?id=83720,http://tour-pedia.org/api/getReviewsByPlaceId?placeId=83720
66 Avenue des Gobelins,attraction,83724,48.832948365199,2.3543623584608,Paris,UGC Gobelins,4adcda16f964a520ce3721e3,0,Multiplex,http://tour-pedia.org/api/getPlaceDetails?id=83724,http://tour-pedia.org/api/getReviewsByPlaceId?placeId=83724
21 Rue Antoine-Julien Hénard,attraction,83732,48.842628178826,2.389682267891,Paris,Espace Reuilly,4adcda17f964a5204a3821e3,0,Concert Hall,http://tour-pedia.org/api/getPlaceDetails?id=83732,http://tour-pedia.org/api/getReviewsByPlaceId?placeId=83732
5 rue Biot,attraction,83733,48.883872883812,2.3267276963146,Paris,L'Européen,4adcda17f964a5204b3821e3,0,Music Venue,http://tour-pedia.org/api/getPlaceDetails?id=83733,http://tour-pedia.org/api/getReviewsByPlaceId?placeId=83733
80 Boulevard de Rochechouart,attraction,83735,48.882921,2.342936,Paris,Le Trianon,4adcda17f964a5204f3821e3,0,Concert Hall,http://tour-pedia.org/api/getPlaceDetails?id=83735,http://tour-pedia.org/api/getReviewsByPlaceId?placeId=83735
106 rue Brancion,attraction,83738,48.830705241378,2.3003915150381,Paris,Le Monfort Théâtre,4adcda17f964a5206c3821e3,0,Theater,http://tour-pedia.org/api/getPlaceDetails?id=83738,http://tour-pedia.org/api/getReviewsByPlaceId?placeId=83738
17 Boulevard Jourdan,attraction,83745,48.819114415509,2.3383283615112,Paris,Théâtre de la Cité Internationale,4adcda1af964a520cf3821e3,0,Theater,http://tour-pedia.org/api/getPlaceDetails?id=83745,http://tour-pedia.org/api/getReviewsByPlaceId?placeId=83745
30 Avenue Corentin Cariou,attraction,83748,48.89410912309,2.3931312561035,Paris,Le Zénith,4adcda1cf964a520043921e3,0,Concert Hall,http://tour-pedia.org/api/getPlaceDetails?id=83748,http://tour-pedia.org/api/getReviewsByPlaceId?placeId=83748
20 rue Théodore Deck,attraction,83749,48.837145845278,2.2890430445704,Paris,Le Théo-Théatre,4adcda1df964a5201f3921e3,0,Theater,http://tour-pedia.org/api/getPlaceDetails?id=83749,http://tour-pedia.org/api/getReviewsByPlaceId?placeId=83749
1 Place de la Porte de Versailles,attraction,83755,48.833094195461,2.286328520971,Paris,Palais des Sports,4adcda21f964a520003a21e3,0,Comedy Club,http://tour-pedia.org/api/getPlaceDetails?id=83755,http://tour-pedia.org/api/getReviewsByPlaceId?placeId=83755
119 Avenue Daumesnil,attraction,83756,48.844592092498,2.3827806144119,Paris,Viaduc des Arts,4adcda21f964a520fe3921e3,0,Bridge,http://tour-pedia.org/api/getPlaceDetails?id=83756,http://tour-pedia.org/api/getReviewsByPlaceId?placeId=83756
17 avenue d'Iéna,attraction,83758,48.866173067807,2.2944579342768,Paris,Goethe Institut,4adcda22f964a520163a21e3,0,Arts & Entertainment,http://tour-pedia.org/api/getPlaceDetails?id=83758,http://tour-pedia.org/api/getReviewsByPlaceId?placeId=83758
98 Quai de la Rapée,attraction,83761,48.846064450919,2.3675107955933,Paris,Salons Vianey,4adcda22f964a520293a21e3,0,Cocktail Bar,http://tour-pedia.org/api/getPlaceDetails?id=83761,http://tour-pedia.org/api/getReviewsByPlaceId?placeId=83761
23 rue du Simplon,attraction,83765,48.89436136496,2.3499011977541,Paris,Église Orthodoxe Serbe,4adcda22f964a520373a21e3,0,Church,http://tour-pedia.org/api/getPlaceDetails?id=83765,http://tour-pedia.org/api/getReviewsByPlaceId?placeId=83765
7 Avenue Paul Appell,attraction,83767,48.821367207266,2.327362464118,Paris,Centre Sportif Elisabeth,4adcda22f964a5203a3a21e3,0,Soccer Field,http://tour-pedia.org/api/getPlaceDetails?id=83767,http://tour-pedia.org/api/getReviewsByPlaceId?placeId=83767
21 quai François Mauriac,attraction,83776,48.836166521005,2.3756541248091,Paris,Piscine Joséphine Baker,4adcda23f964a520663a21e3,0,Pool,http://tour-pedia.org/api/getPlaceDetails?id=83776,http://tour-pedia.org/api/getReviewsByPlaceId?placeId=83776
"16, rue des Dames",attraction,83780,48.885085,2.325222,Paris,Lush Bar,4af1a870f964a520e9e121e3,0,Bar,http://tour-pedia.org/api/getPlaceDetails?id=83780,http://tour-pedia.org/api/getReviewsByPlaceId?placeId=83780
110 Boulevard de Clichy,attraction,83781,48.884444616735,2.3306465148926,Paris,Corcoran's,4af1a988f964a520f3e121e3,0,Pub,http://tour-pedia.org/api/getPlaceDetails?id=83781,http://tour-pedia.org/api/getReviewsByPlaceId?placeId=83781
163 avenue de Suffren,attraction,83784,48.845764962508,2.3098094894535,Paris,Le Cristal,4af1c0c3f964a520d2e221e3,0,Bar,http://tour-pedia.org/api/getPlaceDetails?id=83784,http://tour-pedia.org/api/getReviewsByPlaceId?placeId=83784
13 quai des Grands Augustins,attraction,83789,48.8540715,2.343848,Paris,Galway,4af2034af964a5201de521e3,0,Pub,http://tour-pedia.org/api/getPlaceDetails?id=83789,http://tour-pedia.org/api/getReviewsByPlaceId?placeId=83789
140 Rue du Bac,attraction,83792,48.850900880812,2.3235664108403,Paris,Chapelle Notre-Dame de la Médaille Miraculeuse,4af30bd2f964a52017ea21e3,0,Church,http://tour-pedia.org/api/getPlaceDetails?id=83792,http://tour-pedia.org/api/getReviewsByPlaceId?placeId=83792
80 Quai de Jemmapes,attraction,83793,48.872576587867,2.365665435791,Paris,Le Comptoir Général,4af31753f964a52092ea21e3,0,Bar,http://tour-pedia.org/api/getPlaceDetails?id=83793,http://tour-pedia.org/api/getReviewsByPlaceId?placeId=83793
74 rue de la Roquette,attraction,83794,48.855902944204,2.3752862345613,Paris,Les Furieux,4af327b6f964a5203feb21e3,0,Bar,http://tour-pedia.org/api/getPlaceDetails?id=83794,http://tour-pedia.org/api/getReviewsByPlaceId?placeId=83794
8 Boulevard Montmartre,attraction,83796,48.871615786505,2.3423790813692,Paris,Café Oz,4af35879f964a520c7ec21e3,0,Bar,http://tour-pedia.org/api/getPlaceDetails?id=83796,http://tour-pedia.org/api/getReviewsByPlaceId?placeId=83796
Place Gambetta,attraction,83797,48.864899147766,2.3984621465206,Paris,Place Gambetta,4af3ffa0f964a520caef21e3,0,Plaza,http://tour-pedia.org/api/getPlaceDetails?id=83797,http://tour-pedia.org/api/getReviewsByPlaceId?placeId=83797
"40, Rue de Clignancourt",attraction,83800,48.887048,2.3475959308034,Paris,La Chope du Château Rouge,4af45da8f964a520bcf121e3,0,Bar,http://tour-pedia.org/api/getPlaceDetails?id=83800,http://tour-pedia.org/api/getReviewsByPlaceId?placeId=83800
18 rue Alibert,attraction,83805,48.871718024516,2.36778651759,Paris,Le Carillon,4af58444f964a52088f921e3,0,Bar,http://tour-pedia.org/api/getPlaceDetails?id=83805,http://tour-pedia.org/api/getReviewsByPlaceId?placeId=83805
2 rue de Passy,attraction,83808,48.858557,2.284398,Paris,Le Passy,4af5fdcdf964a520e3ff21e3,0,Bar,http://tour-pedia.org/api/getPlaceDetails?id=83808,http://tour-pedia.org/api/getReviewsByPlaceId?placeId=83808
15 rue de Sévigné,attraction,83828,48.856357570993,2.3625755310059,Paris,Le Piment,4afdaebff964a520ca2922e3,0,Bar,http://tour-pedia.org/api/getPlaceDetails?id=83828,http://tour-pedia.org/api/getReviewsByPlaceId?placeId=83828
Place du Marché Saint-Honoré,attraction,83842,48.867299026062,2.3321071283936,Paris,Place du Marché Saint-Honoré,4b02f691f964a5207b4b22e3,0,Plaza,http://tour-pedia.org/api/getPlaceDetails?id=83842,http://tour-pedia.org/api/getReviewsByPlaceId?placeId=83842
Route des Lacs à Passy,attraction,83850,48.857487002645,2.262282371521,Paris,Piscine d'Auteuil,4b059139f964a52047df22e3,0,Pool,http://tour-pedia.org/api/getPlaceDetails?id=83850,http://tour-pedia.org/api/getReviewsByPlaceId?placeId=83850
33 Rue de Montreuil,attraction,83851,48.850497662889,2.3864671828427,Paris,Patrick's,4b059828f964a5209bdf22e3,0,Sports Bar,http://tour-pedia.org/api/getPlaceDetails?id=83851,http://tour-pedia.org/api/getReviewsByPlaceId?placeId=83851
10 rue de la Montagne Saint-Geneviève,attraction,83856,48.849119,2.348657,Paris,La Lucha Libre,4b06db70f964a52096f122e3,0,Sports Bar,http://tour-pedia.org/api/getPlaceDetails?id=83856,http://tour-pedia.org/api/getReviewsByPlaceId?placeId=83856
49 rue Jean-Pierre Timbaud,attraction,83857,48.866874416968,2.3738837242126,Paris,UFO Bar,4b06f4c6f964a5202bf422e3,0,Bar,http://tour-pedia.org/api/getPlaceDetails?id=83857,http://tour-pedia.org/api/getReviewsByPlaceId?placeId=83857
Place du Palais Royal,attraction,83860,48.86254795528,2.3367512226105,Paris,Place du Palais Royal,4b071505f964a520dcf622e3,0,Plaza,http://tour-pedia.org/api/getPlaceDetails?id=83860,http://tour-pedia.org/api/getReviewsByPlaceId?placeId=83860
11 Boulevard de Reuilly,attraction,83876,48.839142,2.390645,Paris,Les Caves de Reuilly,4b0a8e3af964a520112523e3,0,Wine Bar,http://tour-pedia.org/api/getPlaceDetails?id=83876,http://tour-pedia.org/api/getReviewsByPlaceId?placeId=83876
10 place de Mexico,attraction,83883,48.865666816585,2.2829873734157,Paris,Radisson Blu Le Metropolian Hotel,4b0c0017f964a520843523e3,0,Hotel,http://tour-pedia.org/api/getPlaceDetails?id=83883,http://tour-pedia.org/api/getReviewsByPlaceId?placeId=83883
146 Avenue des Champs-Élysées,attraction,83886,48.87309,2.298356,Paris,UGC George V,4b0e622cf964a5203f5723e3,0,Multiplex,http://tour-pedia.org/api/getPlaceDetails?id=83886,http://tour-pedia.org/api/getReviewsByPlaceId?placeId=83886
26 Pl. de la Nation,attraction,83889,48.847389044857,2.3967680098835,Paris,The Irish Corner,4b0f01d2f964a5200e5e23e3,0,Bar,http://tour-pedia.org/api/getPlaceDetails?id=83889,http://tour-pedia.org/api/getReviewsByPlaceId?placeId=83889
2 rue Valette,attraction,83892,48.848121658557,2.3471311769133,Paris,Le Saint Hilaire,4b0fc878f964a520dd6423e3,0,Bar,http://tour-pedia.org/api/getPlaceDetails?id=83892,http://tour-pedia.org/api/getReviewsByPlaceId?placeId=83892
Place des Abbesses,attraction,83899,48.884405813857,2.3385375738144,Paris,Place des Abbesses,4b115ed4f964a520157b23e3,0,Plaza,http://tour-pedia.org/api/getPlaceDetails?id=83899,http://tour-pedia.org/api/getReviewsByPlaceId?placeId=83899
32 rue des Moines,attraction,83900,48.889029,2.319552,Paris,Le Zinc Café,4b11854cf964a520637e23e3,0,Bar,http://tour-pedia.org/api/getPlaceDetails?id=83900,http://tour-pedia.org/api/getReviewsByPlaceId?placeId=83900
42 Rue du Montparnasse,attraction,83902,48.842784,2.326128,Paris,Falstaff,4b11a855f964a520908123e3,0,Pub,http://tour-pedia.org/api/getPlaceDetails?id=83902,http://tour-pedia.org/api/getReviewsByPlaceId?placeId=83902
37 Rue des Abbesses,attraction,83908,48.885113,2.337205,Paris,Le Vrai Paris,4b14da8df964a52009a723e3,0,Bar,http://tour-pedia.org/api/getPlaceDetails?id=83908,http://tour-pedia.org/api/getReviewsByPlaceId?placeId=83908
Pelouse de reuilly,attraction,83909,48.831090458945,2.4057047774644,Paris,Cirque Pinder,4b156f54f964a520d0ac23e3,0,Theme Park,http://tour-pedia.org/api/getPlaceDetails?id=83909,http://tour-pedia.org/api/getReviewsByPlaceId?placeId=83909
34 Rue Titon,attraction,83911,48.852908,2.386238,Paris,Café Titon,4b157c60f964a52090ad23e3,0,Bar,http://tour-pedia.org/api/getPlaceDetails?id=83911,http://tour-pedia.org/api/getReviewsByPlaceId?placeId=83911
Porte Molitor,attraction,83918,48.845259549865,2.2546863555908,Paris,Piscine Molitor,4b16b231f964a52030bc23e3,0,Gym Pool,http://tour-pedia.org/api/getPlaceDetails?id=83918,http://tour-pedia.org/api/getReviewsByPlaceId?placeId=83918
37 Rue Saint-Sauveur,attraction,83926,48.866100584708,2.3483388038034,Paris,Experimental Cocktail Club,4b181e1cf964a5203acd23e3,0,Cocktail Bar,http://tour-pedia.org/api/getPlaceDetails?id=83926,http://tour-pedia.org/api/getReviewsByPlaceId?placeId=83926
99 Boulevard Saint-Germain,attraction,83942,48.852253571013,2.3390780326889,Paris,UGC Danton,4b1bb4c6f964a520c6fc23e3,0,Movie Theater,http://tour-pedia.org/api/getPlaceDetails?id=83942,http://tour-pedia.org/api/getReviewsByPlaceId?placeId=83942
10 Rue Oberkampf,attraction,83958,48.863131208948,2.3684896342768,Paris,Le Kitch,4b1d8891f964a520d51124e3,0,Bar,http://tour-pedia.org/api/getPlaceDetails?id=83958,http://tour-pedia.org/api/getReviewsByPlaceId?placeId=83958
1 Boulevard Montmartre,attraction,83966,48.871419269109,2.3428773880005,Paris,O'Sullivans café bar,4b1e960ff964a5201c1c24e3,0,Pub,http://tour-pedia.org/api/getPlaceDetails?id=83966,http://tour-pedia.org/api/getReviewsByPlaceId?placeId=83966
16 rue des Bernardins,attraction,83973,48.850394342182,2.3507435796721,Paris,Curio Parlor,4b1eed41f964a520a42124e3,0,Cocktail Bar,http://tour-pedia.org/api/getPlaceDetails?id=83973,http://tour-pedia.org/api/getReviewsByPlaceId?placeId=83973
188 Rue de Rivoli,attraction,83981,48.863537028026,2.3329833070228,Paris,VIP Room,4b201104f964a520c82c24e3,0,Nightclub,http://tour-pedia.org/api/getPlaceDetails?id=83981,http://tour-pedia.org/api/getReviewsByPlaceId?placeId=83981
23 rue Mazarine,attraction,83997,48.854805823576,2.3379042779919,Paris,Prescription Cocktail Club,4b22eca6f964a5206c5024e3,0,Cocktail Bar,http://tour-pedia.org/api/getPlaceDetails?id=83997,http://tour-pedia.org/api/getReviewsByPlaceId?placeId=83997
14 rue Achille Martinet,attraction,84003,48.892171875072,2.3374335847743,Paris,Squash Montmartre,4b23d397f964a5208b5a24e3,0,Stadium,http://tour-pedia.org/api/getPlaceDetails?id=84003,http://tour-pedia.org/api/getReviewsByPlaceId?placeId=84003
15 Rue des Archives,attraction,84004,48.858155839296,2.3549157218693,Paris,Le Cox,4b23dd27f964a5207c5b24e3,0,Gay Bar,http://tour-pedia.org/api/getPlaceDetails?id=84004,http://tour-pedia.org/api/getReviewsByPlaceId?placeId=84004
Avenue du Polygone,attraction,84009,48.834682000827,2.4320444131042,Paris,Centre équestre Bayard-UCPA,4b24d28af964a520fe6924e3,0,Other Great Outdoors,http://tour-pedia.org/api/getPlaceDetails?id=84009,http://tour-pedia.org/api/getReviewsByPlaceId?placeId=84009
23 Avenue Simón Bolívar,attraction,84011,48.8748812,2.382555,Paris,Le Faitout,4b252c15f964a5205b6d24e3,0,Bar,http://tour-pedia.org/api/getPlaceDetails?id=84011,http://tour-pedia.org/api/getReviewsByPlaceId?placeId=84011
Place des Abbesses,attraction,84024,48.884767953576,2.3379048059763,Paris,Le Saint Jean,4b27ba0ef964a520028924e3,0,Bar,http://tour-pedia.org/api/getPlaceDetails?id=84024,http://tour-pedia.org/api/getReviewsByPlaceId?placeId=84024
120 Boulevard de Rochechouart,attraction,84026,48.882268711664,2.3402141051372,Paris,La Cigale,4b27d8f0f964a520178b24e3,0,Music Venue,http://tour-pedia.org/api/getPlaceDetails?id=84026,http://tour-pedia.org/api/getReviewsByPlaceId?placeId=84026
Place Charles de Gaulle,attraction,84033,48.873790332438,2.2950053215027,Paris,Place de l’Étoile,4b291899f964a5209f9824e3,0,Plaza,http://tour-pedia.org/api/getPlaceDetails?id=84033,http://tour-pedia.org/api/getReviewsByPlaceId?placeId=84033
8 Passage Josset,attraction,84042,48.852729230887,2.3765012839984,Paris,Le Motel,4b2aba3df964a5206eae24e3,0,Bar,http://tour-pedia.org/api/getPlaceDetails?id=84042,http://tour-pedia.org/api/getReviewsByPlaceId?placeId=84042
Place de Breteuil,attraction,84045,48.847278838552,2.3115813732147,Paris,Place de Breteuil,4b2b184ff964a52060b424e3,0,Plaza,http://tour-pedia.org/api/getPlaceDetails?id=84045,http://tour-pedia.org/api/getReviewsByPlaceId?placeId=84045
72 rue Falguière,attraction,84048,48.840376138687,2.3129439353943,Paris,Le Bréguet,4b2bee8cf964a520f5bd24e3,0,Pub,http://tour-pedia.org/api/getPlaceDetails?id=84048,http://tour-pedia.org/api/getReviewsByPlaceId?placeId=84048
8 Quai Saint-Exupery,attraction,84049,48.837393432343,2.2642135620117,Paris,Au Trinquet,4b2c145af964a52020c124e3,0,Beer Garden,http://tour-pedia.org/api/getPlaceDetails?id=84049,http://tour-pedia.org/api/getReviewsByPlaceId?placeId=84049
"133, Avenue Emile-Zola",attraction,84055,48.846856,2.293631,Paris,Le Cosmos,4b2ccc02f964a5205bc924e3,0,Bar,http://tour-pedia.org/api/getPlaceDetails?id=84055,http://tour-pedia.org/api/getReviewsByPlaceId?placeId=84055
13ème Arrondissement,attraction,84061,48.825340926227,2.3550676400071,Paris,13ème Arrondissement,4b2ce428f964a52062ca24e3,0,Neighborhood,http://tour-pedia.org/api/getPlaceDetails?id=84061,http://tour-pedia.org/api/getReviewsByPlaceId?placeId=84061
23 rue du Temple,attraction,84063,48.858771700171,2.3535418510437,Paris,Raidd Bar,4b2d105cf964a5206ecd24e3,0,Gay Bar,http://tour-pedia.org/api/getPlaceDetails?id=84063,http://tour-pedia.org/api/getReviewsByPlaceId?placeId=84063
23 bis Rue Las Cases,attraction,84071,48.858574056544,2.3193597793579,Paris,Basilique Sainte-Clotilde,4b2e27a0f964a5200add24e3,0,Church,http://tour-pedia.org/api/getPlaceDetails?id=84071,http://tour-pedia.org/api/getReviewsByPlaceId?placeId=84071
116 Avenue du Président Kennedy,attraction,84078,48.852524372329,2.2782468795776,Paris,Maison de Radio France,4b2f39a4f964a5204eea24e3,0,Radio Station,http://tour-pedia.org/api/getPlaceDetails?id=84078,http://tour-pedia.org/api/getReviewsByPlaceId?placeId=84078
6ème Arrondissement,attraction,84087,48.850935944336,2.3242950439453,Paris,6ème Arrondissement,4b312511f964a520130125e3,0,Neighborhood,http://tour-pedia.org/api/getPlaceDetails?id=84087,http://tour-pedia.org/api/getReviewsByPlaceId?placeId=84087
25 Rue de Mogador,attraction,84089,48.875293359031,2.3311722278595,Paris,Théâtre Mogador,4b3159a7f964a5203e0525e3,0,Theater,http://tour-pedia.org/api/getPlaceDetails?id=84089,http://tour-pedia.org/api/getReviewsByPlaceId?placeId=84089
Porte de Pantin,attraction,84092,48.88935449832,2.3922951020463,Paris,La Villette,4b32a2aff964a520901025e3,0,Neighborhood,http://tour-pedia.org/api/getPlaceDetails?id=84092,http://tour-pedia.org/api/getReviewsByPlaceId?placeId=84092
"40, rue Jean de La Fontaine",attraction,84100,48.852189,2.270246,Paris,Apprentis d'Auteuil - Siège social,4b37b0f7f964a5206a4425e3,0,Office,http://tour-pedia.org/api/getPlaceDetails?id=84100,http://tour-pedia.org/api/getReviewsByPlaceId?placeId=84100
81 Avenue Gambetta,attraction,84108,48.865041,2.398658,Paris,Café Gambetta,4b3a66c7f964a520716625e3,0,Bar,http://tour-pedia.org/api/getPlaceDetails?id=84108,http://tour-pedia.org/api/getReviewsByPlaceId?placeId=84108
16 rue de la Butte-aux-Cailles,attraction,84115,48.8279062549,2.3511000924898,Paris,Sputnik,4b3ba3f9f964a520bf7725e3,0,Bar,http://tour-pedia.org/api/getPlaceDetails?id=84115,http://tour-pedia.org/api/getReviewsByPlaceId?placeId=84115
88 Rue de Ménilmontant,attraction,84119,48.86876308,2.391759,Paris,La Miroiterie,4b3d05b8f964a5201e8c25e3,0,Performing Arts Venue,http://tour-pedia.org/api/getPlaceDetails?id=84119,http://tour-pedia.org/api/getReviewsByPlaceId?placeId=84119
126 rue Oberkampf,attraction,84120,48.866327,2.379881,Paris,Le styx,4b3d3527f964a520479025e3,0,Bar,http://tour-pedia.org/api/getPlaceDetails?id=84120,http://tour-pedia.org/api/getReviewsByPlaceId?placeId=84120
Rue Francoeur,attraction,84127,48.889758,2.342694,Paris,Café Francoeur,4b3f1888f964a520f8a325e3,0,Cocktail Bar,http://tour-pedia.org/api/getPlaceDetails?id=84127,http://tour-pedia.org/api/getReviewsByPlaceId?placeId=84127
Place Saint-Fargeau,attraction,84128,48.871616862012,2.4041390419006,Paris,Place Saint-Fargeau,4b3f3cbdf964a520d4a425e3,0,Plaza,http://tour-pedia.org/api/getPlaceDetails?id=84128,http://tour-pedia.org/api/getReviewsByPlaceId?placeId=84128
15 rue de la Butte aux Cailles,attraction,84132,48.827721,2.349955,Paris,Chez Michel,4b3f6d38f964a520b5a625e3,0,Bar,http://tour-pedia.org/api/getPlaceDetails?id=84132,http://tour-pedia.org/api/getReviewsByPlaceId?placeId=84132
2 Impasse Saint-Eustache,attraction,84133,48.863465506953,2.3450714349747,Paris,Église Saint-Eustache,4b3f87e1f964a52082a825e3,0,Church,http://tour-pedia.org/api/getPlaceDetails?id=84133,http://tour-pedia.org/api/getReviewsByPlaceId?placeId=84133
57 bis rue de Babylone,attraction,84134,48.851786,2.316447,Paris,Etoile Pagode,4b3fac18f964a520cfab25e3,0,Indie Movie Theater,http://tour-pedia.org/api/getPlaceDetails?id=84134,http://tour-pedia.org/api/getReviewsByPlaceId?placeId=84134
Place des Victoires,attraction,84138,48.865741668283,2.341160774231,Paris,Place des Victoires,4b408661f964a520bbb825e3,0,Plaza,http://tour-pedia.org/api/getPlaceDetails?id=84138,http://tour-pedia.org/api/getReviewsByPlaceId?placeId=84138
"25, rue Corentin Cariou",attraction,84139,48.897014,2.384871,Paris,Les pierres qui roulent,4b408925f964a520cfb825e3,0,Bar,http://tour-pedia.org/api/getPlaceDetails?id=84139,http://tour-pedia.org/api/getReviewsByPlaceId?placeId=84139
21 quai de Montebello,attraction,84146,48.852289685788,2.348163003051,Paris,Cafe Panis,4b42e8acf964a520dbda25e3,0,Bar,http://tour-pedia.org/api/getPlaceDetails?id=84146,http://tour-pedia.org/api/getReviewsByPlaceId?placeId=84146
32 Avenue des Champs-Élysees,attraction,84152,48.869780458602,2.3081312752909,Paris,Unisex,4b44e42df964a5206dff25e3,0,Cocktail Bar,http://tour-pedia.org/api/getPlaceDetails?id=84152,http://tour-pedia.org/api/getReviewsByPlaceId?placeId=84152
3 Place Saint Michel,attraction,84155,48.853412,2.34427,Paris,Saint Séverin,4b44eb9cf964a520d3ff25e3,0,Lounge,http://tour-pedia.org/api/getPlaceDetails?id=84155,http://tour-pedia.org/api/getReviewsByPlaceId?placeId=84155
46 rue du Faubourg Saint-Denis,attraction,84166,48.87156,2.353579,Paris,Le Mauri'7,4b463eadf964a5204c1b26e3,0,Bar,http://tour-pedia.org/api/getPlaceDetails?id=84166,http://tour-pedia.org/api/getReviewsByPlaceId?placeId=84166
153 rue du Chevaleret,attraction,84173,48.832583,2.371197,Paris,Shannon River,4b466390f964a520761f26e3,0,Pub,http://tour-pedia.org/api/getPlaceDetails?id=84173,http://tour-pedia.org/api/getReviewsByPlaceId?placeId=84173
53 Rue du Faubourg Saint-Antoine,attraction,84184,48.852121975337,2.3726177215576,Paris,Corcoran's,4b4882e5f964a520754e26e3,0,Pub,http://tour-pedia.org/api/getPlaceDetails?id=84184,http://tour-pedia.org/api/getReviewsByPlaceId?placeId=84184
Place de Clichy,attraction,84187,48.883456897747,2.3273420333862,Paris,Place de Clichy,4b4892d4f964a5209a4f26e3,0,Plaza,http://tour-pedia.org/api/getPlaceDetails?id=84187,http://tour-pedia.org/api/getReviewsByPlaceId?placeId=84187
1 Place Colette,attraction,84191,48.863487191664,2.3356486247149,Paris,La Comédie-Française,4b48b4b0f964a5207c5326e3,0,Theater,http://tour-pedia.org/api/getPlaceDetails?id=84191,http://tour-pedia.org/api/getReviewsByPlaceId?placeId=84191
Cour de Rome,attraction,84192,48.875582668827,2.3242735862732,Paris,Cour de Rome,4b48c67ff964a520705626e3,0,Plaza,http://tour-pedia.org/api/getPlaceDetails?id=84192,http://tour-pedia.org/api/getReviewsByPlaceId?placeId=84192
7 Rue Sainte-Croix de la Bretonnerie,attraction,84194,48.857956,2.356663,Paris,La Panfoulia,4b491047f964a520466426e3,0,Bar,http://tour-pedia.org/api/getPlaceDetails?id=84194,http://tour-pedia.org/api/getReviewsByPlaceId?placeId=84194
Place de la République,attraction,84196,48.86738255758,2.3639273643494,Paris,Place de la République,4b49bbf0f964a520fa7226e3,0,Plaza,http://tour-pedia.org/api/getPlaceDetails?id=84196,http://tour-pedia.org/api/getReviewsByPlaceId?placeId=84196
Rue Dénoyez,attraction,84197,48.87207822115,2.3783903594526,Paris,Street Art - Rue Dénoyez,4b49c699f964a520777326e3,0,Public Art,http://tour-pedia.org/api/getPlaceDetails?id=84197,http://tour-pedia.org/api/getReviewsByPlaceId?placeId=84197
27 Rue de Cotte,attraction,84202,48.850129,2.378135,Paris,Le Troll Café,4b49fffff964a5208e7726e3,0,Bar,http://tour-pedia.org/api/getPlaceDetails?id=84202,http://tour-pedia.org/api/getReviewsByPlaceId?placeId=84202
74 Rue des Martyrs,attraction,84206,48.882158723123,2.3395299911499,Paris,La Fourmi,4b4a4e60f964a520358326e3,0,Bar,http://tour-pedia.org/api/getPlaceDetails?id=84206,http://tour-pedia.org/api/getReviewsByPlaceId?placeId=84206
59 boulevard de Montparnasse,attraction,84233,48.843920219757,2.3231713043,Paris,La Marine,4b4c80b9f964a520a3b426e3,0,Bar,http://tour-pedia.org/api/getPlaceDetails?id=84233,http://tour-pedia.org/api/getReviewsByPlaceId?placeId=84233
60 Rue de Bassano,attraction,84235,48.871659203246,2.3003911972046,Paris,Espace Culturel Louis Vuitton,4b4cd5eef964a520eac026e3,0,Art Gallery,http://tour-pedia.org/api/getPlaceDetails?id=84235,http://tour-pedia.org/api/getReviewsByPlaceId?placeId=84235
88 rue Lepic,attraction,84237,48.8873343,2.336192,Paris,Autour du Moulin,4b4cfe16f964a520f2c626e3,0,Bar,http://tour-pedia.org/api/getPlaceDetails?id=84237,http://tour-pedia.org/api/getReviewsByPlaceId?placeId=84237
48 rue Baron Le Roy,attraction,84250,48.833971457127,2.3888372236963,Paris,Ecole du vin,4b4e4116f964a52004e726e3,0,Wine Bar,http://tour-pedia.org/api/getPlaceDetails?id=84250,http://tour-pedia.org/api/getReviewsByPlaceId?placeId=84250
4 Boulevard Malesherbes,attraction,84254,48.870544205445,2.3234367370605,Paris,Le Forvm,4b4f3c82f964a52055fe26e3,0,Cocktail Bar,http://tour-pedia.org/api/getPlaceDetails?id=84254,http://tour-pedia.org/api/getReviewsByPlaceId?placeId=84254
Pl. Octave Chanute,attraction,84270,48.866521,2.406241,Paris,Le Country Bar,4b5070bdf964a520582327e3,0,Bar,http://tour-pedia.org/api/getPlaceDetails?id=84270,http://tour-pedia.org/api/getReviewsByPlaceId?placeId=84270
13 rue de la Butte aux Cailles,attraction,84278,48.827721725,2.350179,Paris,La Taverne de la Butte,4b50dac2f964a5206f3527e3,0,Bar,http://tour-pedia.org/api/getPlaceDetails?id=84278,http://tour-pedia.org/api/getReviewsByPlaceId?placeId=84278
6 rue Hermann Lachapelle,attraction,84281,48.89436180283,2.3494134727097,Paris,Piscine des Amiraux,4b50f73ff964a520f33a27e3,0,Pool,http://tour-pedia.org/api/getPlaceDetails?id=84281,http://tour-pedia.org/api/getReviewsByPlaceId?placeId=84281
32 rue Edouard Pailleron,attraction,84285,48.880961685547,2.3777353381259,Paris,Piscine Edouard Pailleron,4b51a69cf964a520b15127e3,0,Pool,http://tour-pedia.org/api/getPlaceDetails?id=84285,http://tour-pedia.org/api/getReviewsByPlaceId?placeId=84285
61 rue Réaumur,attraction,84287,48.866758346556,2.350961,Paris,Café Lazar,4b51be5df964a520265427e3,0,Bar,http://tour-pedia.org/api/getPlaceDetails?id=84287,http://tour-pedia.org/api/getReviewsByPlaceId?placeId=84287
307 Rue du Faubourg Saint-Antoine,attraction,84296,48.848909895525,2.3927144414822,Paris,Extra Old Café,4b52402ff964a520c47227e3,0,Bar,http://tour-pedia.org/api/getPlaceDetails?id=84296,http://tour-pedia.org/api/getReviewsByPlaceId?placeId=84296
168 Boulevard Diderot,attraction,84297,48.847854250315,2.3927664756775,Paris,La Mère Pouchet,4b5241cbf964a5201f7327e3,0,Bar,http://tour-pedia.org/api/getPlaceDetails?id=84297,http://tour-pedia.org/api/getReviewsByPlaceId?placeId=84297
Route Ronde des Minimes,attraction,84298,48.836447155434,2.4568176269531,Paris,Lac des Minimes,4b524359f964a520907327e3,0,Lake,http://tour-pedia.org/api/getPlaceDetails?id=84298,http://tour-pedia.org/api/getReviewsByPlaceId?placeId=84298
23 rue des Bernardins,attraction,84301,48.849162,2.350288,Paris,Église Saint-Nicolas du Chardonnet,4b530376f964a520958c27e3,0,Church,http://tour-pedia.org/api/getPlaceDetails?id=84301,http://tour-pedia.org/api/getReviewsByPlaceId?placeId=84301
Bois de Vincennes,attraction,84305,48.822272733164,2.4446794944814,Paris,Ferme Georges-Ville - Ferme de Paris,4b53273df964a520749027e3,0,Farm,http://tour-pedia.org/api/getPlaceDetails?id=84305,http://tour-pedia.org/api/getReviewsByPlaceId?placeId=84305
2-16 rue des Cévennes,attraction,84317,48.84416670305,2.2764113365477,Paris,Studios Rive Gauche,4b547d43f964a5202cbd27e3,0,Auditorium,http://tour-pedia.org/api/getPlaceDetails?id=84317,http://tour-pedia.org/api/getReviewsByPlaceId?placeId=84317
Pyramide,attraction,84325,48.833858201631,2.4411686449409,Paris,Faluere Paris Tennis,4b559677f964a52040e827e3,0,Tennis,http://tour-pedia.org/api/getPlaceDetails?id=84325,http://tour-pedia.org/api/getReviewsByPlaceId?placeId=84325
1 Rue Ramey,attraction,84331,48.886953149323,2.3476779003661,Paris,Au Clair de Lune,4b55fe1df964a520d5fa27e3,0,Bar,http://tour-pedia.org/api/getPlaceDetails?id=84331,http://tour-pedia.org/api/getReviewsByPlaceId?placeId=84331
149 boulevard Voltaire,attraction,84338,48.85546812563,2.3842692375183,Paris,Café Léopard,4b56c775f964a520051b28e3,0,Bar,http://tour-pedia.org/api/getPlaceDetails?id=84338,http://tour-pedia.org/api/getReviewsByPlaceId?placeId=84338
103 rue Julien Lacroix,attraction,84368,48.873050848782,2.3819764147866,Paris,Culture Rapide,4b59a24df964a5200c9028e3,0,Bar,http://tour-pedia.org/api/getPlaceDetails?id=84368,http://tour-pedia.org/api/getReviewsByPlaceId?placeId=84368
Rue Daguerre,attraction,84380,48.833801,2.330194,Paris,La Chope Daguerre,4b5a1001f964a520ddaa28e3,0,Brewery,http://tour-pedia.org/api/getPlaceDetails?id=84380,http://tour-pedia.org/api/getReviewsByPlaceId?placeId=84380
184 rue Saint-Jacques,attraction,84393,48.846189185881,2.3429845694717,Paris,Wide Open Spaces Bar,4b5b3fd2f964a5204aee28e3,0,Pub,http://tour-pedia.org/api/getPlaceDetails?id=84393,http://tour-pedia.org/api/getReviewsByPlaceId?placeId=84393
11 Rue de la Butte aux Cailles,attraction,84397,48.827778,2.350402,Paris,Le Merle Moqueur,4b5b95c0f964a520f00829e3,0,Bar,http://tour-pedia.org/api/getPlaceDetails?id=84397,http://tour-pedia.org/api/getReviewsByPlaceId?placeId=84397
108 boulevard de Belleville,attraction,84427,48.870417178803,2.3780250549316,Paris,La Cantine de Belleville,4b5e357af964a520d48329e3,0,Bar,http://tour-pedia.org/api/getPlaceDetails?id=84427,http://tour-pedia.org/api/getReviewsByPlaceId?placeId=84427
3 avenue des Gobelins,attraction,84429,48.838371,2.350669,Paris,Verse Toujours,4b5ea484f964a520b89429e3,0,Bar,http://tour-pedia.org/api/getPlaceDetails?id=84429,http://tour-pedia.org/api/getReviewsByPlaceId?placeId=84429
33 Avenue du Maine,attraction,84448,48.842138670827,2.3221492767334,Paris,Montparnasse 56,4b5f3d50f964a52066af29e3,0,Scenic Lookout,http://tour-pedia.org/api/getPlaceDetails?id=84448,http://tour-pedia.org/api/getReviewsByPlaceId?placeId=84448
Place Cambronne,attraction,84453,48.847900141766,2.3016464710236,Paris,Place Cambronne,4b600654f964a5208ed329e3,0,Plaza,http://tour-pedia.org/api/getPlaceDetails?id=84453,http://tour-pedia.org/api/getReviewsByPlaceId?placeId=84453
,attraction,84464,48.84685171082,2.2854906871794,Paris,Linois,4b609fb6f964a520e4f029e3,0,Brewery,http://tour-pedia.org/api/getPlaceDetails?id=84464,http://tour-pedia.org/api/getReviewsByPlaceId?placeId=84464
Quai de Valmy,attraction,84496,48.871094650503,2.3655366897583,Paris,Canal Saint-Martin,4b62faecf964a520ff5b2ae3,0,River,http://tour-pedia.org/api/getPlaceDetails?id=84496,http://tour-pedia.org/api/getReviewsByPlaceId?placeId=84496
23 boulevard Poissonnière,attraction,84498,48.871389028809,2.344156996193,Paris,Corcoran's,4b63227df964a5208f652ae3,0,Pub,http://tour-pedia.org/api/getPlaceDetails?id=84498,http://tour-pedia.org/api/getReviewsByPlaceId?placeId=84498
120 Rue de Lyon,attraction,84500,48.851944,2.370556,Paris,Opéra Bastille,4b6336adf964a5200c6b2ae3,0,Opera House,http://tour-pedia.org/api/getPlaceDetails?id=84500,http://tour-pedia.org/api/getReviewsByPlaceId?placeId=84500
100 Rue Legendre,attraction,84501,48.887520875756,2.3203034970657,Paris,La Legende,4b633791f964a5204a6b2ae3,0,Bar,http://tour-pedia.org/api/getPlaceDetails?id=84501,http://tour-pedia.org/api/getReviewsByPlaceId?placeId=84501
75 avenue de Saint-Ouen,attraction,84503,48.892475,2.327377,Paris,Le Bar belge,4b633feaf964a5207d6d2ae3,0,Bar,http://tour-pedia.org/api/getPlaceDetails?id=84503,http://tour-pedia.org/api/getReviewsByPlaceId?placeId=84503
Rue de la Pompe,attraction,84519,48.862725348933,2.2784705361818,Paris,Rue de la Pompe,4b645c6bf964a52042ad2ae3,0,Other Great Outdoors,http://tour-pedia.org/api/getPlaceDetails?id=84519,http://tour-pedia.org/api/getReviewsByPlaceId?placeId=84519
105 Rue Oberkampf,attraction,84526,48.865866942374,2.3775234818459,Paris,La Place Verte,4b64b68ef964a5206cca2ae3,0,Bar,http://tour-pedia.org/api/getPlaceDetails?id=84526,http://tour-pedia.org/api/getReviewsByPlaceId?placeId=84526
79 rue de la Jonquière,attraction,84529,48.894292519017,2.3193597793579,Paris,Piscine Bernard Lafay,4b655441f964a5206fed2ae3,0,Pool,http://tour-pedia.org/api/getPlaceDetails?id=84529,http://tour-pedia.org/api/getReviewsByPlaceId?placeId=84529
103 Rue de Belleville,attraction,84536,48.874492,2.3863129321991,Paris,Le Bariolé,4b65be3af964a520fffc2ae3,0,Bar,http://tour-pedia.org/api/getPlaceDetails?id=84536,http://tour-pedia.org/api/getReviewsByPlaceId?placeId=84536
29 avenue Mac Mahon,attraction,84547,48.877466736588,2.2945150374067,Paris,Warner Chappell Music France,4b66e301f964a520d52e2be3,0,Office,http://tour-pedia.org/api/getPlaceDetails?id=84547,http://tour-pedia.org/api/getReviewsByPlaceId?placeId=84547
Rue de la Goutte d'Or,attraction,84551,48.8854953312,2.3544740253764,Paris,La Goutte d'Or,4b6779d6f964a5203a512be3,0,Neighborhood,http://tour-pedia.org/api/getPlaceDetails?id=84551,http://tour-pedia.org/api/getReviewsByPlaceId?placeId=84551
134 Rue Marcadet,attraction,84580,48.891329887076,2.3393797874451,Paris,La Cave Café,4b6a052df964a5203bc22be3,0,Wine Bar,http://tour-pedia.org/api/getPlaceDetails?id=84580,http://tour-pedia.org/api/getReviewsByPlaceId?placeId=84580
257 rue de Vaugirard,attraction,84581,48.839921900768,2.3031868789866,Paris,Novotel Paris Vaugirard Montparnasse,4b6a1fb3f964a520f0c82be3,0,Hotel,http://tour-pedia.org/api/getPlaceDetails?id=84581,http://tour-pedia.org/api/getReviewsByPlaceId?placeId=84581
11 Rue Payenne,attraction,84593,48.858303348474,2.3619621581951,Paris,Institut Suédois | Svenska Institutet i Paris,4b6af5d6f964a5200ee92be3,0,Art Museum,http://tour-pedia.org/api/getPlaceDetails?id=84593,http://tour-pedia.org/api/getReviewsByPlaceId?placeId=84593
4bis Rue Neuve Popincourt,attraction,84616,48.864420803041,2.3740906711911,Paris,Udo Bar,4b6c6d58f964a52041392ce3,0,Bar,http://tour-pedia.org/api/getPlaceDetails?id=84616,http://tour-pedia.org/api/getReviewsByPlaceId?placeId=84616
12 Rue Victor Letalle,attraction,84620,48.867278128659,2.3852728798539,Paris,La Féline,4b6cabadf964a520f04a2ce3,0,Bar,http://tour-pedia.org/api/getPlaceDetails?id=84620,http://tour-pedia.org/api/getReviewsByPlaceId?placeId=84620
17 rue Blomet,attraction,84624,48.84331745962,2.3075873941124,Paris,Piscine Blomet,4b6d3e3ff964a520356d2ce3,0,Pool,http://tour-pedia.org/api/getPlaceDetails?id=84624,http://tour-pedia.org/api/getReviewsByPlaceId?placeId=84624
40 Rue du Commandant René Mouchotte,attraction,84627,48.837915995512,2.3185014724731,Paris,Hotel Concorde Montparnasse,4b6d4ec6f964a5205c702ce3,0,Hotel,http://tour-pedia.org/api/getPlaceDetails?id=84627,http://tour-pedia.org/api/getReviewsByPlaceId?placeId=84627
1 Rue de Babylone,attraction,84631,48.851303298044,2.3257434219028,Paris,Square Boucicaut,4b6d8ff1f964a520c87c2ce3,0,Garden,http://tour-pedia.org/api/getPlaceDetails?id=84631,http://tour-pedia.org/api/getReviewsByPlaceId?placeId=84631
Place de la Madeleine,attraction,84632,48.86933743932,2.3239517211914,Paris,Place de la Madeleine,4b6d9095f964a520e37c2ce3,0,Plaza,http://tour-pedia.org/api/getPlaceDetails?id=84632,http://tour-pedia.org/api/getReviewsByPlaceId?placeId=84632
53 Rue Notre-Dame-des-Champs,attraction,84635,48.844241181999,2.3303175799638,Paris,Théâtre Lucernaire,4b6dba22f964a5200a8a2ce3,0,Theater,http://tour-pedia.org/api/getPlaceDetails?id=84635,http://tour-pedia.org/api/getReviewsByPlaceId?placeId=84635
194-198 Rue du Faubourg Saint-Antoine,attraction,84644,48.850120603882,2.3843783126505,Paris,Le Bidule,4b6ec0d1f964a5200dc92ce3,0,Bar,http://tour-pedia.org/api/getPlaceDetails?id=84644,http://tour-pedia.org/api/getReviewsByPlaceId?placeId=84644
Place de la Porte d'Auteuil,attraction,84672,48.847886021324,2.2583341598511,Paris,Porte d'Auteuil,4b70630df964a52021172de3,0,Plaza,http://tour-pedia.org/api/getPlaceDetails?id=84672,http://tour-pedia.org/api/getReviewsByPlaceId?placeId=84672
158 rue Oberkampf,attraction,84690,48.866934,2.38224,Paris,Café de Paris,4b71c55bf964a520805b2de3,0,Bar,http://tour-pedia.org/api/getPlaceDetails?id=84690,http://tour-pedia.org/api/getReviewsByPlaceId?placeId=84690
99 rue Jean-Pierre Timbaud,attraction,84691,48.868643471429,2.380091,Paris,L'Assassin,4b71c629f964a520b05b2de3,0,Bar,http://tour-pedia.org/api/getPlaceDetails?id=84691,http://tour-pedia.org/api/getReviewsByPlaceId?placeId=84691
72 bis rue Jean-Pierre Timbaud,attraction,84693,48.867222709476,2.3755761913615,Paris,L'Orange Mécanique,4b71e64ff964a520f3622de3,0,Bar,http://tour-pedia.org/api/getPlaceDetails?id=84693,http://tour-pedia.org/api/getReviewsByPlaceId?placeId=84693
"46, Boulevard Voltaire",attraction,84694,48.863524578175,2.3706994602974,Paris,Apérock Café,4b71f162f964a520a0652de3,0,Bar,http://tour-pedia.org/api/getPlaceDetails?id=84694,http://tour-pedia.org/api/getReviewsByPlaceId?placeId=84694
33 Avenue George V,attraction,84703,48.869118665737,2.3007130622864,Paris,"Prince de Galles, Paris",4b730be2f964a520f4972de3,0,Hotel,http://tour-pedia.org/api/getPlaceDetails?id=84703,http://tour-pedia.org/api/getReviewsByPlaceId?placeId=84703
10 rue du Champs de Mars,attraction,84715,48.856535811119,2.3059111833572,Paris,Hotel du Cadran,4b74008df964a52048c32de3,0,Hotel,http://tour-pedia.org/api/getPlaceDetails?id=84715,http://tour-pedia.org/api/getReviewsByPlaceId?placeId=84715
Porte de la Muette,attraction,84719,48.863184474776,2.2679024632819,Paris,Porte de la Muette,4b744901f964a52090d22de3,0,Plaza,http://tour-pedia.org/api/getPlaceDetails?id=84719,http://tour-pedia.org/api/getReviewsByPlaceId?placeId=84719
7 Quai de la Loire,attraction,84720,48.884134,2.372092,Paris,MK2 Quai de Loire,4b744f87f964a5204fd42de3,0,Multiplex,http://tour-pedia.org/api/getPlaceDetails?id=84720,http://tour-pedia.org/api/getReviewsByPlaceId?placeId=84720
15 rue du Départ,attraction,84727,48.842576452916,2.3238658905029,Paris,The Financier,4b74797bf964a520c2de2de3,0,Sports Bar,http://tour-pedia.org/api/getPlaceDetails?id=84727,http://tour-pedia.org/api/getReviewsByPlaceId?placeId=84727
90 boulevard de l'Hôpital,attraction,84728,48.836648,2.359216,Paris,La Ménagerie,4b7479e9f964a520d6de2de3,0,Bar,http://tour-pedia.org/api/getPlaceDetails?id=84728,http://tour-pedia.org/api/getReviewsByPlaceId?placeId=84728
67 quai de Seine,attraction,84733,48.887955781608,2.3772163150289,Paris,Café Le Bastringue,4b757183f964a520d10c2ee3,0,Bar,http://tour-pedia.org/api/getPlaceDetails?id=84733,http://tour-pedia.org/api/getReviewsByPlaceId?placeId=84733
"54, avenue de Saint-Mandé",attraction,84747,48.84487876,2.4025297164917,Paris,Café Cosy,4b76754af964a5202c4d2ee3,0,Bar,http://tour-pedia.org/api/getPlaceDetails?id=84747,http://tour-pedia.org/api/getReviewsByPlaceId?placeId=84747
200 Quai de Valmy,attraction,84761,48.881255625249,2.3688840866089,Paris,Point Éphémère,4b7728aef964a5206c832ee3,0,Bar,http://tour-pedia.org/api/getPlaceDetails?id=84761,http://tour-pedia.org/api/getReviewsByPlaceId?placeId=84761
43 Avenue Bugeaud,attraction,84766,48.870321459552,2.2799030474998,Paris,St James Club,4b77f147f964a52097af2ee3,0,Hotel Bar,http://tour-pedia.org/api/getPlaceDetails?id=84766,http://tour-pedia.org/api/getReviewsByPlaceId?placeId=84766
Jardin des Plantes,attraction,84770,48.844828851883,2.3602902889252,Paris,Ménagerie du Jardin des Plantes,4b7806c7f964a52099b22ee3,0,Zoo,http://tour-pedia.org/api/getPlaceDetails?id=84770,http://tour-pedia.org/api/getReviewsByPlaceId?placeId=84770
16 Rue de la Forge Royale,attraction,84776,48.851477,2.380415,Paris,Le Réservoir,4b7856dff964a520aac62ee3,0,Rock Club,http://tour-pedia.org/api/getPlaceDetails?id=84776,http://tour-pedia.org/api/getReviewsByPlaceId?placeId=84776
12-14 rue Joseph-de-Maistre,attraction,84781,48.886540170346,2.3331728066489,Paris,Terrass Hotel‎,4b7924fef964a520dcec2ee3,0,Hotel,http://tour-pedia.org/api/getPlaceDetails?id=84781,http://tour-pedia.org/api/getReviewsByPlaceId?placeId=84781
22 rue des Dames,attraction,84814,48.884824,2.32467,Paris,Les Caves Populaires,4b7aec45f964a5204e462fe3,0,Wine Bar,http://tour-pedia.org/api/getPlaceDetails?id=84814,http://tour-pedia.org/api/getReviewsByPlaceId?placeId=84814
2 rue Cambronne,attraction,84818,48.847292959165,2.3015928268433,Paris,Ibis Tour Eiffel,4b7b7a3bf964a520f6642fe3,0,Hotel,http://tour-pedia.org/api/getPlaceDetails?id=84818,http://tour-pedia.org/api/getReviewsByPlaceId?placeId=84818
68 Quai de la Loire,attraction,84846,48.886625857532,2.3769920049269,Paris,BarOurcq,4b7d76ecf964a5202cc02fe3,0,Cocktail Bar,http://tour-pedia.org/api/getPlaceDetails?id=84846,http://tour-pedia.org/api/getReviewsByPlaceId?placeId=84846
5 passage des Taillandiers,attraction,84849,48.853949773871,2.3744881226437,Paris,Studio Harmonic,4b7d8803f964a520dcc42fe3,0,Dance Studio,http://tour-pedia.org/api/getPlaceDetails?id=84849,http://tour-pedia.org/api/getReviewsByPlaceId?placeId=84849
Place du Châtelet,attraction,84851,48.857539944129,2.3473030328751,Paris,Place du Châtelet,4b7d977ef964a5209fc82fe3,0,Plaza,http://tour-pedia.org/api/getPlaceDetails?id=84851,http://tour-pedia.org/api/getReviewsByPlaceId?placeId=84851
Pont de l'Alma,attraction,84857,48.863472564978,2.301721572876,Paris,Pont de l'Alma,4b7e3eb1f964a5201ae72fe3,0,Bridge,http://tour-pedia.org/api/getPlaceDetails?id=84857,http://tour-pedia.org/api/getReviewsByPlaceId?placeId=84857
110 Bis Avenue Kléber,attraction,84870,48.864630067544,2.2883319854736,Paris,Frog XVI,4b7f1482f964a520031530e3,0,Pub,http://tour-pedia.org/api/getPlaceDetails?id=84870,http://tour-pedia.org/api/getReviewsByPlaceId?placeId=84870
65 Rue Jean-Baptiste Pigalle,attraction,84871,48.881185070041,2.3361611366272,Paris,Le Sans Souci,4b7f1c49f964a520381730e3,0,Bar,http://tour-pedia.org/api/getPlaceDetails?id=84871,http://tour-pedia.org/api/getReviewsByPlaceId?placeId=84871
Rue de Mouzaïa,attraction,84884,48.880496461845,2.3946185636436,Paris,La Mouzaïa,4b8028f5f964a520da5730e3,0,Scenic Lookout,http://tour-pedia.org/api/getPlaceDetails?id=84884,http://tour-pedia.org/api/getReviewsByPlaceId?placeId=84884
,attraction,84912,48.884502782208,2.3432763032764,Paris,LeMonmartre,4b829a5af964a5204cda30e3,0,Neighborhood,http://tour-pedia.org/api/getPlaceDetails?id=84912,http://tour-pedia.org/api/getReviewsByPlaceId?placeId=84912
6 place du Colonel Fabien,attraction,84925,48.877963,2.370754,Paris,Café des Dames,4b8387e0f964a520ea0831e3,0,Bar,http://tour-pedia.org/api/getPlaceDetails?id=84925,http://tour-pedia.org/api/getReviewsByPlaceId?placeId=84925
48 rue la Boétie,attraction,84942,48.873956231886,2.3131628217196,Paris,Fédération Nationale du Crédit Agricole,4b855fa0f964a520c25931e3,0,Auditorium,http://tour-pedia.org/api/getPlaceDetails?id=84942,http://tour-pedia.org/api/getReviewsByPlaceId?placeId=84942
45 boulevard Raspail,attraction,84949,48.851190096202,2.327127456665,Paris,Bar du Lutetia,4b86a7bff964a520889431e3,0,Hotel Bar,http://tour-pedia.org/api/getPlaceDetails?id=84949,http://tour-pedia.org/api/getReviewsByPlaceId?placeId=84949
Place Victor et Hélène Basch,attraction,84951,48.827859228446,2.3269128799438,Paris,Place Victor et Hélène Basch,4b86b7c8f964a520679831e3,0,Plaza,http://tour-pedia.org/api/getPlaceDetails?id=84951,http://tour-pedia.org/api/getReviewsByPlaceId?placeId=84951
"21 Rue Copreaux, 75015 Paris, Ile-de-France",attraction,84966,48.841696352824,2.3069990796149,Paris,Le drapeau de la fidelité,4b882004f964a52086e131e3,0,Bar,http://tour-pedia.org/api/getPlaceDetails?id=84966,http://tour-pedia.org/api/getReviewsByPlaceId?placeId=84966
13 rue Moret,attraction,84975,48.867061007492,2.3795113835542,Paris,La Cantada II,4b89033ef964a5201c1832e3,0,Bar,http://tour-pedia.org/api/getPlaceDetails?id=84975,http://tour-pedia.org/api/getReviewsByPlaceId?placeId=84975
15 rue de la Nouvelle Caledonie,attraction,84980,48.838745187915,2.4107019363995,Paris,Tennis Paul Valery,4b89408cf964a520192632e3,0,Tennis,http://tour-pedia.org/api/getPlaceDetails?id=84980,http://tour-pedia.org/api/getReviewsByPlaceId?placeId=84980
142 Boulevard de l'Hôpital,attraction,84981,48.833309155944,2.3569959095839,Paris,Arts Café,4b8942fdf964a520c32632e3,0,Café,http://tour-pedia.org/api/getPlaceDetails?id=84981,http://tour-pedia.org/api/getReviewsByPlaceId?placeId=84981
2 Rue Charles Nodier,attraction,84982,48.884372979613,2.3449059296629,Paris,Marché Saint-Pierre,4b89596ef964a520dd2d32e3,0,Art Gallery,http://tour-pedia.org/api/getPlaceDetails?id=84982,http://tour-pedia.org/api/getReviewsByPlaceId?placeId=84982
2ème Arrondissement,attraction,84983,48.868102414613,2.3435640335083,Paris,2ème Arrondissement,4b897701f964a520cd3832e3,0,Neighborhood,http://tour-pedia.org/api/getPlaceDetails?id=84983,http://tour-pedia.org/api/getReviewsByPlaceId?placeId=84983
128 rue La Boétie,attraction,84987,48.870771625996,2.3058590008231,Paris,MadaM,4b89b4d5f964a520924c32e3,0,Nightclub,http://tour-pedia.org/api/getPlaceDetails?id=84987,http://tour-pedia.org/api/getReviewsByPlaceId?placeId=84987
70 Avenue du Général Leclerc,attraction,84990,48.829457,2.327921,Paris,Gaumont Alésia (côté Mistral),4b8a79c4f964a5205a6e32e3,0,Multiplex,http://tour-pedia.org/api/getPlaceDetails?id=84990,http://tour-pedia.org/api/getReviewsByPlaceId?placeId=84990
46 Avenue George V,attraction,85003,48.870959457852,2.3014624556188,Paris,Hôtel Fouquet's Barrière,4b8be0ccf964a52018b032e3,0,Hotel,http://tour-pedia.org/api/getPlaceDetails?id=85003,http://tour-pedia.org/api/getReviewsByPlaceId?placeId=85003
Quai de la Loire,attraction,85029,48.884801210775,2.3716297281237,Paris,Bassin de La Villette,4b8e3df0f964a520a01c33e3,0,Lake,http://tour-pedia.org/api/getPlaceDetails?id=85029,http://tour-pedia.org/api/getReviewsByPlaceId?placeId=85029
25 rue de Lappe,attraction,85037,48.853699053993,2.3727658273371,Paris,Hideout,4b8ecb20f964a520773733e3,0,Bar,http://tour-pedia.org/api/getPlaceDetails?id=85037,http://tour-pedia.org/api/getReviewsByPlaceId?placeId=85037
Place des Vins de France,attraction,85044,48.832246427472,2.3875034880972,Paris,Place des Vins de France,4b8f8192f964a5207a5633e3,0,Plaza,http://tour-pedia.org/api/getPlaceDetails?id=85044,http://tour-pedia.org/api/getReviewsByPlaceId?placeId=85044
56 rue des cinq diamants,attraction,85050,48.827838039306,2.3494112491608,Paris,Le Diamant,4b900529f964a520957033e3,0,Bar,http://tour-pedia.org/api/getPlaceDetails?id=85050,http://tour-pedia.org/api/getReviewsByPlaceId?placeId=85050
133 Avenue des Champs-Élysées,attraction,85057,48.87249169698,2.2971523464659,Paris,Terrasse Publicis,4b90f98df964a5201c9d33e3,0,Scenic Lookout,http://tour-pedia.org/api/getPlaceDetails?id=85057,http://tour-pedia.org/api/getReviewsByPlaceId?placeId=85057
17ème Arrondissement,attraction,85080,48.883853950376,2.317993175452,Paris,17ème Arrondissement,4b9270b2f964a520a5f933e3,0,Neighborhood,http://tour-pedia.org/api/getPlaceDetails?id=85080,http://tour-pedia.org/api/getReviewsByPlaceId?placeId=85080
Chemin de ceinture du lac inférieur,attraction,85081,48.863246707697,2.2603511810303,Paris,Lac Inférieur,4b92742af964a520b2fa33e3,0,Lake,http://tour-pedia.org/api/getPlaceDetails?id=85081,http://tour-pedia.org/api/getReviewsByPlaceId?placeId=85081
Place de Mexico,attraction,85084,48.865448772707,2.2832894325256,Paris,Place de Mexico,4b9319e1f964a5201a3534e3,0,Plaza,http://tour-pedia.org/api/getPlaceDetails?id=85084,http://tour-pedia.org/api/getReviewsByPlaceId?placeId=85084
15 Rue des Saules,attraction,85085,48.888259,2.340198,Paris,Vignes de Montmartre,4b93597ff964a520034134e3,0,Vineyard,http://tour-pedia.org/api/getPlaceDetails?id=85085,http://tour-pedia.org/api/getReviewsByPlaceId?placeId=85085
Rue Mouffetard,attraction,85088,48.839561327723,2.3500978946686,Paris,Square Saint-Médard,4b939e13f964a5206d4a34e3,0,Plaza,http://tour-pedia.org/api/getPlaceDetails?id=85088,http://tour-pedia.org/api/getReviewsByPlaceId?placeId=85088
21 Boulevard Morland,attraction,85091,48.850632372362,2.3622643947601,Paris,Pavillon de l'Arsenal,4b93c3c6f964a5207c5034e3,0,Museum,http://tour-pedia.org/api/getPlaceDetails?id=85091,http://tour-pedia.org/api/getReviewsByPlaceId?placeId=85091
77 rue des Pyrénées,attraction,85102,48.85368207105,2.4057595913271,Paris,Studio BO,4b95438df964a520d49834e3,0,Music Venue,http://tour-pedia.org/api/getPlaceDetails?id=85102,http://tour-pedia.org/api/getReviewsByPlaceId?placeId=85102
14 rue de l'Ingénieur Robert Keller,attraction,85117,48.847552229569,2.2827640335918,Paris,Piscine Keller,4b9691b3f964a5206ed534e3,0,Pool,http://tour-pedia.org/api/getPlaceDetails?id=85117,http://tour-pedia.org/api/getReviewsByPlaceId?placeId=85117
"7, rue des Moines",attraction,85118,48.887812,2.318389,Paris,Le Manoir,4b9691f9f964a52089d534e3,0,Bar,http://tour-pedia.org/api/getPlaceDetails?id=85118,http://tour-pedia.org/api/getReviewsByPlaceId?placeId=85118
12 Avenue George V,attraction,85120,48.86569226433,2.3014050722122,Paris,Crazy Horse,4b969d54f964a520d8d834e3,0,Strip Club,http://tour-pedia.org/api/getPlaceDetails?id=85120,http://tour-pedia.org/api/getReviewsByPlaceId?placeId=85120
Place Édith Piaf,attraction,85122,48.864806513755,2.4051207304001,Paris,Place Édith Piaf,4b9756d9f964a520230035e3,0,Plaza,http://tour-pedia.org/api/getPlaceDetails?id=85122,http://tour-pedia.org/api/getReviewsByPlaceId?placeId=85122
10 place de la République,attraction,85143,48.867373010079,2.3651015872211,Paris,Crowne Plaza,4b98a9f5f964a520a24a35e3,0,Hotel,http://tour-pedia.org/api/getPlaceDetails?id=85143,http://tour-pedia.org/api/getReviewsByPlaceId?placeId=85143
11 rue Lapeyrère,attraction,85155,48.892203487005,2.3430024047907,Paris,L'Alibi,4b994143f964a520ed6d35e3,0,Bar,http://tour-pedia.org/api/getPlaceDetails?id=85155,http://tour-pedia.org/api/getReviewsByPlaceId?placeId=85155
20 Rue du Colonel Pierre Avia,attraction,85156,48.830740868045,2.2765731811523,Paris,Equinoxe - La Palmeraie,4b99424df964a5204c6e35e3,0,Nightclub,http://tour-pedia.org/api/getPlaceDetails?id=85156,http://tour-pedia.org/api/getReviewsByPlaceId?placeId=85156
8 rue des rasselins,attraction,85166,48.853778741693,2.4096211793208,Paris,Studios LibertyRock,4b9a8f17f964a52020c135e3,0,Music Venue,http://tour-pedia.org/api/getPlaceDetails?id=85166,http://tour-pedia.org/api/getReviewsByPlaceId?placeId=85166
avenue Daumesnil,attraction,85169,48.846248023032,2.3773813247681,Paris,Avenue Daumesnil,4b9a985cf964a520aac435e3,0,Other Great Outdoors,http://tour-pedia.org/api/getPlaceDetails?id=85169,http://tour-pedia.org/api/getReviewsByPlaceId?placeId=85169
Place de la Porte de Montreuil,attraction,85170,48.854028037728,2.4134945869446,Paris,Porte de Montreuil,4b9a9ab7f964a5209cc535e3,0,Plaza,http://tour-pedia.org/api/getPlaceDetails?id=85170,http://tour-pedia.org/api/getReviewsByPlaceId?placeId=85170
10 Rue de la Chaussée d'Antin,attraction,85182,48.871616862012,2.3335647583008,Paris,Murphy's House,4b9bad00f964a520201936e3,0,Pub,http://tour-pedia.org/api/getPlaceDetails?id=85182,http://tour-pedia.org/api/getReviewsByPlaceId?placeId=85182
Place du Commerce,attraction,85185,48.844991246639,2.2929668426514,Paris,Place du Commerce,4b9bb30ff964a520661b36e3,0,Plaza,http://tour-pedia.org/api/getPlaceDetails?id=85185,http://tour-pedia.org/api/getReviewsByPlaceId?placeId=85185
Route des Moulins,attraction,85186,48.866716249696,2.2366978332793,Paris,Polo de Paris,4b9bb78cf964a5204e1d36e3,0,Athletics & Sports,http://tour-pedia.org/api/getPlaceDetails?id=85186,http://tour-pedia.org/api/getReviewsByPlaceId?placeId=85186
18 passage des Saint-Simoniens,attraction,85204,48.870496051577,2.3964944801128,Paris,Square des Saint Simoniens,4b9d1a10f964a520b78f36e3,0,Park,http://tour-pedia.org/api/getPlaceDetails?id=85204,http://tour-pedia.org/api/getReviewsByPlaceId?placeId=85204
48 rue Madame,attraction,85205,48.847550407275,2.3315856501649,Paris,Trinity Church,4b9d1b8ff964a520539036e3,0,Church,http://tour-pedia.org/api/getPlaceDetails?id=85205,http://tour-pedia.org/api/getReviewsByPlaceId?placeId=85205
17 Rue de Pontoise,attraction,85236,48.849018753513,2.3515098511588,Paris,Piscine Pontoise & Fitness,4b9fb003f964a520043537e3,0,Pool,http://tour-pedia.org/api/getPlaceDetails?id=85236,http://tour-pedia.org/api/getReviewsByPlaceId?placeId=85236
"76, avenue de la Grande Armée",attraction,85239,48.877195,2.284592,Paris,La Terrasse Bar,4b9fc8bef964a520613e37e3,0,Bar,http://tour-pedia.org/api/getPlaceDetails?id=85239,http://tour-pedia.org/api/getReviewsByPlaceId?placeId=85239
129 avenue du Général Leclerc,attraction,85244,48.823174,2.325856,Paris,Paris Orléans,4ba00389f964a520515237e3,0,Bar,http://tour-pedia.org/api/getPlaceDetails?id=85244,http://tour-pedia.org/api/getReviewsByPlaceId?placeId=85244
51 rue Lacépède,attraction,85245,48.844419,2.349798,Paris,The Wall,4ba00f5cf964a5208f5637e3,0,Bar,http://tour-pedia.org/api/getPlaceDetails?id=85245,http://tour-pedia.org/api/getReviewsByPlaceId?placeId=85245
34 Quai d'Austerlitz,attraction,85259,48.840839424031,2.3701822757721,Paris,Les Docks - Cité de la Mode et du Design,4ba12ba3f964a520849e37e3,0,General Entertainment,http://tour-pedia.org/api/getPlaceDetails?id=85259,http://tour-pedia.org/api/getReviewsByPlaceId?placeId=85259
Passerelle Solferino,attraction,85273,48.861880955236,2.3247241973877,Paris,Passerelle Léopold-Sédar-Senghor,4ba29193f964a5201e0538e3,0,Bridge,http://tour-pedia.org/api/getPlaceDetails?id=85273,http://tour-pedia.org/api/getReviewsByPlaceId?placeId=85273
337 rue de Belleville,attraction,85274,48.876843732614,2.4052646735665,Paris,Le Rigoletto,4ba29291f964a520830538e3,0,Bar,http://tour-pedia.org/api/getPlaceDetails?id=85274,http://tour-pedia.org/api/getReviewsByPlaceId?placeId=85274
81 Blvd. Gouvion Saint-Cyr,attraction,85275,48.879479827648,2.2855858886626,Paris,Jazz Club Etoile,4ba29f3ff964a520170a38e3,0,Hotel Bar,http://tour-pedia.org/api/getPlaceDetails?id=85275,http://tour-pedia.org/api/getReviewsByPlaceId?placeId=85275
South Pigalle,attraction,85281,48.879773944978,2.3370838165283,Paris,Quartier South Pigalle (SP),4ba376b6f964a520443f38e3,0,Neighborhood,http://tour-pedia.org/api/getPlaceDetails?id=85281,http://tour-pedia.org/api/getReviewsByPlaceId?placeId=85281
3 rue Biot,attraction,85291,48.883808050966,2.3267342310434,Paris,Le Cyrano,4ba3e69df964a520ae6b38e3,0,Bar,http://tour-pedia.org/api/getPlaceDetails?id=85291,http://tour-pedia.org/api/getReviewsByPlaceId?placeId=85291
"245, rue Lafayette",attraction,85293,48.882381,2.369553,Paris,Peace & Love,4ba3f200f964a520317038e3,0,Hostel,http://tour-pedia.org/api/getPlaceDetails?id=85293,http://tour-pedia.org/api/getReviewsByPlaceId?placeId=85293
Place Vauban,attraction,85294,48.853505642662,2.3123645782471,Paris,Place Vauban,4ba3fec3f964a5209b7538e3,0,Plaza,http://tour-pedia.org/api/getPlaceDetails?id=85294,http://tour-pedia.org/api/getReviewsByPlaceId?placeId=85294
6 avenue Marceau,attraction,85295,48.865505234638,2.299747467041,Paris,Le Baron,4ba47d2af964a5201ea038e3,0,Nightclub,http://tour-pedia.org/api/getPlaceDetails?id=85295,http://tour-pedia.org/api/getReviewsByPlaceId?placeId=85295
Square Alboni,attraction,85301,48.857762297748,2.2855854034424,Paris,Square Alboni,4ba4e779f964a52036c138e3,0,Plaza,http://tour-pedia.org/api/getPlaceDetails?id=85301,http://tour-pedia.org/api/getReviewsByPlaceId?placeId=85301
5 rue du Faubourg Saint-Antoine,attraction,85304,48.853460596156,2.3704338679273,Paris,Le Bastille,4ba517bbf964a5201ddc38e3,0,Movie Theater,http://tour-pedia.org/api/getPlaceDetails?id=85304,http://tour-pedia.org/api/getReviewsByPlaceId?placeId=85304
28 rue Buffault,attraction,85317,48.87612,2.342393,Paris,Synagogue Buffault,4ba618fef964a520573339e3,0,Synagogue,http://tour-pedia.org/api/getPlaceDetails?id=85317,http://tour-pedia.org/api/getReviewsByPlaceId?placeId=85317
57 Boulevard de Montmorency,attraction,85318,48.853053837128,2.2560596466064,Paris,Hippodrome d'Auteuil,4ba624abf964a520a23639e3,0,Racetrack,http://tour-pedia.org/api/getPlaceDetails?id=85318,http://tour-pedia.org/api/getReviewsByPlaceId?placeId=85318
13 Rue Jean-Baptiste Dumay,attraction,85325,48.874747370439,2.3878587037325,Paris,La Cagnotte,4ba73ff9f964a520dd8739e3,0,Bar,http://tour-pedia.org/api/getPlaceDetails?id=85325,http://tour-pedia.org/api/getReviewsByPlaceId?placeId=85325
Jardin d'Acclimatation,attraction,85327,48.875949595916,2.2587418556213,Paris,Mare Saint-James,4ba76002f964a5200b8f39e3,0,Lake,http://tour-pedia.org/api/getPlaceDetails?id=85327,http://tour-pedia.org/api/getReviewsByPlaceId?placeId=85327
2 Place Colette,attraction,85345,48.864940612458,2.3377275466919,Paris,Jardin du Palais Royal,4ba8b650f964a520f5e839e3,0,Garden,http://tour-pedia.org/api/getPlaceDetails?id=85345,http://tour-pedia.org/api/getReviewsByPlaceId?placeId=85345
Hyatt Regency Paris Etoile (33e étage),attraction,85349,48.880013839047,2.2843837738037,Paris,Bar La Vue,4ba90942f964a5209a053ae3,0,Hotel Bar,http://tour-pedia.org/api/getPlaceDetails?id=85349,http://tour-pedia.org/api/getReviewsByPlaceId?placeId=85349
88 rue de la Croix Nivert,attraction,85351,48.843711875858,2.2958978951281,Paris,Celtic corner,4ba91233f964a520d5083ae3,0,Pub,http://tour-pedia.org/api/getPlaceDetails?id=85351,http://tour-pedia.org/api/getReviewsByPlaceId?placeId=85351
Carrefour du Bout du Lac,attraction,85354,48.868906948455,2.2645998001099,Paris,Le Pavillon Royal,4ba9c844f964a520de373ae3,0,Nightclub,http://tour-pedia.org/api/getPlaceDetails?id=85354,http://tour-pedia.org/api/getReviewsByPlaceId?placeId=85354
74 boulevard Diderot,attraction,85368,48.846855692986,2.3818797685789,Paris,Le Bistrologue,4bab3a33f964a5206b9a3ae3,0,Bar,http://tour-pedia.org/api/getPlaceDetails?id=85368,http://tour-pedia.org/api/getReviewsByPlaceId?placeId=85368
,attraction,85378,48.842329456209,2.2847642475576,Paris,Rue Des Cevennes,4baba0c4f964a520a9ba3ae3,0,Other Great Outdoors,http://tour-pedia.org/api/getPlaceDetails?id=85378,http://tour-pedia.org/api/getReviewsByPlaceId?placeId=85378
90 Boulevard de Clichy,attraction,85382,48.884060114162,2.3323738574982,Paris,La Machine du Moulin Rouge,4babcc3df964a52062ca3ae3,0,Music Venue,http://tour-pedia.org/api/getPlaceDetails?id=85382,http://tour-pedia.org/api/getReviewsByPlaceId?placeId=85382
Boulevard de Vaugirard,attraction,85385,48.84088661368,2.3159829545746,Paris,Blue Buoy,4bac70c4f964a52036f53ae3,0,Café,http://tour-pedia.org/api/getPlaceDetails?id=85385,http://tour-pedia.org/api/getReviewsByPlaceId?placeId=85385
19 rue des Frigos,attraction,85391,48.83133672092,2.3793693618118,Paris,Les Frigos,4baca14ff964a52073ff3ae3,0,Performing Arts Venue,http://tour-pedia.org/api/getPlaceDetails?id=85391,http://tour-pedia.org/api/getReviewsByPlaceId?placeId=85391
19 rue Pascal,attraction,85397,48.837775,2.349371,Paris,La Tactique,4bacc638f964a520340b3be3,0,Bar,http://tour-pedia.org/api/getPlaceDetails?id=85397,http://tour-pedia.org/api/getReviewsByPlaceId?placeId=85397
Place Victor Hugo,attraction,85400,48.869655012175,2.2852849960327,Paris,Place Victor Hugo,4bacfab6f964a520b5203be3,0,Plaza,http://tour-pedia.org/api/getPlaceDetails?id=85400,http://tour-pedia.org/api/getReviewsByPlaceId?placeId=85400
2 Avenue Franklin Delano Roosevelt,attraction,85402,48.867876578228,2.3105621337891,Paris,Théâtre du Rond-Point,4bad0412f964a520aa243be3,0,Theater,http://tour-pedia.org/api/getPlaceDetails?id=85402,http://tour-pedia.org/api/getReviewsByPlaceId?placeId=85402
36 Rue Saint-Bernard,attraction,85403,48.852897,2.381445,Paris,Église Sainte-Marguerite,4bad0a5bf964a52075273be3,0,Church,http://tour-pedia.org/api/getPlaceDetails?id=85403,http://tour-pedia.org/api/getReviewsByPlaceId?placeId=85403
Hippodrome de Lonchamp,attraction,85411,48.857261118353,2.2333145141602,Paris,Golf du Bois de Boulogne,4badbd5cf964a52050663be3,0,Golf Course,http://tour-pedia.org/api/getPlaceDetails?id=85411,http://tour-pedia.org/api/getReviewsByPlaceId?placeId=85411
Cimetière du Père Lachaise,attraction,85417,48.859323236668,2.393716237905,Paris,Tombe de Jim Morrison,4bae2c6df964a5209d8d3be3,0,Cemetery,http://tour-pedia.org/api/getPlaceDetails?id=85417,http://tour-pedia.org/api/getReviewsByPlaceId?placeId=85417
1 rue de sambre et meuse,attraction,85424,48.874624404594,2.3702792173934,Paris,Parc,4baf7b11f964a5205c033ce3,0,Playground,http://tour-pedia.org/api/getPlaceDetails?id=85424,http://tour-pedia.org/api/getReviewsByPlaceId?placeId=85424
,attraction,85435,48.841144,2.393913,Paris,Estaminet Jenlain,4bb0a013f964a5204e503ce3,0,Beer Garden,http://tour-pedia.org/api/getPlaceDetails?id=85435,http://tour-pedia.org/api/getReviewsByPlaceId?placeId=85435
17 avenue Kléber,attraction,85437,48.871323506661,2.2938719370902,Paris,Hôtel Raphaël,4bb0acfff964a52020543ce3,0,Hotel,http://tour-pedia.org/api/getPlaceDetails?id=85437,http://tour-pedia.org/api/getReviewsByPlaceId?placeId=85437
170 rue d'alésia,attraction,85441,48.83177088166,2.3141660229218,Paris,Café Chineur,4bb19f36f964a520659c3ce3,0,Bar,http://tour-pedia.org/api/getPlaceDetails?id=85441,http://tour-pedia.org/api/getReviewsByPlaceId?placeId=85441
Rue Myrha,attraction,85443,48.886589310797,2.3497867584229,Paris,Rue Myrha,4bb1ba42f964a52095a03ce3,0,Neighborhood,http://tour-pedia.org/api/getPlaceDetails?id=85443,http://tour-pedia.org/api/getReviewsByPlaceId?placeId=85443
,attraction,85455,48.835969607002,2.3223164650502,Paris,Ton Air De Brest,4bb28032715eef3b955285bb,0,Beer Garden,http://tour-pedia.org/api/getPlaceDetails?id=85455,http://tour-pedia.org/api/getReviewsByPlaceId?placeId=85455
15 rue de la butte aux cailles,attraction,85456,48.827629,2.350062,Paris,Le Diapason,4bb28a222397b7131d2c37b3,0,Bar,http://tour-pedia.org/api/getPlaceDetails?id=85456,http://tour-pedia.org/api/getReviewsByPlaceId?placeId=85456
Rue des Abbesses,attraction,85463,48.885206558054,2.3365902900696,Paris,Rue des Abbesses,4bb37a2e35f0c9b6a269bc83,0,Other Great Outdoors,http://tour-pedia.org/api/getPlaceDetails?id=85463,http://tour-pedia.org/api/getReviewsByPlaceId?placeId=85463
39 Boulevard du Port Royal,attraction,85480,48.837668019775,2.345476,Paris,Val Café,4bb4f501310276b0ea97cf90,0,Bar,http://tour-pedia.org/api/getPlaceDetails?id=85480,http://tour-pedia.org/api/getReviewsByPlaceId?placeId=85480
18 rue du Temple,attraction,85488,48.858529016855,2.3534346294133,Paris,Voulez-Vous,4bb5dd68941ad13a6c941ee3,0,Gay Bar,http://tour-pedia.org/api/getPlaceDetails?id=85488,http://tour-pedia.org/api/getReviewsByPlaceId?placeId=85488
73 boulevard du Montparnasse,attraction,85497,48.843524,2.324543,Paris,Café La Ruche,4bb62a641344b713bb129d04,0,Pub,http://tour-pedia.org/api/getPlaceDetails?id=85497,http://tour-pedia.org/api/getReviewsByPlaceId?placeId=85497
Chemin de la Croix Catelan,attraction,85533,48.864930883112,2.2518615634002,Paris,Jardin du Pré Catelan,4bb9c2421261d13aaacfe998,0,Park,http://tour-pedia.org/api/getPlaceDetails?id=85533,http://tour-pedia.org/api/getReviewsByPlaceId?placeId=85533
Bois de Vincennes,attraction,85535,48.842145983602,2.4233500133338,Paris,Lac de Saint-Mandé,4bb9c7a353649c74fd3948fb,0,Lake,http://tour-pedia.org/api/getPlaceDetails?id=85535,http://tour-pedia.org/api/getReviewsByPlaceId?placeId=85535
Cimetière du Père Lachaise,attraction,85536,48.859604618311,2.3987531661987,Paris,Tombe d'Edith Piaf,4bb9d0021261d13a40dbe998,0,Cemetery,http://tour-pedia.org/api/getPlaceDetails?id=85536,http://tour-pedia.org/api/getReviewsByPlaceId?placeId=85536
Cimetière du Père Lachaise,attraction,85537,48.861788,2.397981,Paris,Tombe d'Oscar Wilde,4bb9d6d9b35776b0c82fca01,0,Cemetery,http://tour-pedia.org/api/getPlaceDetails?id=85537,http://tour-pedia.org/api/getReviewsByPlaceId?placeId=85537
Avenue Kléber,attraction,85551,48.865913419753,2.2892517343462,Paris,Pub Kleber,4bbb5756cf2fc9b6d172a202,0,Pub,http://tour-pedia.org/api/getPlaceDetails?id=85551,http://tour-pedia.org/api/getReviewsByPlaceId?placeId=85551
56 rue de Bagnolet,attraction,85555,48.857590596183,2.3992092956223,Paris,L'Abribus Café,4bbb78099858d13af76133a2,0,Bar,http://tour-pedia.org/api/getPlaceDetails?id=85555,http://tour-pedia.org/api/getReviewsByPlaceId?placeId=85555
108 rue Ménilmontant,attraction,85556,48.869602,2.393357,Paris,Chez Luna,4bbb782ae6e7b7132819f879,0,Bar,http://tour-pedia.org/api/getPlaceDetails?id=85556,http://tour-pedia.org/api/getReviewsByPlaceId?placeId=85556
,attraction,85569,48.834009,2.318145,Paris,Café Losserand,4bbcc86bf57ba593d33badb9,0,Bar,http://tour-pedia.org/api/getPlaceDetails?id=85569,http://tour-pedia.org/api/getReviewsByPlaceId?placeId=85569
34 Rue du Départ,attraction,85594,48.841848896806,2.3220780744677,Paris,Le Redlight,4bbedcd6ba9776b00751fec8,0,Nightclub,http://tour-pedia.org/api/getPlaceDetails?id=85594,http://tour-pedia.org/api/getReviewsByPlaceId?placeId=85594
162 avenue de France,attraction,85603,48.831673127728,2.3757934570312,Paris,M Café,4bbf323ef353d13a682c7e10,0,Internet Cafe,http://tour-pedia.org/api/getPlaceDetails?id=85603,http://tour-pedia.org/api/getReviewsByPlaceId?placeId=85603
Boulevard Pereire,attraction,85607,48.883510751472,2.2942471559154,Paris,Promenade Péreire,4bbf4a94ba9776b03ed4fec8,0,Park,http://tour-pedia.org/api/getPlaceDetails?id=85607,http://tour-pedia.org/api/getReviewsByPlaceId?placeId=85607
63 Rue Jean-Pierre Timbaud,attraction,85615,48.867174,2.375521,Paris,Le Petit Garage,4bbf956bb492d13a50e8a260,0,Bar,http://tour-pedia.org/api/getPlaceDetails?id=85615,http://tour-pedia.org/api/getReviewsByPlaceId?placeId=85615
15 Rue de Bagnolet,attraction,85619,48.856731798389,2.3956744094875,Paris,Piston Pélican,4bbfa606461576b033ed7832,0,Bar,http://tour-pedia.org/api/getPlaceDetails?id=85619,http://tour-pedia.org/api/getReviewsByPlaceId?placeId=85619
,attraction,85621,48.819907193242,2.3676751992918,Paris,La Halle Carpentier,4bc01fa4920eb713c09c182c,0,Stadium,http://tour-pedia.org/api/getPlaceDetails?id=85621,http://tour-pedia.org/api/getReviewsByPlaceId?placeId=85621
Place de la Contrescarpe,attraction,85628,48.844412271621,2.3494005203247,Paris,Place de la Contrescarpe,4bc07f772a89ef3b2a91f088,0,Plaza,http://tour-pedia.org/api/getPlaceDetails?id=85628,http://tour-pedia.org/api/getReviewsByPlaceId?placeId=85628
,attraction,85631,48.843620909592,2.3878183233039,Paris,Square de la Baleine,4bc0914574a9a593eb31d0f6,0,Park,http://tour-pedia.org/api/getPlaceDetails?id=85631,http://tour-pedia.org/api/getReviewsByPlaceId?placeId=85631
,attraction,85632,48.829163166041,2.414968146766,Paris,Temple KAGYU DZONG,4bc099332a89ef3bafbaf088,0,Temple,http://tour-pedia.org/api/getPlaceDetails?id=85632,http://tour-pedia.org/api/getReviewsByPlaceId?placeId=85632
32 rue Sainte-Marthe,attraction,85633,48.874096,2.372629,Paris,La Sardine,4bc09933461576b045597a32,0,Bar,http://tour-pedia.org/api/getPlaceDetails?id=85633,http://tour-pedia.org/api/getReviewsByPlaceId?placeId=85633
168 boulevard de Grenelle,attraction,85649,48.847699304772,2.3011467712342,Paris,Le Royal Cambronne,4bc1a3b6b492d13ad951a660,0,Brewery,http://tour-pedia.org/api/getPlaceDetails?id=85649,http://tour-pedia.org/api/getReviewsByPlaceId?placeId=85649
172 Rue Championnet,attraction,85650,48.894913238702,2.3358392715454,Paris,Stade Championnet,4bc1a8ccb492d13a2755a660,0,Track Stadium,http://tour-pedia.org/api/getPlaceDetails?id=85650,http://tour-pedia.org/api/getReviewsByPlaceId?placeId=85650
9 place du Général Beuret,attraction,85652,48.841743251457,2.3032128810883,Paris,Le Général Beuret,4bc1e02974a9a593c753d2f6,0,Bar,http://tour-pedia.org/api/getPlaceDetails?id=85652,http://tour-pedia.org/api/getReviewsByPlaceId?placeId=85652
Everywhere,attraction,85654,48.840843866779,2.3517095433124,Paris,5ème Arrondissement,4bc2031e74a9a593358ed2f6,0,Neighborhood,http://tour-pedia.org/api/getPlaceDetails?id=85654,http://tour-pedia.org/api/getReviewsByPlaceId?placeId=85654
Place Franz Liszt,attraction,85659,48.878069361415,2.3516155703839,Paris,Place Franz Liszt,4bc2fa1dabf495213e19c393,0,Plaza,http://tour-pedia.org/api/getPlaceDetails?id=85659,http://tour-pedia.org/api/getReviewsByPlaceId?placeId=85659
Place de l'Alma,attraction,85660,48.864778965587,2.3010070179521,Paris,Place de l'Alma,4bc2ff80461576b0e8007e32,0,Plaza,http://tour-pedia.org/api/getPlaceDetails?id=85660,http://tour-pedia.org/api/getReviewsByPlaceId?placeId=85660
334 Rue des Pyrénées,attraction,85670,48.873328,2.390047,Paris,Les Rigoles,4bc37f7d920eb713288b1d2c,0,Bar,http://tour-pedia.org/api/getPlaceDetails?id=85670,http://tour-pedia.org/api/getReviewsByPlaceId?placeId=85670
34 avenue de la Porte d’Asnières,attraction,85679,48.892091771004,2.3020621639448,Paris,Novotel Paris Porte d'Asnières,4bc497d0b492d13ad93aaa60,0,Hotel,http://tour-pedia.org/api/getPlaceDetails?id=85679,http://tour-pedia.org/api/getReviewsByPlaceId?placeId=85679
22 Rue Guillaume Apollinaire,attraction,85683,48.854408,2.333351,Paris,Le Saint-Germain-des-Prés,4bc4aaef74a9a5939126d6f6,0,Indie Movie Theater,http://tour-pedia.org/api/getPlaceDetails?id=85683,http://tour-pedia.org/api/getReviewsByPlaceId?placeId=85683
Place Jacques Froment,attraction,85686,48.890800827183,2.3312151432037,Paris,Place Jacques Froment,4bc4f5765e0ab71397c045eb,0,Plaza,http://tour-pedia.org/api/getPlaceDetails?id=85686,http://tour-pedia.org/api/getReviewsByPlaceId?placeId=85686
Rue Philippe Auguste,attraction,85704,48.849386875723,2.395360893508,Paris,Royal Nation,4bc6380a04e8b713aba5352d,0,Bar,http://tour-pedia.org/api/getPlaceDetails?id=85704,http://tour-pedia.org/api/getReviewsByPlaceId?placeId=85704
112 rue Legendre,attraction,85717,48.888178,2.321018,Paris,Sans Gène,4bc761812f94d13aafd0117f,0,Lounge,http://tour-pedia.org/api/getPlaceDetails?id=85717,http://tour-pedia.org/api/getReviewsByPlaceId?placeId=85717
Parc de la Villette,attraction,85718,48.895437,2.39234165,Paris,Cabaret Sauvage,4bc773712f94d13ac3f3117f,0,Music Venue,http://tour-pedia.org/api/getPlaceDetails?id=85718,http://tour-pedia.org/api/getReviewsByPlaceId?placeId=85718
"13, rue d'Artois",attraction,85723,48.873123053038,2.307535987592,Paris,The Bowler,4bc8455814d7952194b768e9,0,Pub,http://tour-pedia.org/api/getPlaceDetails?id=85723,http://tour-pedia.org/api/getReviewsByPlaceId?placeId=85723
Place de l'Odéon,attraction,85724,48.849876964344,2.3387145996094,Paris,Place de l'Odéon,4bc8462aaf07a5935f87802d,0,Plaza,http://tour-pedia.org/api/getPlaceDetails?id=85724,http://tour-pedia.org/api/getReviewsByPlaceId?placeId=85724
68/70 quai de Jemmapes,attraction,85730,48.871568,2.36505,Paris,The Cork and Cavan,4bc8989492b376b088b9513a,0,Pub,http://tour-pedia.org/api/getPlaceDetails?id=85730,http://tour-pedia.org/api/getReviewsByPlaceId?placeId=85730
31 rue des Batignolles,attraction,85731,48.884995,2.320728,Paris,Point Bar les Batignolles,4bc8a4590050b71373d0ba3b,0,Other Nightlife,http://tour-pedia.org/api/getPlaceDetails?id=85731,http://tour-pedia.org/api/getReviewsByPlaceId?placeId=85731
40 Boulevard Haussmann,attraction,85777,48.873389889459,2.3321007629786,Paris,Terrasse des Galeries Lafayette,4bc9d4260687ef3b1b88dacc,0,Scenic Lookout,http://tour-pedia.org/api/getPlaceDetails?id=85777,http://tour-pedia.org/api/getReviewsByPlaceId?placeId=85777
64 boulevard de Clichy,attraction,85780,48.883348898858,2.334130162796,Paris,Les 3 Baudets,4bc9e395511f9521dd70aec7,0,Concert Hall,http://tour-pedia.org/api/getPlaceDetails?id=85780,http://tour-pedia.org/api/getReviewsByPlaceId?placeId=85780
Pont de Bir-Hakeim,attraction,85797,48.855750490949,2.287495136261,Paris,Pont de Bir-Hakeim,4bcae3ec937ca593289aa892,0,Bridge,http://tour-pedia.org/api/getPlaceDetails?id=85797,http://tour-pedia.org/api/getReviewsByPlaceId?placeId=85797
Passage Brady,attraction,85799,48.871444,2.354419,Paris,Passage Brady,4bcaea2c68f976b07e246083,0,Miscellaneous Shop,http://tour-pedia.org/api/getPlaceDetails?id=85799,http://tour-pedia.org/api/getReviewsByPlaceId?placeId=85799
Place Martin Nadaud,attraction,85804,48.864950748057,2.3943986385612,Paris,Square Martin Nadaud,4bcb06eefb84c9b668051e3e,0,Park,http://tour-pedia.org/api/getPlaceDetails?id=85804,http://tour-pedia.org/api/getReviewsByPlaceId?placeId=85804
Porte de Gentilly,attraction,85813,48.816458176693,2.344057559967,Paris,Porte de Gentilly,4bcc1fbf68f976b0d41e6283,0,Plaza,http://tour-pedia.org/api/getPlaceDetails?id=85813,http://tour-pedia.org/api/getReviewsByPlaceId?placeId=85813
Place des Ternes,attraction,85819,48.878038206549,2.2980737686157,Paris,Place des Ternes,4bcc722ecc8cd13a01e3c0cf,0,Plaza,http://tour-pedia.org/api/getPlaceDetails?id=85819,http://tour-pedia.org/api/getReviewsByPlaceId?placeId=85819
43 Rue de Lappe,attraction,85825,48.853260654128,2.3736342349034,Paris,Some Girls Bar,4bccdc0868f976b0086b6383,0,Bar,http://tour-pedia.org/api/getPlaceDetails?id=85825,http://tour-pedia.org/api/getReviewsByPlaceId?placeId=85825
73 Ave. de Suffren,attraction,85837,48.851461556656,2.3002822895801,Paris,Carmine Café,4bcdd2578920b7135e53a0dc,0,Pizza Place,http://tour-pedia.org/api/getPlaceDetails?id=85837,http://tour-pedia.org/api/getReviewsByPlaceId?placeId=85837
227 Rue Vaugirard,attraction,85845,48.841552027616,2.3078582267711,Paris,Les Volontaires,4bceb9a6b6c49c7420989791,0,French Restaurant,http://tour-pedia.org/api/getPlaceDetails?id=85845,http://tour-pedia.org/api/getReviewsByPlaceId?placeId=85845
Quai de la Seine,attraction,85846,48.885640105826,2.3734940897948,Paris,Quai de la Seine,4bcecb13b6c49c74b6a69791,0,Other Great Outdoors,http://tour-pedia.org/api/getPlaceDetails?id=85846,http://tour-pedia.org/api/getReviewsByPlaceId?placeId=85846
Quai de Valmy,attraction,85847,48.878151101937,2.3658800125122,Paris,Quai de Valmy,4bcecc72b6c49c74f6a79791,0,Harbor / Marina,http://tour-pedia.org/api/getPlaceDetails?id=85847,http://tour-pedia.org/api/getReviewsByPlaceId?placeId=85847
Place Saint-Ferdinand,attraction,85868,48.877957062832,2.2881013154984,Paris,Place Saint-Ferdinand,4bcff75541b9ef3b5563f9e5,0,Plaza,http://tour-pedia.org/api/getPlaceDetails?id=85868,http://tour-pedia.org/api/getReviewsByPlaceId?placeId=85868
Bois de Vincennes,attraction,85869,48.830797369126,2.4136877059937,Paris,Lac Daumesnil,4bd0114577b29c7466218a82,0,Lake,http://tour-pedia.org/api/getPlaceDetails?id=85869,http://tour-pedia.org/api/getReviewsByPlaceId?placeId=85869
Place de la porte de bagnolet,attraction,85873,48.864210713039,2.4073530833605,Paris,le Vingtième,4bd02d8bcaff95210a50cef0,0,Bar,http://tour-pedia.org/api/getPlaceDetails?id=85873,http://tour-pedia.org/api/getReviewsByPlaceId?placeId=85873
Jardins du Carrousel,attraction,85878,48.861835076599,2.3324918746948,Paris,Jardins du Carrousel,4bd0684b046076b0bbdb6f71,0,Garden,http://tour-pedia.org/api/getPlaceDetails?id=85878,http://tour-pedia.org/api/getReviewsByPlaceId?placeId=85878
,attraction,85903,48.882838615518,2.3704366764246,Paris,Le Cadran Bleu,4bd1c8b177b29c742c358d82,0,Bar,http://tour-pedia.org/api/getPlaceDetails?id=85903,http://tour-pedia.org/api/getReviewsByPlaceId?placeId=85903
Pont de la Tournelle,attraction,85905,48.850664141608,2.3554676771164,Paris,Pont de la Tournelle,4bd1d03d462cb71366e8da07,0,Bridge,http://tour-pedia.org/api/getPlaceDetails?id=85905,http://tour-pedia.org/api/getReviewsByPlaceId?placeId=85905
Avenue de l'Observatoire,attraction,85907,48.842336379341,2.3369121551514,Paris,Jardin des Grands Explorateurs Marco Polo et Cavelier-de-la-Salle,4bd1daed046076b0dea47271,0,Garden,http://tour-pedia.org/api/getPlaceDetails?id=85907,http://tour-pedia.org/api/getReviewsByPlaceId?placeId=85907
Parc Suzanne Lenglen,attraction,85913,48.830528988425,2.2706937789917,Paris,Tennis Suzanne Lenglen,4bd2c5dfcaff9521ec6bd3f0,0,Tennis Court,http://tour-pedia.org/api/getPlaceDetails?id=85913,http://tour-pedia.org/api/getReviewsByPlaceId?placeId=85913
34 bd Carnot,attraction,85920,48.841644396127,2.412486076355,Paris,Piscine Roger Le Gall,4bd305279854d13a38abfc4d,0,Pool,http://tour-pedia.org/api/getPlaceDetails?id=85920,http://tour-pedia.org/api/getReviewsByPlaceId?placeId=85920
Parc Floral,attraction,85924,48.837642,2.44718,Paris,Aire de jeux du Parc Floral,4bd318d8462cb7134380dd07,0,Playground,http://tour-pedia.org/api/getPlaceDetails?id=85924,http://tour-pedia.org/api/getReviewsByPlaceId?placeId=85924
Quai Saint-Bernard,attraction,85928,48.84768454021,2.3610179140491,Paris,Quai Saint-Bernard,4bd34ff3046076b0d7c27571,0,Trail,http://tour-pedia.org/api/getPlaceDetails?id=85928,http://tour-pedia.org/api/getReviewsByPlaceId?placeId=85928
Pont Saint-Louis,attraction,85935,48.852753807763,2.3527318239212,Paris,Pont Saint-Louis,4bd43d5577b29c7402469282,0,Bridge,http://tour-pedia.org/api/getPlaceDetails?id=85935,http://tour-pedia.org/api/getReviewsByPlaceId?placeId=85935
48 Rue Vieille du Temple,attraction,85938,48.858238266037,2.358552493322,Paris,L'Espace des Blancs-Manteaux,4bd4763f29eb9c74529a91e1,0,Art Gallery,http://tour-pedia.org/api/getPlaceDetails?id=85938,http://tour-pedia.org/api/getReviewsByPlaceId?placeId=85938
Place de la Bataille de Stalingrad,attraction,85939,48.883682663807,2.3693132400513,Paris,Place de la Bataille de Stalingrad,4bd47c787b1876b0ff188986,0,Plaza,http://tour-pedia.org/api/getPlaceDetails?id=85939,http://tour-pedia.org/api/getReviewsByPlaceId?placeId=85939
58 rue Gauthey,attraction,85958,48.893763973623,2.3222540680827,Paris,Irène et Bernard,4bd6df80cfa7b7135f2d28da,0,Bar,http://tour-pedia.org/api/getPlaceDetails?id=85958,http://tour-pedia.org/api/getReviewsByPlaceId?placeId=85958
stade du saut du loup,attraction,85961,48.853412656989,2.2588155250695,Paris,acbb rugby,4bd6fa9129eb9c7412e795e1,0,Other Great Outdoors,http://tour-pedia.org/api/getPlaceDetails?id=85961,http://tour-pedia.org/api/getReviewsByPlaceId?placeId=85961
Place Saint-Georges,attraction,85984,48.878463016637,2.3373026242589,Paris,Place Saint-Georges,4bd7e03be914a593002652fa,0,Plaza,http://tour-pedia.org/api/getPlaceDetails?id=85984,http://tour-pedia.org/api/getReviewsByPlaceId?placeId=85984
,attraction,85995,48.838467,2.357212,Paris,Le Baratin,4bd876115cf276b0ac4f9d00,0,Bar,http://tour-pedia.org/api/getPlaceDetails?id=85995,http://tour-pedia.org/api/getReviewsByPlaceId?placeId=85995
,attraction,85998,48.868554,2.38991,Paris,Le Lieu Dit,4bd89d6df645c9b6ba7aa8e0,0,Bar,http://tour-pedia.org/api/getPlaceDetails?id=85998,http://tour-pedia.org/api/getReviewsByPlaceId?placeId=85998
55 quai de la Seine,attraction,86011,48.886705,2.375272,Paris,Péniche Antipode,4bd9f8053904a5931778449e,0,Bar,http://tour-pedia.org/api/getPlaceDetails?id=86011,http://tour-pedia.org/api/getReviewsByPlaceId?placeId=86011
34 boulevard de Vaugirard,attraction,86019,48.841404304023,2.3172957037064,Paris,L'Adresse - Musée de La Poste,4bdad66f5f34b71352013679,0,History Museum,http://tour-pedia.org/api/getPlaceDetails?id=86019,http://tour-pedia.org/api/getReviewsByPlaceId?placeId=86019
6 rue Newton,attraction,86026,48.871163440639,2.2965042581452,Paris,Ricard S.A Live Music,4bdb22a4c79cc928cd4d81e9,0,Music Venue,http://tour-pedia.org/api/getPlaceDetails?id=86026,http://tour-pedia.org/api/getReviewsByPlaceId?placeId=86026
Jardin des Plantes,attraction,86040,48.843190805568,2.3633903853529,Paris,Galerie de Paléontologie et d'Anatomie comparée,4bdd3271f219c9b624321210,0,Science Museum,http://tour-pedia.org/api/getPlaceDetails?id=86040,http://tour-pedia.org/api/getReviewsByPlaceId?placeId=86040
Route des Tribunes,attraction,86044,48.859435212355,2.2335934638977,Paris,Hippodrome de Longchamp,4bdd864ed640d13ab60a6a27,0,Racetrack,http://tour-pedia.org/api/getPlaceDetails?id=86044,http://tour-pedia.org/api/getReviewsByPlaceId?placeId=86044
60 Boulevard Lannes,attraction,86045,48.864535,2.269466,Paris,Stade de la Muette,4bddc604ffdec928d35ce6a1,0,Other Great Outdoors,http://tour-pedia.org/api/getPlaceDetails?id=86045,http://tour-pedia.org/api/getReviewsByPlaceId?placeId=86045
Passage d'Enfer,attraction,86051,48.838816344941,2.3318535089493,Paris,Passage d'Enfer,4bdeb2580d69b7138ffe65d3,0,Plaza,http://tour-pedia.org/api/getPlaceDetails?id=86051,http://tour-pedia.org/api/getReviewsByPlaceId?placeId=86051
Rue Levert,attraction,86064,48.873439568892,2.3902444101152,Paris,Place des Grandes Rigoles,4bdfd2b2e75c0f47736acc03,0,Plaza,http://tour-pedia.org/api/getPlaceDetails?id=86064,http://tour-pedia.org/api/getReviewsByPlaceId?placeId=86064
,attraction,86066,48.894318611098,2.349803036916,Paris,Notre Dame de Bon Conseil,4bdfdba3ffdec9283e50eda1,0,Church,http://tour-pedia.org/api/getPlaceDetails?id=86066,http://tour-pedia.org/api/getReviewsByPlaceId?placeId=86066
22-32 Rue de la Gaîté,attraction,86069,48.838834,2.322885,Paris,Le Sphinx Café,4be065de4f15c9282a1ccb0b,0,Hookah Bar,http://tour-pedia.org/api/getPlaceDetails?id=86069,http://tour-pedia.org/api/getReviewsByPlaceId?placeId=86069
106 rue de Charonne,attraction,86075,48.854712910471,2.3853967593633,Paris,L'Ingenu,4be095c34f15c92885b7cb0b,0,Bar,http://tour-pedia.org/api/getPlaceDetails?id=86075,http://tour-pedia.org/api/getReviewsByPlaceId?placeId=86075
62 Rue Saint-Antoine,attraction,86085,48.85472690909,2.3639273643494,Paris,Hôtel de Sully,4be194c98dd062b5b6613e3c,0,Historic Site,http://tour-pedia.org/api/getPlaceDetails?id=86085,http://tour-pedia.org/api/getReviewsByPlaceId?placeId=86085
Bois de vincennes,attraction,86103,48.828339513221,2.4578475952148,Paris,Stade Pershing,4be3225ab02ec9b6dea94ec0,0,Field,http://tour-pedia.org/api/getPlaceDetails?id=86103,http://tour-pedia.org/api/getReviewsByPlaceId?placeId=86103
Stade Roland-Garros,attraction,86105,48.847162,2.24924,Paris,Court Philippe Chatrier,4be3d3e6cbdbef3bf8a360d8,0,Tennis Court,http://tour-pedia.org/api/getPlaceDetails?id=86105,http://tour-pedia.org/api/getReviewsByPlaceId?placeId=86105
34 Rue Durantin,attraction,86112,48.886568,2.3357118428571,Paris,Prohibido,4be45061bcef2d7ffa5e02e5,0,Bar,http://tour-pedia.org/api/getPlaceDetails?id=86112,http://tour-pedia.org/api/getReviewsByPlaceId?placeId=86112
Place Maubert,attraction,86115,48.850201720589,2.3486924171448,Paris,Place Maubert,4be467d32457a5934d2faa15,0,Plaza,http://tour-pedia.org/api/getPlaceDetails?id=86115,http://tour-pedia.org/api/getReviewsByPlaceId?placeId=86115
,attraction,86133,48.820874471885,2.3285364260196,Paris,Stade Elisabeth,4be65ca8cf200f47e18b143c,0,Stadium,http://tour-pedia.org/api/getPlaceDetails?id=86133,http://tour-pedia.org/api/getReviewsByPlaceId?placeId=86133
Place de l'Église d'Auteuil,attraction,86135,48.847203,2.269422,Paris,Église Notre-Dame-d'Auteuil,4be6ae452457a5938409ad15,0,Church,http://tour-pedia.org/api/getPlaceDetails?id=86135,http://tour-pedia.org/api/getReviewsByPlaceId?placeId=86135
Square du Clos Feuquières,attraction,86136,48.836725777413,2.2907272302698,Paris,Square Du Clos Feuquières,4be6b2342468c92835970143,0,Playground,http://tour-pedia.org/api/getPlaceDetails?id=86136,http://tour-pedia.org/api/getReviewsByPlaceId?placeId=86136
36 rue Henri Chevreau,attraction,86139,48.870303503111,2.3891037864293,Paris,Le Popul'Air,4be6e26ccf200f478df5143c,0,Bar,http://tour-pedia.org/api/getPlaceDetails?id=86139,http://tour-pedia.org/api/getReviewsByPlaceId?placeId=86139
211 Avenue Jean Jaurès,attraction,86140,48.89251586575,2.3940361012801,Paris,Le Trabendo,4be6ebf4bcef2d7fc49805e5,0,Music Venue,http://tour-pedia.org/api/getPlaceDetails?id=86140,http://tour-pedia.org/api/getReviewsByPlaceId?placeId=86140
5 Rue de Chaumont,attraction,86148,48.881475,2.372024,Paris,La Bicyclette café,4be84b9e88ed2d7f38b2cb1d,0,Bar,http://tour-pedia.org/api/getPlaceDetails?id=86148,http://tour-pedia.org/api/getReviewsByPlaceId?placeId=86148
Place de 25 août 1944,attraction,86152,48.822943107824,2.3254108428955,Paris,Porte d'Orléans,4be91604ee96c9286acefebf,0,Plaza,http://tour-pedia.org/api/getPlaceDetails?id=86152,http://tour-pedia.org/api/getReviewsByPlaceId?placeId=86152
Square des Innocents,attraction,86158,48.860621,2.348,Paris,Fontaine des Innocents,4be980189a54a59364230b11,0,Plaza,http://tour-pedia.org/api/getPlaceDetails?id=86158,http://tour-pedia.org/api/getReviewsByPlaceId?placeId=86158
6 avenue Jean Aicard,attraction,86178,48.864762344963,2.381445863515,Paris,La Fine Mousse,4beb0bac62c0c92806a1e1d4,0,Bar,http://tour-pedia.org/api/getPlaceDetails?id=86178,http://tour-pedia.org/api/getReviewsByPlaceId?placeId=86178
Stade Roland-Garros,attraction,86181,48.847321200379,2.2464680671692,Paris,Court Suzanne Lenglen,4beb9e890acf76b0e88e3cc8,0,Tennis,http://tour-pedia.org/api/getPlaceDetails?id=86181,http://tour-pedia.org/api/getReviewsByPlaceId?placeId=86181
Porte de Vincennes,attraction,86184,48.846699889982,2.4144387245178,Paris,Porte de Vincennes,4bebb7e5b3352d7f12cb56d2,0,Plaza,http://tour-pedia.org/api/getPlaceDetails?id=86184,http://tour-pedia.org/api/getReviewsByPlaceId?placeId=86184
Place Saint-Augustin,attraction,86189,48.874750016601,2.3199820518494,Paris,Place Saint-Augustin,4bec26a7b3352d7f9d4b57d2,0,Plaza,http://tour-pedia.org/api/getPlaceDetails?id=86189,http://tour-pedia.org/api/getReviewsByPlaceId?placeId=86189
,attraction,86192,48.881019035659,2.3670826573053,Paris,IBS Consulting,4bed13716e8c20a1badf6f61,0,Auditorium,http://tour-pedia.org/api/getPlaceDetails?id=86192,http://tour-pedia.org/api/getReviewsByPlaceId?placeId=86192
Stade Roland-Garros,attraction,86193,48.846608104837,2.2504699230194,Paris,Court n°1,4bed27ae91380f47b0789f18,0,Tennis,http://tour-pedia.org/api/getPlaceDetails?id=86193,http://tour-pedia.org/api/getReviewsByPlaceId?placeId=86193
56 rue du capitaine Ferber,attraction,86196,48.867209,2.407983,Paris,Studio Ferber,4bed3f80e3562d7fe7b0fef8,0,Music Venue,http://tour-pedia.org/api/getPlaceDetails?id=86196,http://tour-pedia.org/api/getReviewsByPlaceId?placeId=86196
Place Tristan Bernard,attraction,86199,48.878791,2.290851,Paris,Église Saint-Ferdinand-des-Ternes,4bed798d6e8c20a12e667061,0,Church,http://tour-pedia.org/api/getPlaceDetails?id=86199,http://tour-pedia.org/api/getReviewsByPlaceId?placeId=86199
7-9 rue Francis de Pressensé,attraction,86200,48.833929548111,2.3164764046669,Paris,L'Entrepôt - Expo Concert,4bed8ea991380f47e915a018,0,Music Venue,http://tour-pedia.org/api/getPlaceDetails?id=86200,http://tour-pedia.org/api/getReviewsByPlaceId?placeId=86200
Cité des Sciences et de l'industrie,attraction,86207,48.895850839822,2.3937193368112,Paris,Carrefour Numérique,4bee8e57e8c3c9281ccc9892,0,Science Museum,http://tour-pedia.org/api/getPlaceDetails?id=86207,http://tour-pedia.org/api/getReviewsByPlaceId?placeId=86207
Hôtel des Invalides,attraction,86213,48.856456397279,2.3127722740173,Paris,Cour d'Honneur des Invalides,4beefdf0ea570f4714bc8ed2,0,Plaza,http://tour-pedia.org/api/getPlaceDetails?id=86213,http://tour-pedia.org/api/getReviewsByPlaceId?placeId=86213
254 rue de la Convention,attraction,86220,48.83531373637,2.3027464417408,Paris,Tasco Café,4bf02402f831c92846a001f2,0,Brewery,http://tour-pedia.org/api/getPlaceDetails?id=86220,http://tour-pedia.org/api/getReviewsByPlaceId?placeId=86220
Place Henri Mondor,attraction,86241,48.852376121182,2.3388433456421,Paris,Carrefour de l'Odéon,4bf2c8d882002d7f08f5d0bb,0,Plaza,http://tour-pedia.org/api/getPlaceDetails?id=86241,http://tour-pedia.org/api/getReviewsByPlaceId?placeId=86241
Pont de Sully,attraction,86245,48.850117001772,2.3590672016144,Paris,Pont de Sully,4bf3cf4f6a31d13a77f9942e,0,Bridge,http://tour-pedia.org/api/getPlaceDetails?id=86245,http://tour-pedia.org/api/getReviewsByPlaceId?placeId=86245
Place de l'Hôtel de Ville,attraction,86248,48.856738757024,2.3515462875366,Paris,Place de l'Hôtel de Ville — Esplanade de la Libération,4bf41231e5eba59334341f90,0,Plaza,http://tour-pedia.org/api/getPlaceDetails?id=86248,http://tour-pedia.org/api/getReviewsByPlaceId?placeId=86248
36 rue de Clignancourt,attraction,86251,48.886672452855,2.3475664650128,Paris,Le Troquet,4bf41b65cad2c92852859b99,0,Bar,http://tour-pedia.org/api/getPlaceDetails?id=86251,http://tour-pedia.org/api/getReviewsByPlaceId?placeId=86251
,attraction,86254,48.837068930985,2.379156843786,Paris,Skatepark De Bercy,4bf44982cad2c928e7be9b99,0,Skate Park,http://tour-pedia.org/api/getPlaceDetails?id=86254,http://tour-pedia.org/api/getReviewsByPlaceId?placeId=86254
Quai de la Tournelle,attraction,86262,48.850857240568,2.3531041813491,Paris,Quai de la Tournelle,4bf5227aff90c9b68cf55528,0,Other Great Outdoors,http://tour-pedia.org/api/getPlaceDetails?id=86262,http://tour-pedia.org/api/getReviewsByPlaceId?placeId=86262
2 avenue René Coty,attraction,86281,48.833508024374,2.3327941489858,Paris,Le Lakanal,4bf6d70913aed13aba4beaf7,0,Bar,http://tour-pedia.org/api/getPlaceDetails?id=86281,http://tour-pedia.org/api/getReviewsByPlaceId?placeId=86281
133 Avenue des Champs-Élysées,attraction,86296,48.872943537006,2.2973656654358,Paris,Publicis Cinéma,4bf7fe8f5ec320a108dc87d3,0,Movie Theater,http://tour-pedia.org/api/getPlaceDetails?id=86296,http://tour-pedia.org/api/getReviewsByPlaceId?placeId=86296
Place des Petits Pères,attraction,86301,48.866772,2.341013,Paris,Basilique Notre-Dame-des-Victoires,4bf8ff945317a59303a7007f,0,Church,http://tour-pedia.org/api/getPlaceDetails?id=86301,http://tour-pedia.org/api/getReviewsByPlaceId?placeId=86301
Stade Roland Garros,attraction,86302,48.846092692827,2.2502446174622,Paris,Le Village,4bf92201b182c9b60172785a,0,Tennis,http://tour-pedia.org/api/getPlaceDetails?id=86302,http://tour-pedia.org/api/getReviewsByPlaceId?placeId=86302
Pont Charles de Gaulle,attraction,86304,48.842591,2.369099,Paris,Pont Charles de Gaulle,4bf92c75508c0f472f143f31,0,Bridge,http://tour-pedia.org/api/getPlaceDetails?id=86304,http://tour-pedia.org/api/getReviewsByPlaceId?placeId=86304
Rue Sainte Marthe,attraction,86310,48.874082267681,2.3725421532831,Paris,Place Sainte Marthe,4bf981b15317a593a965017f,0,Park,http://tour-pedia.org/api/getPlaceDetails?id=86310,http://tour-pedia.org/api/getReviewsByPlaceId?placeId=86310
,attraction,86311,48.891747561035,2.3316004599372,Paris,Square Carpeaux,4bfa45ef5ec320a1ce668bd3,0,Park,http://tour-pedia.org/api/getPlaceDetails?id=86311,http://tour-pedia.org/api/getReviewsByPlaceId?placeId=86311
Pont de la Concorde,attraction,86317,48.86338,2.31957,Paris,Pont de la Concorde,4bfa8529b182c9b680677a5a,0,Bridge,http://tour-pedia.org/api/getPlaceDetails?id=86317,http://tour-pedia.org/api/getReviewsByPlaceId?placeId=86317
Route des Îles,attraction,86319,48.831616627635,2.4109840393066,Paris,Île de Bercy,4bfa95665efe2d7f28ca6d34,0,Island,http://tour-pedia.org/api/getPlaceDetails?id=86319,http://tour-pedia.org/api/getReviewsByPlaceId?placeId=86319
Place Sainte-Opportune,attraction,86331,48.859562266876,2.3470616340637,Paris,Place Sainte-Opportune,4bfc0e92e9d8c92804f8b1c7,0,Plaza,http://tour-pedia.org/api/getPlaceDetails?id=86331,http://tour-pedia.org/api/getReviewsByPlaceId?placeId=86331
Parvis de Notre-Dame,attraction,86357,48.85340681055,2.3484563827515,Paris,Parvis de Notre-Dame,4c00046cc30a2d7fbeda111d,0,Plaza,http://tour-pedia.org/api/getPlaceDetails?id=86357,http://tour-pedia.org/api/getReviewsByPlaceId?placeId=86357
17 boulevard Poissonnière,attraction,86365,48.871066422699,2.3450231552124,Paris,James Hetfeeld's Pub,4c011df7cf3aa5934a75ccb0,0,Pub,http://tour-pedia.org/api/getPlaceDetails?id=86365,http://tour-pedia.org/api/getReviewsByPlaceId?placeId=86365
9 avenue Gabriel,attraction,86366,48.867311982804,2.3178148269653,Paris,Studio Gabriel,4c01205b9a950f47619008c6,0,Auditorium,http://tour-pedia.org/api/getPlaceDetails?id=86366,http://tour-pedia.org/api/getReviewsByPlaceId?placeId=86366
Boulevard Ney,attraction,86371,48.898454014976,2.3292517662048,Paris,Porte de Saint-Ouen,4c02add6187ec928cc8eb47b,0,Plaza,http://tour-pedia.org/api/getPlaceDetails?id=86371,http://tour-pedia.org/api/getReviewsByPlaceId?placeId=86371
Avenue Gambetta,attraction,86383,48.864805210612,2.3951110459331,Paris,Place Martin Nadaud,4c04b56e73a8c9b65c7496e0,0,Plaza,http://tour-pedia.org/api/getPlaceDetails?id=86383,http://tour-pedia.org/api/getReviewsByPlaceId?placeId=86383
46 rue des Grands Moulins,attraction,86394,48.82814174946,2.3772311210632,Paris,Jardin Cyprian Norwid,4c063ee0d3842d7fe844bf41,0,Playground,http://tour-pedia.org/api/getPlaceDetails?id=86394,http://tour-pedia.org/api/getReviewsByPlaceId?placeId=86394
Rue Réaumur,attraction,86396,48.867837656795,2.3474642332936,Paris,Le Sentier,4c06720cd3842d7f2699bf41,0,Neighborhood,http://tour-pedia.org/api/getPlaceDetails?id=86396,http://tour-pedia.org/api/getReviewsByPlaceId?placeId=86396
Stade Roland Garros,attraction,86402,48.848360870973,2.2507623562204,Paris,Les Jardins de Roland Garros,4c07926bcf8c76b05d273c65,0,Park,http://tour-pedia.org/api/getPlaceDetails?id=86402,http://tour-pedia.org/api/getReviewsByPlaceId?placeId=86402
rue du Château Landon,attraction,86406,48.879038345413,2.3623499709477,Paris,Château-Landon,4c0804c0bbc676b053e045d5,0,Bar,http://tour-pedia.org/api/getPlaceDetails?id=86406,http://tour-pedia.org/api/getReviewsByPlaceId?placeId=86406
Roland Garros,attraction,86410,48.847722730063,2.2499850686345,Paris,Court n°2,4c08cb627e3fc928b3d7f082,0,Tennis,http://tour-pedia.org/api/getPlaceDetails?id=86410,http://tour-pedia.org/api/getReviewsByPlaceId?placeId=86410
8 avenue du Mahatma Gandhi,attraction,86414,48.876477118171,2.2631754960908,Paris,Fondation Louis Vuitton (chantier),4c08f9cf6071a5933b09dd32,0,Museum,http://tour-pedia.org/api/getPlaceDetails?id=86414,http://tour-pedia.org/api/getReviewsByPlaceId?placeId=86414
Parc du Champs de Mars,attraction,86417,48.853435048316,2.3019576072693,Paris,Mur de la Paix,4c09590332daef3beb734b50,0,Sculpture Garden,http://tour-pedia.org/api/getPlaceDetails?id=86417,http://tour-pedia.org/api/getReviewsByPlaceId?placeId=86417
148 Rue du Faubourg Saint-Martin,attraction,86420,48.8754249,2.3598265,Paris,Café A,4c0a9132ffb8c9b65ec66b61,0,Bar,http://tour-pedia.org/api/getPlaceDetails?id=86420,http://tour-pedia.org/api/getReviewsByPlaceId?placeId=86420
4 avenue maurice ravel,attraction,86423,48.841363510491,2.4120197730491,Paris,Theatre douze Maurice Ravel,4c0a9ace340720a1b3b88693,0,Dance Studio,http://tour-pedia.org/api/getPlaceDetails?id=86423,http://tour-pedia.org/api/getReviewsByPlaceId?placeId=86423
1 Rue Xaintrailles,attraction,86425,48.829599405192,2.3713012426219,Paris,Les Escapades,4c0ab1086071a593ca09e032,0,Brewery,http://tour-pedia.org/api/getPlaceDetails?id=86425,http://tour-pedia.org/api/getReviewsByPlaceId?placeId=86425
52 Rue François 1er,attraction,86447,48.869159362904,2.3029814595362,Paris,Hotel Powers,4c0e40edd64c0f4725d5275d,0,Hotel,http://tour-pedia.org/api/getPlaceDetails?id=86447,http://tour-pedia.org/api/getReviewsByPlaceId?placeId=86447
Place du 18 Juin 1940,attraction,86456,48.843790925132,2.3237800598145,Paris,Place du 18 Juin 1940,4c0f37d898102d7f45f7e406,0,Plaza,http://tour-pedia.org/api/getPlaceDetails?id=86456,http://tour-pedia.org/api/getReviewsByPlaceId?placeId=86456
160 rue de Rivoli,attraction,86465,48.861630386784,2.3400127887726,Paris,Temple protestant de l'Oratoire du Louvre,4c1134176b7e2d7f7fe12835,0,Temple,http://tour-pedia.org/api/getPlaceDetails?id=86465,http://tour-pedia.org/api/getReviewsByPlaceId?placeId=86465
8ème Arrondissement,attraction,86466,48.867890693032,2.3137378692627,Paris,8ème Arrondissement,4c118966d5599521ee4218b9,0,Neighborhood,http://tour-pedia.org/api/getPlaceDetails?id=86466,http://tour-pedia.org/api/getReviewsByPlaceId?placeId=86466
Rue de la Butte aux Cailles,attraction,86468,48.827463696352,2.3487138748169,Paris,La Butte aux Cailles,4c126e27a1010f47cad14818,0,Neighborhood,http://tour-pedia.org/api/getPlaceDetails?id=86468,http://tour-pedia.org/api/getReviewsByPlaceId?placeId=86468
"6, av de la Porte de la Chapelle",attraction,86470,48.899512399284,2.3590004047982,Paris,Les Bowlings Sympas,4c1357e87f7f2d7f08eede68,0,Bowling Alley,http://tour-pedia.org/api/getPlaceDetails?id=86470,http://tour-pedia.org/api/getReviewsByPlaceId?placeId=86470
Square de Clignancourt,attraction,86482,48.893065164227,2.3466217517853,Paris,Square de Clignancourt,4c1603b2a1010f4739cb4e18,0,Park,http://tour-pedia.org/api/getPlaceDetails?id=86482,http://tour-pedia.org/api/getReviewsByPlaceId?placeId=86482
33 rue de la Butte aux Cailles,attraction,86492,48.827511697638,2.3482695849191,Paris,La Folie en Tête,4c17886f30d30f47e49f36a9,0,Bar,http://tour-pedia.org/api/getPlaceDetails?id=86492,http://tour-pedia.org/api/getReviewsByPlaceId?placeId=86492
13 rue d'Odessa,attraction,86497,48.842282082823,2.3244539220409,Paris,La Vache au Comptoir,4c18abab6a21c9b68049c997,0,Bar,http://tour-pedia.org/api/getPlaceDetails?id=86497,http://tour-pedia.org/api/getReviewsByPlaceId?placeId=86497
,attraction,86510,48.849611543361,2.3979203767817,Paris,Le Muguet,4c1b9635b9f876b02c717a46,0,Bar,http://tour-pedia.org/api/getPlaceDetails?id=86510,http://tour-pedia.org/api/getReviewsByPlaceId?placeId=86510
18-22 Rue des Panoyaux,attraction,86511,48.866364,2.386101,Paris,Cale Sèche,4c1bb7b7b306c928b9a962b7,0,Bar,http://tour-pedia.org/api/getPlaceDetails?id=86511,http://tour-pedia.org/api/getReviewsByPlaceId?placeId=86511
,attraction,86517,48.843038901272,2.3489845862476,Paris,Rue Du Pot De Fer,4c1cd616b306c9284a7064b7,0,Plaza,http://tour-pedia.org/api/getPlaceDetails?id=86517,http://tour-pedia.org/api/getReviewsByPlaceId?placeId=86517
Place Léon Blum,attraction,86519,48.857811709529,2.3803424835205,Paris,Place Léon Blum,4c1d0c1463750f47638db767,0,Plaza,http://tour-pedia.org/api/getPlaceDetails?id=86519,http://tour-pedia.org/api/getReviewsByPlaceId?placeId=86519
Place Jules Joffrin,attraction,86522,48.892557284466,2.3447012901306,Paris,Place Jules Joffrin,4c1defc6eac020a121f748c2,0,Plaza,http://tour-pedia.org/api/getPlaceDetails?id=86522,http://tour-pedia.org/api/getReviewsByPlaceId?placeId=86522
75 Rue Brancion,attraction,86523,48.831705,2.302979,Paris,Aux Sportifs Réunis,4c1df6478b3aa593ff5b9b5f,0,Sports Bar,http://tour-pedia.org/api/getPlaceDetails?id=86523,http://tour-pedia.org/api/getReviewsByPlaceId?placeId=86523
Place de Rhin et Danube,attraction,86526,48.882017615155,2.393034696579,Paris,Place de Rhin et Danube,4c1e2517eac020a1e83449c2,0,Plaza,http://tour-pedia.org/api/getPlaceDetails?id=86526,http://tour-pedia.org/api/getReviewsByPlaceId?placeId=86526
12 rue Neuve de la Chardonnière,attraction,86529,48.895202,2.348025,Paris,Théâtre Alambic Comédie,4c1e689663750f472eb2b967,0,Theater,http://tour-pedia.org/api/getPlaceDetails?id=86529,http://tour-pedia.org/api/getReviewsByPlaceId?placeId=86529
Rue de Dunkerque,attraction,86530,48.879986513598,2.3552998128553,Paris,Au Rendez-Vous des Belges,4c1e7748eac020a1d7c249c2,0,Pub,http://tour-pedia.org/api/getPlaceDetails?id=86530,http://tour-pedia.org/api/getReviewsByPlaceId?placeId=86530
,attraction,86556,48.877474,2.259117,Paris,La Boule du Lac Saint-James,4c239961905a0f47bf605e60,0,Stadium,http://tour-pedia.org/api/getPlaceDetails?id=86556,http://tour-pedia.org/api/getReviewsByPlaceId?placeId=86556
Place Flora Tristan,attraction,86565,48.832321108615,2.3206499218941,Paris,Place Flora Tristan,4c25d8025c5ca593891045fe,0,Plaza,http://tour-pedia.org/api/getPlaceDetails?id=86565,http://tour-pedia.org/api/getReviewsByPlaceId?placeId=86565
,attraction,86570,48.868796093376,2.2756992234366,Paris,Rue Du General Appert,4c25f8efc11dc9b6b10c2824,0,Other Great Outdoors,http://tour-pedia.org/api/getPlaceDetails?id=86570,http://tour-pedia.org/api/getReviewsByPlaceId?placeId=86570
Place de la Porte de Saint-Cloud,attraction,86576,48.837880687362,2.2570037841797,Paris,Place de la Porte de Saint-Cloud,4c278830f1272d7fdb5088c5,0,Plaza,http://tour-pedia.org/api/getPlaceDetails?id=86576,http://tour-pedia.org/api/getReviewsByPlaceId?placeId=86576
"2, avenue d'Iéna",attraction,86581,48.863171910389,2.2923230829573,Paris,Centre Culturel Coréen,4c28c8d797d00f47235c40ea,0,Spiritual Center,http://tour-pedia.org/api/getPlaceDetails?id=86581,http://tour-pedia.org/api/getReviewsByPlaceId?placeId=86581
Rue de la Gaîté,attraction,86582,48.839584613853,2.323351420817,Paris,Rue de la Gaîté,4c28d2a0fe6e2d7f7cd6533c,0,Other Great Outdoors,http://tour-pedia.org/api/getPlaceDetails?id=86582,http://tour-pedia.org/api/getReviewsByPlaceId?placeId=86582
Place Wagram,attraction,86597,48.887379438055,2.3047041893005,Paris,Place Wagram,4c2c4a6f8abca59379850120,0,Plaza,http://tour-pedia.org/api/getPlaceDetails?id=86597,http://tour-pedia.org/api/getReviewsByPlaceId?placeId=86597
,attraction,86603,48.841024,2.392981,Paris,Ryad Al Madina,4c2ceeecae6820a11e231a43,0,Lounge,http://tour-pedia.org/api/getPlaceDetails?id=86603,http://tour-pedia.org/api/getReviewsByPlaceId?placeId=86603
Avenue de La Motte-Picquet,attraction,86608,48.851500724507,2.3050689697266,Paris,École Militaire,4c2f103c66e40f476345c18b,0,Military Base,http://tour-pedia.org/api/getPlaceDetails?id=86608,http://tour-pedia.org/api/getReviewsByPlaceId?placeId=86608
Le Marais,attraction,86609,48.857952144367,2.3565460062096,Paris,Le Marais,4c2f45ff16adc928bc34bd9c,0,Neighborhood,http://tour-pedia.org/api/getPlaceDetails?id=86609,http://tour-pedia.org/api/getReviewsByPlaceId?placeId=86609
,attraction,86617,48.843955,2.249936,Paris,Laureline's Garden,4c30a94a16adc928d36ebf9c,0,Garden,http://tour-pedia.org/api/getPlaceDetails?id=86617,http://tour-pedia.org/api/getReviewsByPlaceId?placeId=86617
20 Rue de l'Ouest,attraction,86626,48.837139958754,2.3211313526705,Paris,L'Alchimie,4c3248c9ed37a5936f9c6b03,0,Hookah Bar,http://tour-pedia.org/api/getPlaceDetails?id=86626,http://tour-pedia.org/api/getReviewsByPlaceId?placeId=86626
Place d'Iéna,attraction,86627,48.864820629424,2.2938895225525,Paris,Place d'Iéna,4c325ed8452620a17d02220f,0,Plaza,http://tour-pedia.org/api/getPlaceDetails?id=86627,http://tour-pedia.org/api/getReviewsByPlaceId?placeId=86627
Place Dalida,attraction,86631,48.888550496562,2.338103055954,Paris,Place Dalida,4c33288866e40f474c7fc78b,0,Plaza,http://tour-pedia.org/api/getPlaceDetails?id=86631,http://tour-pedia.org/api/getReviewsByPlaceId?placeId=86631
61 avenue de la Porte d'Auteuil,attraction,86641,48.847756647361,2.2443592083386,Paris,Gymnase et Tennis du Fonds des Princes,4c346f4866e40f47f275c98b,0,Gym,http://tour-pedia.org/api/getPlaceDetails?id=86641,http://tour-pedia.org/api/getReviewsByPlaceId?placeId=86641
Quai Saint-Michel,attraction,86643,48.853357394421,2.3456239700317,Paris,Quai Saint-Michel,4c34c935213c2d7f1914395d,0,Trail,http://tour-pedia.org/api/getPlaceDetails?id=86643,http://tour-pedia.org/api/getReviewsByPlaceId?placeId=86643
Rue Lamarck,attraction,86652,48.889771,2.338615,Paris,Escaliers de Lamarck-Caulaincourt,4c364e3fdfb0e21e69d7aaa8,0,Plaza,http://tour-pedia.org/api/getPlaceDetails?id=86652,http://tour-pedia.org/api/getReviewsByPlaceId?placeId=86652
9 Avenue de la Porte des Lilas,attraction,86659,48.878707127823,2.4081461512975,Paris,Jardin Serge Gainsbourg,4c3874fa0a71c9b6e79f40c9,0,Garden,http://tour-pedia.org/api/getPlaceDetails?id=86659,http://tour-pedia.org/api/getReviewsByPlaceId?placeId=86659
Place du Docteur Félix Lobligeois,attraction,86663,48.886529,2.318312,Paris,Place du Docteur Félix Lobligeois,4c39c7ecdfb0e21ea5f0b0a8,0,Plaza,http://tour-pedia.org/api/getPlaceDetails?id=86663,http://tour-pedia.org/api/getReviewsByPlaceId?placeId=86663
99 Rue Saint-Antoine,attraction,86665,48.854755146112,2.3615026473999,Paris,Église Saint-Paul Saint-Louis,4c39cf32dfb0e21efcfab0a8,0,Church,http://tour-pedia.org/api/getPlaceDetails?id=86665,http://tour-pedia.org/api/getReviewsByPlaceId?placeId=86665
15ème Arrondissement,attraction,86670,48.843300520397,2.2880205181382,Paris,15ème Arrondissement,4c3a265b0a71c9b650c043c9,0,Neighborhood,http://tour-pedia.org/api/getPlaceDetails?id=86670,http://tour-pedia.org/api/getReviewsByPlaceId?placeId=86670
Pont d'Iéna,attraction,86691,48.859745789504,2.2921085357666,Paris,Pont d'Iéna,4c3f6eeece54e21eb60b081a,0,Bridge,http://tour-pedia.org/api/getPlaceDetails?id=86691,http://tour-pedia.org/api/getReviewsByPlaceId?placeId=86691
103 boulevard Malesherbes,attraction,86695,48.87940704594,2.314145565033,Paris,Grand Café de la Poste,4c408696e26920a147005de7,0,Bar,http://tour-pedia.org/api/getPlaceDetails?id=86695,http://tour-pedia.org/api/getReviewsByPlaceId?placeId=86695
Place Félix Eboué,attraction,86699,48.839610757469,2.3957920074463,Paris,Place Félix Eboué,4c40ed7bd691c9b6a9ff8b0a,0,Plaza,http://tour-pedia.org/api/getPlaceDetails?id=86699,http://tour-pedia.org/api/getReviewsByPlaceId?placeId=86699
Bois de Boulogne,attraction,86700,48.857388178393,2.2570896148682,Paris,Lac Supérieur,4c4174ab520fa59397aec9ac,0,Lake,http://tour-pedia.org/api/getPlaceDetails?id=86700,http://tour-pedia.org/api/getReviewsByPlaceId?placeId=86700
Place Jacques Bonsergent,attraction,86711,48.871059365745,2.3609018325806,Paris,Place Jacques Bonsergent,4c4338d4cc410f4787e0ad61,0,Plaza,http://tour-pedia.org/api/getPlaceDetails?id=86711,http://tour-pedia.org/api/getReviewsByPlaceId?placeId=86711
7 rue Duvergier,attraction,86719,48.888986731843,2.376908499903,Paris,Campus Langues Paris,4c446dc58c1f20a1a75c3c99,0,School,http://tour-pedia.org/api/getPlaceDetails?id=86719,http://tour-pedia.org/api/getReviewsByPlaceId?placeId=86719
31 Quai de la Loire,attraction,86724,48.887193303682,2.3775007111179,Paris,Pont Qui Bouge,4c45e3e1f1b5c9b639e777ef,0,Bridge,http://tour-pedia.org/api/getPlaceDetails?id=86724,http://tour-pedia.org/api/getReviewsByPlaceId?placeId=86724
79 rue de l'Ouest,attraction,86735,48.835454668374,2.3176536722671,Paris,Utopia,4c4763d519fde21e98220876,0,Jazz Club,http://tour-pedia.org/api/getPlaceDetails?id=86735,http://tour-pedia.org/api/getReviewsByPlaceId?placeId=86735
,attraction,86766,48.837572776551,2.3463428055212,Paris,Aux Marsouins,4c4f3a33a7351b8d9295c392,0,Bar,http://tour-pedia.org/api/getPlaceDetails?id=86766,http://tour-pedia.org/api/getReviewsByPlaceId?placeId=86766
Rue Gros,attraction,86780,48.851790171876,2.2752106189728,Paris,Square Henri Collet,4c52fae82543a593e7c33886,0,Garden,http://tour-pedia.org/api/getPlaceDetails?id=86780,http://tour-pedia.org/api/getReviewsByPlaceId?placeId=86780
Rue Mallet Stevens,attraction,86789,48.854920475946,2.2660412406592,Paris,Rue Mallet Stevens,4c55ab624623be9ad053ddf4,0,Plaza,http://tour-pedia.org/api/getPlaceDetails?id=86789,http://tour-pedia.org/api/getReviewsByPlaceId?placeId=86789
Route du Point du Jour à Suresnes,attraction,86792,48.851794,2.24114,Paris,Banc Public,4c5631f77329c92878428c80,0,Park,http://tour-pedia.org/api/getPlaceDetails?id=86792,http://tour-pedia.org/api/getReviewsByPlaceId?placeId=86792
Rue Saint-Charles,attraction,86822,48.842458843789,2.2812070780869,Paris,Place Saint Charles,4c5d1fe6ed29ef3b93bd8c76,0,Other Great Outdoors,http://tour-pedia.org/api/getPlaceDetails?id=86822,http://tour-pedia.org/api/getReviewsByPlaceId?placeId=86822
Place Hannah Arendt,attraction,86826,48.877717,2.385852,Paris,FRAC Île-de-France — Le Plateau,4c5ec31485a1e21eadf35c11,0,Art Museum,http://tour-pedia.org/api/getPlaceDetails?id=86826,http://tour-pedia.org/api/getReviewsByPlaceId?placeId=86826
Route de la Grande Cascade,attraction,86836,48.86304908174,2.2424554824829,Paris,Lac de la Grande Cascade,4c6147ea1e5cd13a2394a3ed,0,Lake,http://tour-pedia.org/api/getPlaceDetails?id=86836,http://tour-pedia.org/api/getReviewsByPlaceId?placeId=86836
58 Rue la Condamine,attraction,86839,48.885806857497,2.3213984067271,Paris,Le Petit Village,4c62de51de1b2d7fbc4fe370,0,Bar,http://tour-pedia.org/api/getPlaceDetails?id=86839,http://tour-pedia.org/api/getReviewsByPlaceId?placeId=86839
59 rue Vercingétorix,attraction,86849,48.836034,2.31701,Paris,Église Notre-Dame-du-Travail,4c66a5a58e9120a1ac65d864,0,Church,http://tour-pedia.org/api/getPlaceDetails?id=86849,http://tour-pedia.org/api/getReviewsByPlaceId?placeId=86849
Rue Guersant,attraction,86857,48.881931047049,2.2894097375759,Paris,Rue Guersant,4c69d84ac946e21e1959eb8e,0,Building,http://tour-pedia.org/api/getPlaceDetails?id=86857,http://tour-pedia.org/api/getReviewsByPlaceId?placeId=86857
Place de la Porte de Champerret,attraction,86867,48.885876774618,2.290381193161,Paris,Porte de Champerret,4c6b49e4e13db60ce815d4b1,0,Plaza,http://tour-pedia.org/api/getPlaceDetails?id=86867,http://tour-pedia.org/api/getReviewsByPlaceId?placeId=86867
7-19 Rue Emile Durkheim,attraction,86886,48.832195401192,2.3780089616776,Paris,Square Georges Duhamel,4c6fe308d97fa1437d30f4ca,0,Playground,http://tour-pedia.org/api/getPlaceDetails?id=86886,http://tour-pedia.org/api/getReviewsByPlaceId?placeId=86886
12 rue Daru,attraction,86888,48.877594,2.302033,Paris,Cathédrale Saint-Alexandre-Nevsky,4c7046b2d274b60c7a3ad90d,0,Church,http://tour-pedia.org/api/getPlaceDetails?id=86888,http://tour-pedia.org/api/getReviewsByPlaceId?placeId=86888
La Seine,attraction,86890,48.858094061629,2.33882188797,Paris,La Seine,4c7057399c6d6dcbf269d27a,0,River,http://tour-pedia.org/api/getPlaceDetails?id=86890,http://tour-pedia.org/api/getReviewsByPlaceId?placeId=86890
Boulevard Saint-Germain,attraction,86895,48.854451597294,2.3336291313171,Paris,Saint-Germain-des-Prés,4c72a68f376da093f4eca6c6,0,Neighborhood,http://tour-pedia.org/api/getPlaceDetails?id=86895,http://tour-pedia.org/api/getReviewsByPlaceId?placeId=86895
8 boulevard de Denain,attraction,86919,48.879251462243,2.3542504129494,Paris,Hideout,4c77ba3259a3236a3c8cc218,0,Bar,http://tour-pedia.org/api/getPlaceDetails?id=86919,http://tour-pedia.org/api/getReviewsByPlaceId?placeId=86919
123 Avenue Jean Jaurès,attraction,86921,48.885932,2.382038,Paris,Abracadabar,4c77fcf0a8683704d6b40b4d,0,Concert Hall,http://tour-pedia.org/api/getPlaceDetails?id=86921,http://tour-pedia.org/api/getReviewsByPlaceId?placeId=86921
Rue de lourmel,attraction,86924,48.842454343152,2.2848127518961,Paris,Rue de Lourmel,4c791496bd346dcb3e10f4ef,0,Other Great Outdoors,http://tour-pedia.org/api/getPlaceDetails?id=86924,http://tour-pedia.org/api/getReviewsByPlaceId?placeId=86924
230 boulevard Voltaire,attraction,86925,48.852269184974,2.3892067247234,Paris,L'Aquarium,4c7944282d3ba143438f8dd0,0,Bar,http://tour-pedia.org/api/getPlaceDetails?id=86925,http://tour-pedia.org/api/getReviewsByPlaceId?placeId=86925
Rue de la Madone,attraction,86934,48.892212491788,2.3616876269256,Paris,Square de la Madone,4c7a1a163badb1f7dd595154,0,Plaza,http://tour-pedia.org/api/getPlaceDetails?id=86934,http://tour-pedia.org/api/getReviewsByPlaceId?placeId=86934
40 rue de Citeaux,attraction,86936,48.850310815514,2.3813999940463,Paris,Ecole de Danse Latine,4c7a500abd346dcb1617f8ef,0,School,http://tour-pedia.org/api/getPlaceDetails?id=86936,http://tour-pedia.org/api/getReviewsByPlaceId?placeId=86936
Place Geneviève de Gaulle Anthonioz,attraction,86952,48.837381074365,2.2963598370552,Paris,Place de la Convention,4c7d88723b22a1cdb8415f9e,0,Plaza,http://tour-pedia.org/api/getPlaceDetails?id=86952,http://tour-pedia.org/api/getReviewsByPlaceId?placeId=86952
Porte de Pantin,attraction,86955,48.889622767045,2.3963713645935,Paris,Porte de Pantin,4c7e0c18d6543704162bc2a2,0,Plaza,http://tour-pedia.org/api/getPlaceDetails?id=86955,http://tour-pedia.org/api/getReviewsByPlaceId?placeId=86955
Cathédrale américaine de la Sainte-Trinité de Paris,attraction,86957,48.867536,2.300807,Paris,American Cathedral in Paris,4c7e29f010916dcb9c682b96,0,Church,http://tour-pedia.org/api/getPlaceDetails?id=86957,http://tour-pedia.org/api/getReviewsByPlaceId?placeId=86957
Quais de Seine,attraction,86967,48.833776876454,2.3782688256022,Paris,Quai François Mauriac,4c7fa760e4b06dcb48a047d7,0,Other Great Outdoors,http://tour-pedia.org/api/getPlaceDetails?id=86967,http://tour-pedia.org/api/getReviewsByPlaceId?placeId=86967
15-17 rue Joseph de Maistre,attraction,86969,48.886328,2.333431,Paris,Le Vingt Heures Vin,4c7fe01fd34ca14325231480,0,Wine Bar,http://tour-pedia.org/api/getPlaceDetails?id=86969,http://tour-pedia.org/api/getReviewsByPlaceId?placeId=86969
Square Louise Michel,attraction,86970,48.885638829663,2.3431343237133,Paris,Les Escaliers de Montmartre,4c80167edc018cfa5d5db96c,0,Trail,http://tour-pedia.org/api/getPlaceDetails?id=86970,http://tour-pedia.org/api/getReviewsByPlaceId?placeId=86970
Avenue de la Porte d'Asnières,attraction,86973,48.891075939026,2.3024940490723,Paris,Porte d'Asnières,4c80c8d9d8086dcbd37b6652,0,Plaza,http://tour-pedia.org/api/getPlaceDetails?id=86973,http://tour-pedia.org/api/getReviewsByPlaceId?placeId=86973
Place Vauban,attraction,86975,48.854493953053,2.3125147819519,Paris,Jardin des Invalides,4c8125b3d4e2370499d85a88,0,Garden,http://tour-pedia.org/api/getPlaceDetails?id=86975,http://tour-pedia.org/api/getReviewsByPlaceId?placeId=86975
rue de Chanzy,attraction,86977,48.852075986244,2.3857489133144,Paris,Jardin de la Cité Prost,4c8147a3e602b1f7d649917a,0,Garden,http://tour-pedia.org/api/getPlaceDetails?id=86977,http://tour-pedia.org/api/getReviewsByPlaceId?placeId=86977
Place Raoul Dautry,attraction,86984,48.841594968388,2.3208832740784,Paris,Place Raoul Dautry,4c822ebe51ada1cd3fad1910,0,Plaza,http://tour-pedia.org/api/getPlaceDetails?id=86984,http://tour-pedia.org/api/getReviewsByPlaceId?placeId=86984
Place Georges Pompidou,attraction,86987,48.860691626223,2.3515677452087,Paris,Place Georges Pompidou,4c827cfc2f1c236a94cc3943,0,Plaza,http://tour-pedia.org/api/getPlaceDetails?id=86987,http://tour-pedia.org/api/getReviewsByPlaceId?placeId=86987
,attraction,86989,48.834794771571,2.406616675539,Paris,Square Van Vollenhoven,4c836750d4e2370445a77088,0,Park,http://tour-pedia.org/api/getPlaceDetails?id=86989,http://tour-pedia.org/api/getReviewsByPlaceId?placeId=86989
325 rue Lecourbe,attraction,86993,48.837414,2.284985,Paris,Chez Roberto,4c83d503e602b1f72934a97a,0,Bar,http://tour-pedia.org/api/getPlaceDetails?id=86993,http://tour-pedia.org/api/getReviewsByPlaceId?placeId=86993
Parc Suzanne Lenglen,attraction,87005,48.830769118593,2.270565032959,Paris,Centre Sportif Suzanne Lenglen,4c8660e8d92ea09381b06d72,0,Athletics & Sports,http://tour-pedia.org/api/getPlaceDetails?id=87005,http://tour-pedia.org/api/getReviewsByPlaceId?placeId=87005
3 rue des Prêtres Saint-Séverin,attraction,87014,48.852114915712,2.3456132411957,Paris,Église Saint-Séverin,4c87af20d8086dcbfd2ba452,0,Church,http://tour-pedia.org/api/getPlaceDetails?id=87014,http://tour-pedia.org/api/getReviewsByPlaceId?placeId=87014
41 Quai de l'Oise,attraction,87015,48.892422,2.385491,Paris,La Plage,4c87d51633453704662b1672,0,Cocktail Bar,http://tour-pedia.org/api/getPlaceDetails?id=87015,http://tour-pedia.org/api/getReviewsByPlaceId?placeId=87015
16-18 rue du Quatre Septembre,attraction,87021,48.870213748971,2.3360498294965,Paris,Le Centorial,4c89151ded0aa14358b1aef3,0,Building,http://tour-pedia.org/api/getPlaceDetails?id=87021,http://tour-pedia.org/api/getReviewsByPlaceId?placeId=87021
Avenue des Champs-Élysées,attraction,87026,48.869005749965,2.3101490736008,Paris,Rond-Point des Champs-Élysées — Marcel Dassault,4c8a4207a92fa093fe7e8fbf,0,Plaza,http://tour-pedia.org/api/getPlaceDetails?id=87026,http://tour-pedia.org/api/getReviewsByPlaceId?placeId=87026
4 boulevard de Grenelle,attraction,87028,48.854129,2.289024,Paris,Eiffel Café,4c8a68233dc2a1cde49cac32,0,Bar,http://tour-pedia.org/api/getPlaceDetails?id=87028,http://tour-pedia.org/api/getReviewsByPlaceId?placeId=87028
16 Rue de Cotte,attraction,87033,48.850009,2.378104,Paris,Nul Bar Ailleurs,4c8ab85052a98cfac1422fe9,0,Bar,http://tour-pedia.org/api/getPlaceDetails?id=87033,http://tour-pedia.org/api/getReviewsByPlaceId?placeId=87033
Quai de l'Oise,attraction,87050,48.888000243571,2.3786044120789,Paris,Canal de l'Ourcq,4c8fb2cdb3bcb60c97f26327,0,River,http://tour-pedia.org/api/getPlaceDetails?id=87050,http://tour-pedia.org/api/getReviewsByPlaceId?placeId=87050
88-90 avenue de Saint-Ouen,attraction,87057,48.893162,2.327514,Paris,Le Championnet,4c91c475ae45224bb5afea97,0,Bar,http://tour-pedia.org/api/getPlaceDetails?id=87057,http://tour-pedia.org/api/getReviewsByPlaceId?placeId=87057
38 rue des Entrepreneurs,attraction,87063,48.846597,2.286165,Paris,Le Relais Charbon,4c927d8c1221b1f7440512e2,0,Brewery,http://tour-pedia.org/api/getPlaceDetails?id=87063,http://tour-pedia.org/api/getReviewsByPlaceId?placeId=87063
,attraction,87074,48.884476590238,2.2965203600229,Paris,Place Perreire,4c9493e038dd8cfaa733ca62,0,Other Great Outdoors,http://tour-pedia.org/api/getPlaceDetails?id=87074,http://tour-pedia.org/api/getReviewsByPlaceId?placeId=87074
Place Rodin,attraction,87081,48.853307978243,2.2709834575653,Paris,Place Rodin,4c94e77194a0236a3bd19012,0,Plaza,http://tour-pedia.org/api/getPlaceDetails?id=87081,http://tour-pedia.org/api/getReviewsByPlaceId?placeId=87081
,attraction,87085,48.824300998422,2.3376522853259,Paris,Grand Pardon,4c951c8338dd8cfa94a2cf62,0,Synagogue,http://tour-pedia.org/api/getPlaceDetails?id=87085,http://tour-pedia.org/api/getReviewsByPlaceId?placeId=87085
,attraction,87102,48.833232256698,2.3615322059436,Paris,Place Pinel,4c979be06b35a1431e9437dc,0,Plaza,http://tour-pedia.org/api/getPlaceDetails?id=87102,http://tour-pedia.org/api/getReviewsByPlaceId?placeId=87102
Porte Saint-Martin,attraction,87105,48.869118665737,2.3556232452393,Paris,Porte Saint-Martin,4c985cc007916dcbd69feb1b,0,Historic Site,http://tour-pedia.org/api/getPlaceDetails?id=87105,http://tour-pedia.org/api/getReviewsByPlaceId?placeId=87105
Boul. Périphérique,attraction,87118,48.835786286672,2.2600027507736,Paris,Tennis Club Du 16ème,4c99da4db8e9224bd46a483d,0,Tennis Court,http://tour-pedia.org/api/getPlaceDetails?id=87118,http://tour-pedia.org/api/getReviewsByPlaceId?placeId=87118
Avenue de la Porte d'Aubervilliers,attraction,87125,48.900725058165,2.3709225654602,Paris,Porte d'Aubervilliers,4c9b3a2878fc236a9bef3b97,0,Plaza,http://tour-pedia.org/api/getPlaceDetails?id=87125,http://tour-pedia.org/api/getReviewsByPlaceId?placeId=87125
12 boulevard Flandrin,attraction,87136,48.865496,2.272168,Paris,La Chonmé,4c9d13d6ca44236a08401d99,0,Strip Club,http://tour-pedia.org/api/getPlaceDetails?id=87136,http://tour-pedia.org/api/getReviewsByPlaceId?placeId=87136
Pont de Grenelle,attraction,87141,48.850244079944,2.2800493240356,Paris,Pont de Grenelle,4c9e1dcd542b224b2a95f09f,0,Bridge,http://tour-pedia.org/api/getPlaceDetails?id=87141,http://tour-pedia.org/api/getReviewsByPlaceId?placeId=87141
31 Rue de la Gaîté,attraction,87143,48.839597879231,2.3235410607319,Paris,Théâtre de la Gaîté Montparnasse,4c9e4d5854c8a1cd016c8c4b,0,Theater,http://tour-pedia.org/api/getPlaceDetails?id=87143,http://tour-pedia.org/api/getReviewsByPlaceId?placeId=87143
Avenue de Daumesnil,attraction,87171,48.835204257113,2.407443523407,Paris,Porte Dorée,4ca4910ea73cb60c99202278,0,Plaza,http://tour-pedia.org/api/getPlaceDetails?id=87171,http://tour-pedia.org/api/getReviewsByPlaceId?placeId=87171
,attraction,87174,48.85589123672,2.2832954282989,Paris,Parc de Passy,4ca4b465d5a2a1434dee5390,0,Garden,http://tour-pedia.org/api/getPlaceDetails?id=87174,http://tour-pedia.org/api/getReviewsByPlaceId?placeId=87174
Place Sainte-Geneviève,attraction,87194,48.846544561178,2.3479628562927,Paris,Église Saint-Étienne-du-Mont,4ca8674176d3a0936860156b,0,Church,http://tour-pedia.org/api/getPlaceDetails?id=87194,http://tour-pedia.org/api/getReviewsByPlaceId?placeId=87194
5 rue André Antoine,attraction,87214,48.882829420482,2.3374882665804,Paris,Rock & Roll Circus Bar,4cae2da5562d224ba7f80388,0,Bar,http://tour-pedia.org/api/getPlaceDetails?id=87214,http://tour-pedia.org/api/getReviewsByPlaceId?placeId=87214
,attraction,87224,48.886748463433,2.3409017457566,Paris,Vendanges De Montmartre,4cb0716bef1b3704e2953a00,0,Vineyard,http://tour-pedia.org/api/getPlaceDetails?id=87224,http://tour-pedia.org/api/getReviewsByPlaceId?placeId=87224
place du Général Catroux,attraction,87230,48.882937935059,2.3079776700711,Paris,statue d'Artagnan,4cb114a2dd619c74e6ffe390,0,Sculpture Garden,http://tour-pedia.org/api/getPlaceDetails?id=87230,http://tour-pedia.org/api/getReviewsByPlaceId?placeId=87230
3 Place de Ménilmontant,attraction,87231,48.868504683151,2.387267947197,Paris,Église Notre-Dame de la Croix,4cb19905562d224b77242088,0,Church,http://tour-pedia.org/api/getPlaceDetails?id=87231,http://tour-pedia.org/api/getReviewsByPlaceId?placeId=87231
Rue Keller,attraction,87233,48.855010932779,2.3754673270339,Paris,Rue Keller,4cb2283b39458cfa6a2411a0,0,Neighborhood,http://tour-pedia.org/api/getPlaceDetails?id=87233,http://tour-pedia.org/api/getReviewsByPlaceId?placeId=87233
Rue Chernoviz,attraction,87237,48.857303571153,2.2820259862404,Paris,Rue Chernoviz,4cb43c8cdb32f04dbfe9db4d,0,Other Great Outdoors,http://tour-pedia.org/api/getPlaceDetails?id=87237,http://tour-pedia.org/api/getReviewsByPlaceId?placeId=87237
Place d'Alleray,attraction,87241,48.835294112014,2.3078903817911,Paris,Orange Alleray,4cb59a04f6616dcba26cd808,0,Office,http://tour-pedia.org/api/getPlaceDetails?id=87241,http://tour-pedia.org/api/getReviewsByPlaceId?placeId=87241
Place Saint-Sulpice,attraction,87261,48.850822987538,2.3333233594894,Paris,Place Saint-Sulpice,4cbc4e56d78f4688815ac773,0,Plaza,http://tour-pedia.org/api/getPlaceDetails?id=87261,http://tour-pedia.org/api/getReviewsByPlaceId?placeId=87261
28 rue Keller,attraction,87282,48.855312824026,2.3755359649658,Paris,Bacardi Mojito Lab,4cc065af97bc721e502d8b67,0,Cocktail Bar,http://tour-pedia.org/api/getPlaceDetails?id=87282,http://tour-pedia.org/api/getReviewsByPlaceId?placeId=87282
Quai d'Orsay,attraction,87286,48.863001304436,2.3154204858184,Paris,Quai d'Orsay - Voie sur Berge,4cc12b69873c236abc55b723,0,Trail,http://tour-pedia.org/api/getPlaceDetails?id=87286,http://tour-pedia.org/api/getReviewsByPlaceId?placeId=87286
195 Rue du Temple,attraction,87319,48.866061,2.360719,Paris,Église Sainte-Élisabeth-de-Hongrie,4cc9cc1a5c17b60c365a0b05,0,Church,http://tour-pedia.org/api/getPlaceDetails?id=87319,http://tour-pedia.org/api/getReviewsByPlaceId?placeId=87319
Quai de Jemmapes,attraction,87328,48.873021160517,2.3639273643494,Paris,Pont Tournant de la Grange aux Belles,4ccd8494ba0a5481fbc14359,0,Bridge,http://tour-pedia.org/api/getPlaceDetails?id=87328,http://tour-pedia.org/api/getReviewsByPlaceId?placeId=87328
Bobino,attraction,87333,48.839874647623,2.3232150224521,Paris,Hillsong Paris,4cce8e70294aef3bbba286e2,0,Church,http://tour-pedia.org/api/getPlaceDetails?id=87333,http://tour-pedia.org/api/getReviewsByPlaceId?placeId=87333
12 avenue Mozart,attraction,87379,48.857554,2.273364,Paris,Le Mozart,4cdd69fbfc9737042cd0db05,0,Bar,http://tour-pedia.org/api/getPlaceDetails?id=87379,http://tour-pedia.org/api/getReviewsByPlaceId?placeId=87379
Place Adolphe Chérioux,attraction,87381,48.840246278419,2.30064868927,Paris,Place Adolphe Chérioux,4cdecf8569136dcb12cbd8e6,0,Park,http://tour-pedia.org/api/getPlaceDetails?id=87381,http://tour-pedia.org/api/getReviewsByPlaceId?placeId=87381
Porte d'Italie,attraction,87384,48.817100997353,2.3603637438226,Paris,Porte d'Italie,4ce114fadb125481f9d83fce,0,Plaza,http://tour-pedia.org/api/getPlaceDetails?id=87384,http://tour-pedia.org/api/getReviewsByPlaceId?placeId=87384
79 Rue Galande,attraction,87406,48.85219179689,2.3469456314934,Paris,Église Saint Julien Le Pauvre,4ce825ad948f224b579bee5d,0,Church,http://tour-pedia.org/api/getPlaceDetails?id=87406,http://tour-pedia.org/api/getReviewsByPlaceId?placeId=87406
33 Rue De Sèvres,attraction,87407,48.850594630679,2.3257098119736,Paris,Eglise Saint-Ignace,4ce8ec16fe90a35dadc4450e,0,Church,http://tour-pedia.org/api/getPlaceDetails?id=87407,http://tour-pedia.org/api/getReviewsByPlaceId?placeId=87407
17 Rue du Docteur Roux,attraction,87408,48.84127,2.312295,Paris,Église Saint-Jean-Baptiste-de-La-Salle,4ce9577ff3bda1436f5bbfe4,0,Church,http://tour-pedia.org/api/getPlaceDetails?id=87408,http://tour-pedia.org/api/getReviewsByPlaceId?placeId=87408
5 Avenue Silvestre de Sacy,attraction,87427,48.858672878455,2.2967863082886,Paris,EIFFEL ParK,4cf0ff0c12e78eec47615447,0,Hotel Bar,http://tour-pedia.org/api/getPlaceDetails?id=87427,http://tour-pedia.org/api/getReviewsByPlaceId?placeId=87427
37 rue de bagnolet,attraction,87433,48.857375,2.398685,Paris,Le jardin de bagnolet,4cf23d93e3b9a09317794353,0,Garden,http://tour-pedia.org/api/getPlaceDetails?id=87433,http://tour-pedia.org/api/getReviewsByPlaceId?placeId=87433
Quai de Grenelle,attraction,87439,48.852234929205,2.2848987579346,Paris,Quai de Grenelle,4cf4f26188de370498a3872b,0,Harbor / Marina,http://tour-pedia.org/api/getPlaceDetails?id=87439,http://tour-pedia.org/api/getReviewsByPlaceId?placeId=87439
20 rue cortambert,attraction,87450,48.871619072919,2.2958884564396,Paris,Chapelle notre dame,4cfbd202d7206ea896db4069,0,Church,http://tour-pedia.org/api/getPlaceDetails?id=87450,http://tour-pedia.org/api/getReviewsByPlaceId?placeId=87450
,attraction,87470,48.881773,2.289382,Paris,GroupM - Salle Central Park,4d01f7ce37caa1cdf58ae147,0,Auditorium,http://tour-pedia.org/api/getPlaceDetails?id=87470,http://tour-pedia.org/api/getReviewsByPlaceId?placeId=87470
186 Avenue Daumesnil,attraction,87483,48.838206,2.397639,Paris,Église du Saint-Esprit,4d04d664347da1cd5ae32d8f,0,Church,http://tour-pedia.org/api/getPlaceDetails?id=87483,http://tour-pedia.org/api/getReviewsByPlaceId?placeId=87483
,attraction,87484,48.858768277447,2.269754,Paris,Playground,4d04dac98620224b574dab40,0,Playground,http://tour-pedia.org/api/getPlaceDetails?id=87484,http://tour-pedia.org/api/getReviewsByPlaceId?placeId=87484
197 avenue daumesnil,attraction,87490,48.839839581987,2.3941555808189,Paris,les enfants terribles,4d066eb792288eec48ed9ce0,0,Brewery,http://tour-pedia.org/api/getPlaceDetails?id=87490,http://tour-pedia.org/api/getReviewsByPlaceId?placeId=87490
110-114 rue de Bercy,attraction,87499,48.839397039513,2.3802241524639,Paris,Brasserie Les Spectacles,4d09844733d6b60c51db9585,0,Brewery,http://tour-pedia.org/api/getPlaceDetails?id=87499,http://tour-pedia.org/api/getReviewsByPlaceId?placeId=87499
20 rue raspail,attraction,87501,48.872286403009,2.300890095046,Paris,Lido,4d09fadf86b0236a32e5b606,0,French Restaurant,http://tour-pedia.org/api/getPlaceDetails?id=87501,http://tour-pedia.org/api/getReviewsByPlaceId?placeId=87501
14 Rue Lincoln,attraction,87506,48.870464813832,2.3031377792358,Paris,Cottage Élysée,4d0ba747d8d78cfa9d561ebe,0,Bar,http://tour-pedia.org/api/getPlaceDetails?id=87506,http://tour-pedia.org/api/getReviewsByPlaceId?placeId=87506
34 rue Maryse Hilsz,attraction,87510,48.85272661297,2.4127253818503,Paris,Gymnase Maryse Hilsz,4d0de838be6d6ea850ad07b5,0,Stadium,http://tour-pedia.org/api/getPlaceDetails?id=87510,http://tour-pedia.org/api/getReviewsByPlaceId?placeId=87510
,attraction,87515,48.871878304687,2.2370871509376,Paris,Tennis Club de Puteaux,4d0f88a438bb6ea8aa20bfaa,0,Other Great Outdoors,http://tour-pedia.org/api/getPlaceDetails?id=87515,http://tour-pedia.org/api/getReviewsByPlaceId?placeId=87515
1 Rue de Lyon,attraction,87532,48.845865058579,2.3724233645621,Paris,L'Express de Lyon,4d18b5a381cea35d278befec,0,Bar,http://tour-pedia.org/api/getPlaceDetails?id=87532,http://tour-pedia.org/api/getReviewsByPlaceId?placeId=87532
Place Henri Frenay,attraction,87533,48.845231579421,2.3765029087306,Paris,Place Henri Frenay,4d19a071302da1cd859bcb93,0,Plaza,http://tour-pedia.org/api/getPlaceDetails?id=87533,http://tour-pedia.org/api/getReviewsByPlaceId?placeId=87533
4 avenue Carnot,attraction,87539,48.875126,2.293851,Paris,Le Vin Cœur,4d1b85c570d76ea809cf4e73,0,Bar,http://tour-pedia.org/api/getPlaceDetails?id=87539,http://tour-pedia.org/api/getReviewsByPlaceId?placeId=87539
,attraction,87540,48.824853023988,2.3623478384436,Paris,Avenue d'Ivry,4d1b8cb98860a093f21cb434,0,Other Great Outdoors,http://tour-pedia.org/api/getPlaceDetails?id=87540,http://tour-pedia.org/api/getReviewsByPlaceId?placeId=87540
3 avenue Maurice d'Ocagne,attraction,87561,48.823564712927,2.3143815994263,Paris,Centre Sportif Jules Noël,4d2613c28fd5a1434f08db1a,0,Soccer Field,http://tour-pedia.org/api/getPlaceDetails?id=87561,http://tour-pedia.org/api/getReviewsByPlaceId?placeId=87561
Rue Affre,attraction,87570,48.886081,2.355065,Paris,Église Saint-Bernard de la Chapelle,4d285cb3888af04da7ecc4af,0,Church,http://tour-pedia.org/api/getPlaceDetails?id=87570,http://tour-pedia.org/api/getReviewsByPlaceId?placeId=87570
10 rue des Immeubles Industriels,attraction,87572,48.84953114483,2.3928544226342,Paris,Arcade Street,4d2898c677a2a1cd44da63b7,0,Arcade,http://tour-pedia.org/api/getPlaceDetails?id=87572,http://tour-pedia.org/api/getReviewsByPlaceId?placeId=87572
Rue Chardon-Lagache,attraction,87584,48.843153156081,2.2647170614333,Paris,Rue Chardon Lagache,4d2c86d0342d6dcbcc4320cb,0,Other Great Outdoors,http://tour-pedia.org/api/getPlaceDetails?id=87584,http://tour-pedia.org/api/getReviewsByPlaceId?placeId=87584
20 Rue de la Forge Royale,attraction,87594,48.851664808069,2.3806204109082,Paris,Twenty One Sound,4d30f199982f224b1d30b615,0,Bar,http://tour-pedia.org/api/getPlaceDetails?id=87594,http://tour-pedia.org/api/getReviewsByPlaceId?placeId=87594
Javel,attraction,87595,48.843395518807,2.2827959060669,Paris,Quartier de Javel,4d30f21112412c0f4afe8dd9,0,Neighborhood,http://tour-pedia.org/api/getPlaceDetails?id=87595,http://tour-pedia.org/api/getReviewsByPlaceId?placeId=87595
Place Stalingrad,attraction,87602,48.882553823314,2.3700213432312,Paris,Écluses de la Vilette,4d330918b6093704f940fddf,0,River,http://tour-pedia.org/api/getPlaceDetails?id=87602,http://tour-pedia.org/api/getReviewsByPlaceId?placeId=87602
167 rue du Chevaleret,attraction,87603,48.833075165749,2.3698872327805,Paris,Sud Radio,4d3406b6329e54818fa7be1d,0,Radio Station,http://tour-pedia.org/api/getPlaceDetails?id=87603,http://tour-pedia.org/api/getReviewsByPlaceId?placeId=87603
184-194 Rue du Château des Rentiers,attraction,87625,48.830534330692,2.3622287212767,Paris,Gymnase Chateau Des Rentiers,4d39d3c634ee3704edf8709b,0,Stadium,http://tour-pedia.org/api/getPlaceDetails?id=87625,http://tour-pedia.org/api/getReviewsByPlaceId?placeId=87625
34 rue de Cîteaux,attraction,87630,48.849752742549,2.3811770388023,Paris,Le Siffleur de Ballons,4d3b3564fa736ea8a7da1d8a,0,Wine Bar,http://tour-pedia.org/api/getPlaceDetails?id=87630,http://tour-pedia.org/api/getReviewsByPlaceId?placeId=87630
Boulevard Ménilmontant,attraction,87668,48.863671,2.3873,Paris,Chez Benichasse,4d4960d748a06dcb27896ea2,0,Synagogue,http://tour-pedia.org/api/getPlaceDetails?id=87668,http://tour-pedia.org/api/getReviewsByPlaceId?placeId=87668
Paris 11,attraction,87677,48.852097392082,2.3857539240271,Paris,Parc de la Folie-Titon,4d4c2692fe85a1cd60269abf,0,Park,http://tour-pedia.org/api/getPlaceDetails?id=87677,http://tour-pedia.org/api/getReviewsByPlaceId?placeId=87677
386 rue de Vaugirard,attraction,87678,48.832789668626,2.2881734880908,Paris,Dupont Versailles,4d4c4f05190ba093eb721fa5,0,Bar,http://tour-pedia.org/api/getPlaceDetails?id=87678,http://tour-pedia.org/api/getReviewsByPlaceId?placeId=87678
rue Rampal,attraction,87680,48.873115,2.379735,Paris,La Rampouze,4d4c98c92e5ea143f2f5987f,0,Spiritual Center,http://tour-pedia.org/api/getPlaceDetails?id=87680,http://tour-pedia.org/api/getReviewsByPlaceId?placeId=87680
Quai d'Austerlitz,attraction,87689,48.840062684306,2.3704719543457,Paris,Quai d'Austerlitz,4d4eb13ae0f2a1cdf2ba8f8d,0,Other Great Outdoors,http://tour-pedia.org/api/getPlaceDetails?id=87689,http://tour-pedia.org/api/getReviewsByPlaceId?placeId=87689
10 Rue Raffaelli,attraction,87704,48.843381985826,2.2552133249729,Paris,TC Jean Bouin,4d53d36cbbbf3704950c3978,0,Tennis,http://tour-pedia.org/api/getPlaceDetails?id=87704,http://tour-pedia.org/api/getReviewsByPlaceId?placeId=87704
69 rue de Sèvres,attraction,87712,48.848891028262,2.3219977919658,Paris,Chapelle Saint Vincent de Paul,4d56a4b2fb65236a4d1a08b4,0,Church,http://tour-pedia.org/api/getPlaceDetails?id=87712,http://tour-pedia.org/api/getReviewsByPlaceId?placeId=87712
18 avenue de Flandre,attraction,87714,48.885306158247,2.3702576102992,Paris,Le Zèbre dans le Patio,4d571769c6edf04dc303d9a2,0,Bar,http://tour-pedia.org/api/getPlaceDetails?id=87714,http://tour-pedia.org/api/getReviewsByPlaceId?placeId=87714
Pont de l'Archevêché,attraction,87716,48.851621,2.351595,Paris,Pont de l'Archevêché,4d57f5a9afe4b60c04dd4a61,0,Bridge,http://tour-pedia.org/api/getPlaceDetails?id=87716,http://tour-pedia.org/api/getReviewsByPlaceId?placeId=87716
6 Rue Planchat,attraction,87732,48.851955026164,2.3993161059745,Paris,Le Bouillon Belge,4d5c34299c31b60c4345b2ee,0,Bar,http://tour-pedia.org/api/getPlaceDetails?id=87732,http://tour-pedia.org/api/getReviewsByPlaceId?placeId=87732
104 rue de bagnolet,attraction,87745,48.859689008701,2.4029401834952,Paris,Gambetta Club,4d616b6ab6b9a1cd9e188751,0,Bar,http://tour-pedia.org/api/getPlaceDetails?id=87745,http://tour-pedia.org/api/getReviewsByPlaceId?placeId=87745
Cité prost,attraction,87767,48.85247945813,2.3834481403911,Paris,Parc Cité Prost,4d6b637f92f6b60c561ea0e0,0,Playground,http://tour-pedia.org/api/getPlaceDetails?id=87767,http://tour-pedia.org/api/getReviewsByPlaceId?placeId=87767
1 rue Jouffroy D' Abbans,attraction,87768,48.887211950855,2.3138408800457,Paris,Café de la Gare,4d6b8f5f2bf05481d0a4d0ed,0,Brewery,http://tour-pedia.org/api/getPlaceDetails?id=87768,http://tour-pedia.org/api/getReviewsByPlaceId?placeId=87768
17 rue d'Avron,attraction,87771,48.851558091109,2.3994267479476,Paris,Le Bistrot d'Avron,4d6d429e8183a143b4b3a19f,0,Bar,http://tour-pedia.org/api/getPlaceDetails?id=87771,http://tour-pedia.org/api/getReviewsByPlaceId?placeId=87771
Chinatown,attraction,87773,48.824473117069,2.362962816524,Paris,Quartier Chinois du 13ème Arrondissement,4d6e0e292427224bc4b1c74d,0,Neighborhood,http://tour-pedia.org/api/getPlaceDetails?id=87773,http://tour-pedia.org/api/getReviewsByPlaceId?placeId=87773
,attraction,87777,48.824057961906,2.3274675545679,Paris,Hotel Virginia,4d6e82beffedf04dbafd63c5,0,Hotel Bar,http://tour-pedia.org/api/getPlaceDetails?id=87777,http://tour-pedia.org/api/getReviewsByPlaceId?placeId=87777
88 rue Oberkampf,attraction,87787,48.865501086086,2.3765560838864,Paris,Bar Les Pirates,4d6fe2710187236a3ca3a2ba,0,Bar,http://tour-pedia.org/api/getPlaceDetails?id=87787,http://tour-pedia.org/api/getReviewsByPlaceId?placeId=87787
Place de l'Europe,attraction,87798,48.878835803234,2.3236355144946,Paris,Place de l'Europe,4d72013a8e12b1f714a63405,0,Bridge,http://tour-pedia.org/api/getPlaceDetails?id=87798,http://tour-pedia.org/api/getReviewsByPlaceId?placeId=87798
16 Rue de la Chapelle,attraction,87802,48.89133,2.36021,Paris,Église Saint-Denys de la Chapelle,4d72a829ff6ba35d21d6718a,0,Church,http://tour-pedia.org/api/getPlaceDetails?id=87802,http://tour-pedia.org/api/getReviewsByPlaceId?placeId=87802
Place Lachambaudie,attraction,87804,48.836313,2.387249,Paris,Église Notre-Dame-de-la-Nativité de Bercy,4d750dd8949854817cf7317e,0,Church,http://tour-pedia.org/api/getPlaceDetails?id=87804,http://tour-pedia.org/api/getReviewsByPlaceId?placeId=87804
62 rue d'Alleray,attraction,87811,48.836051691131,2.3049187660217,Paris,Jardin d'Alleray,4d76435a6c22b60c68cfe5d6,0,Garden,http://tour-pedia.org/api/getPlaceDetails?id=87811,http://tour-pedia.org/api/getReviewsByPlaceId?placeId=87811
Pont National,attraction,87822,48.828000489152,2.3869514465332,Paris,Pont National,4d79d254c307a35d46fc4a31,0,Bridge,http://tour-pedia.org/api/getPlaceDetails?id=87822,http://tour-pedia.org/api/getReviewsByPlaceId?placeId=87822
Place des Pyramides,attraction,87858,48.863878399718,2.332164645195,Paris,Place des Pyramides,4d7fb74387003704cc878a99,0,Plaza,http://tour-pedia.org/api/getPlaceDetails?id=87858,http://tour-pedia.org/api/getReviewsByPlaceId?placeId=87858
7bis rue René Goscinny,attraction,87863,48.830801685139,2.3801647866044,Paris,Galerie Itinerrance,4d810541551ea1cd5d8025c5,0,Art Gallery,http://tour-pedia.org/api/getPlaceDetails?id=87863,http://tour-pedia.org/api/getReviewsByPlaceId?placeId=87863
64 Rue des Pyrénées,attraction,87870,48.853012453263,2.4059649011139,Paris,Le Piano,4d8260f5f1f88cfac95ddf4f,0,Bar,http://tour-pedia.org/api/getPlaceDetails?id=87870,http://tour-pedia.org/api/getReviewsByPlaceId?placeId=87870
bd clichy,attraction,87873,48.823889,2.42285,Paris,The Hap,4d826efa9b7ab1f721745341,0,Bar,http://tour-pedia.org/api/getPlaceDetails?id=87873,http://tour-pedia.org/api/getReviewsByPlaceId?placeId=87873
Place du Général Catroux,attraction,87889,48.882596155293,2.3104333877563,Paris,Place du Général Catroux,4d86188d5ad3a093cde5f1fd,0,Plaza,http://tour-pedia.org/api/getPlaceDetails?id=87889,http://tour-pedia.org/api/getReviewsByPlaceId?placeId=87889
,attraction,87891,48.89530015552,2.3645518274459,Paris,Jardin Rachmaninov,4d86256ce83fa143ba5f89a1,0,Garden,http://tour-pedia.org/api/getPlaceDetails?id=87891,http://tour-pedia.org/api/getReviewsByPlaceId?placeId=87891
Place du Palais Bourbon,attraction,87903,48.860578691435,2.3183727264404,Paris,Place du Palais Bourbon,4d88676c99c2a1cdcd0666d7,0,Plaza,http://tour-pedia.org/api/getPlaceDetails?id=87903,http://tour-pedia.org/api/getReviewsByPlaceId?placeId=87903
45 Rue d’Aubervilliers,attraction,87906,48.887619295645,2.3663091659546,Paris,Jardin d’Éole,4d88c01f7d4c548135a54571,0,Garden,http://tour-pedia.org/api/getPlaceDetails?id=87906,http://tour-pedia.org/api/getReviewsByPlaceId?placeId=87906
9 rue Brunel,attraction,87939,48.876890909298,2.2886788693595,Paris,Saint Andrews,4d8d036afa943704366ddec5,0,Pub,http://tour-pedia.org/api/getPlaceDetails?id=87939,http://tour-pedia.org/api/getReviewsByPlaceId?placeId=87939
Place de la Porte de Versailles,attraction,87941,48.832281076131,2.2882971723995,Paris,Place de la Porte de Versailles,4d8d8da1cb9b224b98cc6f41,0,Plaza,http://tour-pedia.org/api/getPlaceDetails?id=87941,http://tour-pedia.org/api/getReviewsByPlaceId?placeId=87941
La Coulée Verte,attraction,87943,48.841023015297,2.4003624916077,Paris,Promenade plantée (Coulée verte),4d8db929d265236a4eadf816,0,Trail,http://tour-pedia.org/api/getPlaceDetails?id=87943,http://tour-pedia.org/api/getReviewsByPlaceId?placeId=87943
Rue Saint-Martin,attraction,87952,48.859075222794,2.3508596420288,Paris,Église Saint-Merry,4d8f849cc1b1721ea7624846,0,Church,http://tour-pedia.org/api/getPlaceDetails?id=87952,http://tour-pedia.org/api/getReviewsByPlaceId?placeId=87952
Pont de Tolbiac,attraction,87959,48.832937300649,2.3810505867004,Paris,Pont de Tolbiac,4d90fb9cca75b60ca2bf33a9,0,Bridge,http://tour-pedia.org/api/getPlaceDetails?id=87959,http://tour-pedia.org/api/getReviewsByPlaceId?placeId=87959
Pont de Bercy,attraction,87960,48.838149028681,2.3749887943268,Paris,Pont de Bercy,4d910438cb9b224bf0c1bc41,0,Bridge,http://tour-pedia.org/api/getPlaceDetails?id=87960,http://tour-pedia.org/api/getReviewsByPlaceId?placeId=87960
,attraction,87963,48.885301445104,2.3309470348602,Paris,Pont De Caulaincourt,4d91e012939e5481f326d69e,0,Bridge,http://tour-pedia.org/api/getPlaceDetails?id=87963,http://tour-pedia.org/api/getReviewsByPlaceId?placeId=87963
37 avenue Aristide Briand,attraction,87965,48.819314648199,2.3258427535608,Paris,Le Nemrod,4d9200edf5388cfa720ec23d,0,Bar,http://tour-pedia.org/api/getPlaceDetails?id=87965,http://tour-pedia.org/api/getReviewsByPlaceId?placeId=87965
2 place Léon Deubel,attraction,87966,48.837761332592,2.2594953024212,Paris,Les Caves Angevines,4d9224669acaa1436240f8f0,0,Wine Bar,http://tour-pedia.org/api/getPlaceDetails?id=87966,http://tour-pedia.org/api/getReviewsByPlaceId?placeId=87966
2 Rue des Cévennes,attraction,87973,48.844689206198,2.2763168172505,Paris,Studio Visual,4d93461b14228cfae5525f7b,0,General Entertainment,http://tour-pedia.org/api/getPlaceDetails?id=87973,http://tour-pedia.org/api/getReviewsByPlaceId?placeId=87973
12 rue Joseph de Maistre,attraction,87989,48.88652665502,2.3332075576933,Paris,The 7th Bar,4d9767b4c162530c571f00a4,0,Cocktail Bar,http://tour-pedia.org/api/getPlaceDetails?id=87989,http://tour-pedia.org/api/getReviewsByPlaceId?placeId=87989
10ème Arrondissement,attraction,87995,48.876165518073,2.3586172536551,Paris,10ème Arrondissement,4d98f401647d8cfa0eaafc3d,0,Neighborhood,http://tour-pedia.org/api/getPlaceDetails?id=87995,http://tour-pedia.org/api/getReviewsByPlaceId?placeId=87995
38 rue Paul Belmondo,attraction,88012,48.835349454182,2.3824618881628,Paris,Jardin Yitzhak Rabin,4d9dbf0ea1ec8cfaaf910a4a,0,Garden,http://tour-pedia.org/api/getPlaceDetails?id=88012,http://tour-pedia.org/api/getReviewsByPlaceId?placeId=88012
"17, rue Boinod",attraction,88018,48.8930957747,2.350928548667,Paris,La Casserole,4d9e2dd952aca143e12fd69e,0,Bar,http://tour-pedia.org/api/getPlaceDetails?id=88018,http://tour-pedia.org/api/getReviewsByPlaceId?placeId=88018
Rue Michel-Ange,attraction,88028,48.84353673571,2.2606515884399,Paris,Rue Michel-ange,4da0e9de9935a093f30e956f,0,Other Great Outdoors,http://tour-pedia.org/api/getPlaceDetails?id=88028,http://tour-pedia.org/api/getReviewsByPlaceId?placeId=88028
33 rue Boinod,attraction,88029,48.894299076462,2.3498894100629,Paris,La piscine,4da17c3ed686b60c9c13a628,0,Bar,http://tour-pedia.org/api/getPlaceDetails?id=88029,http://tour-pedia.org/api/getReviewsByPlaceId?placeId=88029
Avenue De Gravelle,attraction,88034,48.823086966409,2.4318359451391,Paris,Butte aux Canons,4da1d2f02939b1f70ae0fc56,0,Scenic Lookout,http://tour-pedia.org/api/getPlaceDetails?id=88034,http://tour-pedia.org/api/getReviewsByPlaceId?placeId=88034
Place des Abbesses,attraction,88051,48.884762,2.338579,Paris,"Le Mur des ""Je t'aime""",4da5d99e93a01f42facf4bf5,0,Public Art,http://tour-pedia.org/api/getPlaceDetails?id=88051,http://tour-pedia.org/api/getReviewsByPlaceId?placeId=88051
1 rue du Caporal Peugeot,attraction,88054,48.886719882575,2.2900356616599,Paris,Bowling Champerret,4da60634cda1b0253fe95038,0,Bowling Alley,http://tour-pedia.org/api/getPlaceDetails?id=88054,http://tour-pedia.org/api/getReviewsByPlaceId?placeId=88054
"49, rue Pixérécourt",attraction,88057,48.872797267018,2.3964081654873,Paris,Le Clin's,4da89b1181541df437c12a7a,0,Bar,http://tour-pedia.org/api/getPlaceDetails?id=88057,http://tour-pedia.org/api/getReviewsByPlaceId?placeId=88057
Rue Dieu,attraction,88080,48.870882941582,2.3656439781189,Paris,Pont Tournant de la Rue Dieu,4dadca948154b108fec675f2,0,Bridge,http://tour-pedia.org/api/getPlaceDetails?id=88080,http://tour-pedia.org/api/getReviewsByPlaceId?placeId=88080
Lagardere Paris Racing,attraction,88096,48.864243806981,2.2554936187655,Paris,La Piscine,4db2dc3f5da3a76f441b4357,0,Pool,http://tour-pedia.org/api/getPlaceDetails?id=88096,http://tour-pedia.org/api/getReviewsByPlaceId?placeId=88096
257 rue de Vaugirard,attraction,88122,48.839968,2.303125,Paris,Novotel Lounge Bar View,4db715e334dc9e33c797c3ee,0,Cocktail Bar,http://tour-pedia.org/api/getPlaceDetails?id=88122,http://tour-pedia.org/api/getReviewsByPlaceId?placeId=88122
Place Édouard Renard,attraction,88127,48.83521838113,2.407443523407,Paris,Place Édouard Renard,4db85f7993a04a7c307f1546,0,Plaza,http://tour-pedia.org/api/getPlaceDetails?id=88127,http://tour-pedia.org/api/getReviewsByPlaceId?placeId=88127
Place du Colonel Fabien,attraction,88145,48.87806643042,2.3703002929688,Paris,Place du Colonel Fabien,4dbc498d815439392f9d8246,0,Plaza,http://tour-pedia.org/api/getPlaceDetails?id=88145,http://tour-pedia.org/api/getReviewsByPlaceId?placeId=88145
Rue de Thionville,attraction,88146,48.889368,2.383544,Paris,Café Mama Kin,4dbc61196e810768bf5d4105,0,Bar,http://tour-pedia.org/api/getPlaceDetails?id=88146,http://tour-pedia.org/api/getReviewsByPlaceId?placeId=88146
20 Rue de la Tombe Issoire,attraction,88148,48.83203,2.33504,Paris,Église Saint-Dominique,4dbd6ec4a86e0e98a1fa5b63,0,Church,http://tour-pedia.org/api/getPlaceDetails?id=88148,http://tour-pedia.org/api/getReviewsByPlaceId?placeId=88148
17 avenue Edison,attraction,88183,48.827323669452,2.3636913296601,Paris,Tennis Moureu Baudricourt,4dc425452271f270510bb863,0,Tennis Court,http://tour-pedia.org/api/getPlaceDetails?id=88183,http://tour-pedia.org/api/getReviewsByPlaceId?placeId=88183
58/60 Rue de Bercy,attraction,88226,48.837354048,2.3826987614439,Paris,Café Chabalier,4dced31fb0fb25f6e34e1adc,0,French Restaurant,http://tour-pedia.org/api/getPlaceDetails?id=88226,http://tour-pedia.org/api/getReviewsByPlaceId?placeId=88226
Rue des Batignolles,attraction,88259,48.887606129478,2.3166101051043,Paris,Les Batignolles,4dd7cc3dd22d38ef42f09366,0,Other Great Outdoors,http://tour-pedia.org/api/getPlaceDetails?id=88259,http://tour-pedia.org/api/getReviewsByPlaceId?placeId=88259
Cité Internationale Universitaire,attraction,88260,48.818280823802,2.3375344276428,Paris,Parc de la Cité Internationale Universitaire,4dd7daae7d8b322663f9a365,0,Park,http://tour-pedia.org/api/getPlaceDetails?id=88260,http://tour-pedia.org/api/getReviewsByPlaceId?placeId=88260
Stade Roland-Garros,attraction,88277,48.84714,2.247977,Paris,Court n°7,4ddb94fcd22d22fb7c8014de,0,Tennis Court,http://tour-pedia.org/api/getPlaceDetails?id=88277,http://tour-pedia.org/api/getReviewsByPlaceId?placeId=88277
7 Port de la Gare,attraction,88291,48.835471533139,2.3766243424697,Paris,Le Petit Bain,4ddf6f16d164da4f232cf930,0,Concert Hall,http://tour-pedia.org/api/getPlaceDetails?id=88291,http://tour-pedia.org/api/getReviewsByPlaceId?placeId=88291
Av de la Porte de Vitry,attraction,88324,48.824009720935,2.3770299553871,Paris,Porte De Vitry,4de9ebd945dd3993a87df298,0,Plaza,http://tour-pedia.org/api/getPlaceDetails?id=88324,http://tour-pedia.org/api/getReviewsByPlaceId?placeId=88324
,attraction,88328,48.86748652808,2.3076269304115,Paris,Eglise Du Sacré Coeur Colombes,4deb510dd4c00071b83a2643,0,Church,http://tour-pedia.org/api/getPlaceDetails?id=88328,http://tour-pedia.org/api/getReviewsByPlaceId?placeId=88328
13 passage lagny,attraction,88353,48.849978,2.408633,Paris,Sainte Rita,4defdce0c65b0270f3a0de31,0,Church,http://tour-pedia.org/api/getPlaceDetails?id=88353,http://tour-pedia.org/api/getReviewsByPlaceId?placeId=88353
2 rue des Meuniers,attraction,88354,48.833274973145,2.3989873492144,Paris,Passerelle Des Meuniers,4defe6b81f6ea135c6586a80,0,Bridge,http://tour-pedia.org/api/getPlaceDetails?id=88354,http://tour-pedia.org/api/getReviewsByPlaceId?placeId=88354
44 Rue de la Victoire,attraction,88359,48.875396,2.336451,Paris,Grande Synagogue de Paris,4df0bfc9d22d43368718b2b4,0,Synagogue,http://tour-pedia.org/api/getPlaceDetails?id=88359,http://tour-pedia.org/api/getReviewsByPlaceId?placeId=88359
"Jardin Shakespeare, Pré Catelan, Bois de Boulogne",attraction,88361,48.864258613048,2.252099692121,Paris,Théâtre de Verdure,4df0fab5227193bb466dcef0,0,Park,http://tour-pedia.org/api/getPlaceDetails?id=88361,http://tour-pedia.org/api/getReviewsByPlaceId?placeId=88361
125 rue de Saussure,attraction,88367,48.888808529466,2.3088764706527,Paris,Fumoir in the Street,4df2329e7d8b18e17229ba5a,0,General Entertainment,http://tour-pedia.org/api/getPlaceDetails?id=88367,http://tour-pedia.org/api/getReviewsByPlaceId?placeId=88367
1 Bis Rue de la Forge Royale,attraction,88370,48.850685260443,2.3801464759283,Paris,Red House,4df27f9622718759f81c6b9f,0,Bar,http://tour-pedia.org/api/getPlaceDetails?id=88370,http://tour-pedia.org/api/getReviewsByPlaceId?placeId=88370
91 rue Lecourbe,attraction,88377,48.842804029608,2.3044229125015,Paris,Eglise Orthodoxe de Saint-Seraphin-de-Sarov,4df48ef888772e1f8157aac5,0,Church,http://tour-pedia.org/api/getPlaceDetails?id=88377,http://tour-pedia.org/api/getReviewsByPlaceId?placeId=88377
Port Saint-Bernard,attraction,88395,48.848202844791,2.360079510171,Paris,Quais de Jussieu,4dfa65d91f6e2728c9f28750,0,Park,http://tour-pedia.org/api/getPlaceDetails?id=88395,http://tour-pedia.org/api/getReviewsByPlaceId?placeId=88395
,attraction,88396,48.887586057482,2.3495746299084,Paris,Château Rouge,4dfa742e483b4bf3e57b9f02,0,Neighborhood,http://tour-pedia.org/api/getPlaceDetails?id=88396,http://tour-pedia.org/api/getReviewsByPlaceId?placeId=88396
Place de Torcy,attraction,88402,48.891247236681,2.3609516591676,Paris,Place de Torcy,4dfcd084fa76c83b6e7debf0,0,Plaza,http://tour-pedia.org/api/getPlaceDetails?id=88402,http://tour-pedia.org/api/getReviewsByPlaceId?placeId=88402
Passage des Soupirs,attraction,88403,48.868688172989,2.3964142799377,Paris,Passage des Soupirs,4dfce44352b18923030dbc14,0,Plaza,http://tour-pedia.org/api/getPlaceDetails?id=88403,http://tour-pedia.org/api/getReviewsByPlaceId?placeId=88403
2 Allée du Bord de l'Eau,attraction,88419,48.868835462618,2.2350926487833,Paris,Camping de Paris - Bois de Boulogne,4e01feda22717718d3a21d1a,0,Campground,http://tour-pedia.org/api/getPlaceDetails?id=88419,http://tour-pedia.org/api/getReviewsByPlaceId?placeId=88419
43 rue du Borrégo,attraction,88466,48.873452199177,2.4017656752526,Paris,MJC Les Hauts de Belleville,4e11fae9e4cdef074b783072,0,Arts & Entertainment,http://tour-pedia.org/api/getPlaceDetails?id=88466,http://tour-pedia.org/api/getReviewsByPlaceId?placeId=88466
30 avenue Corentin Cariou,attraction,88470,48.895337370799,2.387567379585,Paris,Planétarium,4e12f97c8877ac23b66e0935,0,Movie Theater,http://tour-pedia.org/api/getPlaceDetails?id=88470,http://tour-pedia.org/api/getReviewsByPlaceId?placeId=88470
Rue Raymond Losserand,attraction,88491,48.830774760757,2.3137553715166,Paris,Quartier Plaisance,4e188db4a8097d08b2381c4e,0,Other Great Outdoors,http://tour-pedia.org/api/getPlaceDetails?id=88491,http://tour-pedia.org/api/getReviewsByPlaceId?placeId=88491
Place Paul Verlaine,attraction,88504,48.827668525862,2.3525655269623,Paris,Place Paul Verlaine,4e1d87936284d5831b3b134d,0,Plaza,http://tour-pedia.org/api/getPlaceDetails?id=88504,http://tour-pedia.org/api/getReviewsByPlaceId?placeId=88504
Rue du Rendez-Vous,attraction,88512,48.846493724299,2.4042870880345,Paris,Jardin Debergue - Rendez-Vous,4e1eccd4fa76920758b0b747,0,Garden,http://tour-pedia.org/api/getPlaceDetails?id=88512,http://tour-pedia.org/api/getReviewsByPlaceId?placeId=88512
Galerie de la Villette,attraction,88514,48.890244191333,2.3907174385921,Paris,La Villette Enchantée,4e1f293918a813a4dac73cfa,0,Beer Garden,http://tour-pedia.org/api/getPlaceDetails?id=88514,http://tour-pedia.org/api/getReviewsByPlaceId?placeId=88514
25 Avenue de la Porte de Châtillon,attraction,88526,48.822498090344,2.3146069049835,Paris,Porte de Châtillon,4e2154a31495f18f034d4f7c,0,Plaza,http://tour-pedia.org/api/getPlaceDetails?id=88526,http://tour-pedia.org/api/getReviewsByPlaceId?placeId=88526
Quai de la Rapée,attraction,88530,48.845654941473,2.3664379119873,Paris,Quai de la Rapée,4e219748b0fbdf9ba7aafa37,0,Harbor / Marina,http://tour-pedia.org/api/getPlaceDetails?id=88530,http://tour-pedia.org/api/getReviewsByPlaceId?placeId=88530
157 rue de la Pompe,attraction,88536,48.869319976254,2.2821297999029,Paris,Club 157,4e22d1137d8b71715bb8fc0b,0,Speakeasy,http://tour-pedia.org/api/getPlaceDetails?id=88536,http://tour-pedia.org/api/getReviewsByPlaceId?placeId=88536
,attraction,88539,48.83594,2.352281,Paris,Les Tontons,4e24137c1495f18f036753f9,0,Brewery,http://tour-pedia.org/api/getPlaceDetails?id=88539,http://tour-pedia.org/api/getReviewsByPlaceId?placeId=88539
Place Bienvenüe,attraction,88550,48.84243,2.320513,Paris,Place Bienvenüe,4e282cb8d164bfc24f1f9d9e,0,Plaza,http://tour-pedia.org/api/getPlaceDetails?id=88550,http://tour-pedia.org/api/getReviewsByPlaceId?placeId=88550
299 rue Lecourbe,attraction,88553,48.837817132628,2.2870820760727,Paris,Heure Sup,4e29f824814d7599e42da2c7,0,Cocktail Bar,http://tour-pedia.org/api/getPlaceDetails?id=88553,http://tour-pedia.org/api/getReviewsByPlaceId?placeId=88553
,attraction,88556,48.838099597494,2.4064135551453,Paris,Sentier nature de la Petite Ceinture du 12eme,4e2ae069fa76bbf847d2b2d9,0,Trail,http://tour-pedia.org/api/getPlaceDetails?id=88556,http://tour-pedia.org/api/getReviewsByPlaceId?placeId=88556
Quai de la gare,attraction,88558,48.835147831674,2.3770125338389,Paris,Bateau Nix Nox,4e2b8d84aeb745b1fac57d39,0,Nightclub,http://tour-pedia.org/api/getPlaceDetails?id=88558,http://tour-pedia.org/api/getReviewsByPlaceId?placeId=88558
Rue de la Roquette,attraction,88559,48.857585223012,2.3517752893708,Paris,Église Notre Dame de l'Espérance,4e2be41818a80bb0585e63a5,0,Church,http://tour-pedia.org/api/getPlaceDetails?id=88559,http://tour-pedia.org/api/getReviewsByPlaceId?placeId=88559
10 Avenue d'Iéna,attraction,88577,48.863627841267,2.2927308082581,Paris,Bar du Shangri-La Hotel,4e3050621838f1c552ce829f,0,Hotel Bar,http://tour-pedia.org/api/getPlaceDetails?id=88577,http://tour-pedia.org/api/getReviewsByPlaceId?placeId=88577
Belleville,attraction,88634,48.872223749619,2.3869514465332,Paris,Quartier de Belleville,4e3f1aa31495bf24a5f14f43,0,Neighborhood,http://tour-pedia.org/api/getPlaceDetails?id=88634,http://tour-pedia.org/api/getReviewsByPlaceId?placeId=88634
Petite ceinture de Paris,attraction,88652,48.835329600506,2.2929815762276,Paris,Petite Ceinture,4e43e5d8e4cd394059e29e68,0,Other Great Outdoors,http://tour-pedia.org/api/getPlaceDetails?id=88652,http://tour-pedia.org/api/getReviewsByPlaceId?placeId=88652
Parc des Buttes Chaumont,attraction,88667,48.881039208999,2.38309329405,Paris,Belvedere des Buttes Chaumont,4e491804aeb70e74f4b621fe,0,Scenic Lookout,http://tour-pedia.org/api/getPlaceDetails?id=88667,http://tour-pedia.org/api/getReviewsByPlaceId?placeId=88667
,attraction,88671,48.836777244445,2.4443747623619,Paris,Mini Golf du Parc Floral,4e49466b227128e1e8ef2aa3,0,Golf Course,http://tour-pedia.org/api/getPlaceDetails?id=88671,http://tour-pedia.org/api/getReviewsByPlaceId?placeId=88671
7ème Arrondissement,attraction,88678,48.85839052962,2.3112809658051,Paris,7ème Arrondissement,4e4bc8de091a945b3bba2ba0,0,Neighborhood,http://tour-pedia.org/api/getPlaceDetails?id=88678,http://tour-pedia.org/api/getReviewsByPlaceId?placeId=88678
9ème Arrondissement,attraction,88689,48.876824565039,2.339004278183,Paris,9ème Arrondissement,4e4d0046922e380651534b63,0,Neighborhood,http://tour-pedia.org/api/getPlaceDetails?id=88689,http://tour-pedia.org/api/getReviewsByPlaceId?placeId=88689
11ème Arrondissement,attraction,88690,48.857698768243,2.3805892467499,Paris,11ème Arrondissement,4e4d007d922e380651534b92,0,Neighborhood,http://tour-pedia.org/api/getPlaceDetails?id=88690,http://tour-pedia.org/api/getReviewsByPlaceId?placeId=88690
12ème Arrondissement,attraction,88691,48.837336938701,2.4015963077545,Paris,12ème Arrondissement,4e4d0100922e380651534c0b,0,Neighborhood,http://tour-pedia.org/api/getPlaceDetails?id=88691,http://tour-pedia.org/api/getReviewsByPlaceId?placeId=88691
18ème Arrondissement,attraction,88692,48.892472637338,2.3452270030975,Paris,18ème Arrondissement,4e4d01a6922e380651534c8e,0,Neighborhood,http://tour-pedia.org/api/getPlaceDetails?id=88692,http://tour-pedia.org/api/getReviewsByPlaceId?placeId=88692
19ème Arrondissement,attraction,88693,48.882412716461,2.3820269107819,Paris,19ème Arrondissement,4e4d01df922e380651534cc0,0,Neighborhood,http://tour-pedia.org/api/getPlaceDetails?id=88693,http://tour-pedia.org/api/getReviewsByPlaceId?placeId=88693
20ème Arrondissement,attraction,88694,48.86488414989,2.3992145061493,Paris,20ème Arrondissement,4e4d0225922e380651534d05,0,Neighborhood,http://tour-pedia.org/api/getPlaceDetails?id=88694,http://tour-pedia.org/api/getReviewsByPlaceId?placeId=88694
32 rue fontaine,attraction,88718,48.881560775378,2.3341736197472,Paris,Sam and Don Agency,4e53dcd63151427f74319709,0,Auditorium,http://tour-pedia.org/api/getPlaceDetails?id=88718,http://tour-pedia.org/api/getReviewsByPlaceId?placeId=88718
4-6 rue Louis Armand,attraction,88719,48.83151842471,2.2764205801122,Paris,Squash Forest Hill Aquaboulevard,4e54103bd1641f4f818e942e,0,Gym,http://tour-pedia.org/api/getPlaceDetails?id=88719,http://tour-pedia.org/api/getReviewsByPlaceId?placeId=88719
7 Avenue du Trône,attraction,88735,48.848161369225,2.3984688520432,Paris,Barrière du Trône,4e5670a9a809ca773e004d03,0,Historic Site,http://tour-pedia.org/api/getPlaceDetails?id=88735,http://tour-pedia.org/api/getReviewsByPlaceId?placeId=88735
,attraction,88736,48.866653442383,2.3854455947876,Paris,Les Trois 8,4e568488fa763b20fd0ddb65,0,Bar,http://tour-pedia.org/api/getPlaceDetails?id=88736,http://tour-pedia.org/api/getReviewsByPlaceId?placeId=88736
,attraction,88744,48.829615056424,2.3538803918247,Paris,Rue Bobillot,4e595ed718a8c204750b68a1,0,Other Great Outdoors,http://tour-pedia.org/api/getPlaceDetails?id=88744,http://tour-pedia.org/api/getReviewsByPlaceId?placeId=88744
Square Courteline,attraction,88768,48.844934761566,2.402229309082,Paris,Square Courteline,4e5e800f14954da39ff0fe4d,0,Plaza,http://tour-pedia.org/api/getPlaceDetails?id=88768,http://tour-pedia.org/api/getReviewsByPlaceId?placeId=88768
Bibliothèque Nationale de France,attraction,88787,48.833608217454,2.3756539821625,Paris,Esplanade de la Bibliothèque Nationale de France,4e62633baeb7360314e551cf,0,Plaza,http://tour-pedia.org/api/getPlaceDetails?id=88787,http://tour-pedia.org/api/getReviewsByPlaceId?placeId=88787
Pont des Invalides,attraction,88795,48.863592551244,2.31036901474,Paris,Pont des Invalides,4e6463231520355eb6ed8027,0,Bridge,http://tour-pedia.org/api/getPlaceDetails?id=88795,http://tour-pedia.org/api/getReviewsByPlaceId?placeId=88795
68 Boulevard de la Villette,attraction,88818,48.875238572263,2.3736204933051,Paris,Le 9 B,4e690fe5aeb75ce774e84971,0,Nightlife Spot,http://tour-pedia.org/api/getPlaceDetails?id=88818,http://tour-pedia.org/api/getReviewsByPlaceId?placeId=88818
Parc de Bagatelle,attraction,88819,48.872005106915,2.2495346535415,Paris,We Love Green Festival,4e69e6a518381ea1bda75420,0,Concert Hall,http://tour-pedia.org/api/getPlaceDetails?id=88819,http://tour-pedia.org/api/getReviewsByPlaceId?placeId=88819
48 Rue Claude Decaen,attraction,88826,48.838707,2.396251,Paris,Zic Zinc,4e6a353e88772457c457ff30,0,Bar,http://tour-pedia.org/api/getPlaceDetails?id=88826,http://tour-pedia.org/api/getReviewsByPlaceId?placeId=88826
Rue de la Tombe Issoire,attraction,88833,48.830116346872,2.3338114912706,Paris,Le Petit Club,4e6b541d7d8b143eb77d78a9,0,Bar,http://tour-pedia.org/api/getPlaceDetails?id=88833,http://tour-pedia.org/api/getReviewsByPlaceId?placeId=88833
Diamond's Paradise,attraction,88854,48.836447155434,2.4047827720642,Paris,VIP Club,4e6ff0f68877ad0ece1d510f,0,Nightclub,http://tour-pedia.org/api/getPlaceDetails?id=88854,http://tour-pedia.org/api/getReviewsByPlaceId?placeId=88854
Berges de Seine,attraction,88861,48.862290116178,2.2987466597392,Paris,Photoquai,4e70ab15b99302402c5c8413,0,Art Gallery,http://tour-pedia.org/api/getPlaceDetails?id=88861,http://tour-pedia.org/api/getReviewsByPlaceId?placeId=88861
15 Rue du Maine,attraction,88867,48.840620525873,2.3222136497498,Paris,L'Adada Bar,4e71fbb7091a8493b3553126,0,Bar,http://tour-pedia.org/api/getPlaceDetails?id=88867,http://tour-pedia.org/api/getReviewsByPlaceId?placeId=88867
5 avenue Albert de Mun,attraction,88878,48.862837338778,2.2919368743896,Paris,Trocadéro Ozu Club,4e752717ae60c328510257d3,0,Nightclub,http://tour-pedia.org/api/getPlaceDetails?id=88878,http://tour-pedia.org/api/getReviewsByPlaceId?placeId=88878
Rue De Belzunce,attraction,88885,48.879562391844,2.3514929540068,Paris,Rue De Belzunce,4e76669fd4c093447252bf77,0,Other Great Outdoors,http://tour-pedia.org/api/getPlaceDetails?id=88885,http://tour-pedia.org/api/getReviewsByPlaceId?placeId=88885
,attraction,88887,48.827792929663,2.2935878595161,Paris,Stade de la plaine,4e7714bcae60c32851d50b5e,0,Stadium,http://tour-pedia.org/api/getPlaceDetails?id=88887,http://tour-pedia.org/api/getReviewsByPlaceId?placeId=88887
Porte de Choisir,attraction,88919,48.820018634907,2.3649573326111,Paris,Porte de Choisy,4e7c2aff89986e7458839002,0,Plaza,http://tour-pedia.org/api/getPlaceDetails?id=88919,http://tour-pedia.org/api/getReviewsByPlaceId?placeId=88919
Rue Ridder,attraction,88939,48.830982,2.312274,Paris,Ridder Cafe,4e80ac0777c8d359a8f7f62c,0,Lounge,http://tour-pedia.org/api/getPlaceDetails?id=88939,http://tour-pedia.org/api/getReviewsByPlaceId?placeId=88939
241 rue du Faubourg Saint-Antoine,attraction,88947,48.849947563707,2.3853635787964,Paris,In Out,4e8343fb7beba8f7b633ad87,0,Lounge,http://tour-pedia.org/api/getPlaceDetails?id=88947,http://tour-pedia.org/api/getReviewsByPlaceId?placeId=88947
Place de la Bourse,attraction,88949,48.869316267725,2.3406887054443,Paris,Place de la Bourse,4e83cd284fc6f78732f55272,0,Plaza,http://tour-pedia.org/api/getPlaceDetails?id=88949,http://tour-pedia.org/api/getReviewsByPlaceId?placeId=88949
114 Rue Oberkampf,attraction,88954,48.866097776334,2.3791977015026,Paris,114 Bar by PUMA Social,4e84b507f5b99ae34c1434d9,0,Lounge,http://tour-pedia.org/api/getPlaceDetails?id=88954,http://tour-pedia.org/api/getReviewsByPlaceId?placeId=88954
,attraction,88964,48.826450110444,2.3688873778268,Paris,Rue du Chateau des Rentiers,4e857fad93ad386410583783,0,Plaza,http://tour-pedia.org/api/getPlaceDetails?id=88964,http://tour-pedia.org/api/getReviewsByPlaceId?placeId=88964
,attraction,88977,48.840319044027,2.4353663971732,Paris,Odyssea Paris,4e87fd3cbe7b97e418f140af,0,Arts & Entertainment,http://tour-pedia.org/api/getPlaceDetails?id=88977,http://tour-pedia.org/api/getReviewsByPlaceId?placeId=88977
18 rue de Moscou,attraction,88983,48.880580565552,2.3253984223661,Paris,Au Petit Zinc,4e899aaa6c25bf8636489fd6,0,Brewery,http://tour-pedia.org/api/getPlaceDetails?id=88983,http://tour-pedia.org/api/getReviewsByPlaceId?placeId=88983
320 rue des Pyrénées,attraction,89057,48.872719124343,2.3907610308494,Paris,Les Petits Campagnards,4e9c39778b81c0254f081cb0,0,Brewery,http://tour-pedia.org/api/getPlaceDetails?id=89057,http://tour-pedia.org/api/getReviewsByPlaceId?placeId=89057
72 rue Boursault,attraction,89072,48.886108081987,2.3178766210655,Paris,L'Ébéniste du Vin,4ea428a1b6347b996880466f,0,Wine Bar,http://tour-pedia.org/api/getPlaceDetails?id=89072,http://tour-pedia.org/api/getReviewsByPlaceId?placeId=89072
,attraction,89073,48.866762,2.310024,Paris,Le Grand Palais Brasserie,4ea44ab693ad755e37bbda08,0,Brewery,http://tour-pedia.org/api/getPlaceDetails?id=89073,http://tour-pedia.org/api/getReviewsByPlaceId?placeId=89073
Place de la Bataille de Stalingrad,attraction,89097,48.883449842541,2.3695278167725,Paris,Rotonde de la Villette,4eaa96c10cd6a81e7caee8b9,0,Historic Site,http://tour-pedia.org/api/getPlaceDetails?id=89097,http://tour-pedia.org/api/getReviewsByPlaceId?placeId=89097
,attraction,89122,48.828927686012,2.3321296467433,Paris,Rue Bezout,4eb434dd7ee5024d7e7b02b5,0,Other Great Outdoors,http://tour-pedia.org/api/getPlaceDetails?id=89122,http://tour-pedia.org/api/getReviewsByPlaceId?placeId=89122
,attraction,89142,48.881509,2.315438,Paris,Cafe des Dames,4ebaca11d3e3705543e1b66f,0,Bar,http://tour-pedia.org/api/getPlaceDetails?id=89142,http://tour-pedia.org/api/getReviewsByPlaceId?placeId=89142
Place Clémenceau,attraction,89165,48.867602910955,2.3133433907506,Paris,Statue Charles de Gaulle,4ec554a229c224ea7c5fca7f,0,Sculpture Garden,http://tour-pedia.org/api/getPlaceDetails?id=89165,http://tour-pedia.org/api/getReviewsByPlaceId?placeId=89165
,attraction,89181,48.857457966815,2.2551927438954,Paris,Cirque Alexis Gruss,4eca97b161af9e14335ec768,0,General Entertainment,http://tour-pedia.org/api/getPlaceDetails?id=89181,http://tour-pedia.org/api/getReviewsByPlaceId?placeId=89181
44 Avenue Foch,attraction,89189,48.872941138104,2.2871040830638,Paris,Parc Avenue Foch,4ecd3d725c5c3d499582134a,0,Park,http://tour-pedia.org/api/getPlaceDetails?id=89189,http://tour-pedia.org/api/getReviewsByPlaceId?placeId=89189
6 rue André Antoine,attraction,89236,48.88284991787,2.3374319940528,Paris,Le Kremlin,4eda7f7d0aaf49e029b6992d,0,Cocktail Bar,http://tour-pedia.org/api/getPlaceDetails?id=89236,http://tour-pedia.org/api/getReviewsByPlaceId?placeId=89236
1 rue Denis Poisson,attraction,89357,48.876408643078,2.2872927292147,Paris,Fréquence Protestante,4f02f705e5faf2869eabc506,0,General Entertainment,http://tour-pedia.org/api/getPlaceDetails?id=89357,http://tour-pedia.org/api/getReviewsByPlaceId?placeId=89357
,attraction,89361,48.870269097514,2.3962543168971,Paris,Le canapé de Diawan,4f038ad19911be1fbc9afaf9,0,Home (private),http://tour-pedia.org/api/getPlaceDetails?id=89361,http://tour-pedia.org/api/getReviewsByPlaceId?placeId=89361
Rue des Trois Bornes,attraction,89371,48.867186164737,2.3722324724009,Paris,Rue des Trois Bornes,4f085c70e4b000dd75509bd6,0,Other Great Outdoors,http://tour-pedia.org/api/getPlaceDetails?id=89371,http://tour-pedia.org/api/getReviewsByPlaceId?placeId=89371
,attraction,89378,48.864252924938,2.370450561587,Paris,Boulevard Richard Lenoir,4f0b1f0ee4b000dd78232664,0,Park,http://tour-pedia.org/api/getPlaceDetails?id=89378,http://tour-pedia.org/api/getReviewsByPlaceId?placeId=89378
Rue du Cardinal Dubois,attraction,89398,48.886031981383,2.3431241512299,Paris,Parvis du Sacré-Cœur,4f15b20ce4b09e81dcecf6a0,0,Scenic Lookout,http://tour-pedia.org/api/getPlaceDetails?id=89398,http://tour-pedia.org/api/getReviewsByPlaceId?placeId=89398
"2, Place de la Porte Maillot",attraction,89455,48.8783813399,2.2839080121538,Paris,Le Standard,4f2dbdaee4b083c4279552b5,0,Nightclub,http://tour-pedia.org/api/getPlaceDetails?id=89455,http://tour-pedia.org/api/getReviewsByPlaceId?placeId=89455
69 Port de la Rapée,attraction,89456,48.84338833048,2.3695053512939,Paris,Concrete Paris,4f2e3cc0e4b00ef1a5f65223,0,Nightclub,http://tour-pedia.org/api/getPlaceDetails?id=89456,http://tour-pedia.org/api/getReviewsByPlaceId?placeId=89456
,attraction,89486,48.820886574842,2.3374141006193,Paris,Piscine de la citè universitaire international,4f3aaecee4b05a156a29f4af,0,Pool,http://tour-pedia.org/api/getPlaceDetails?id=89486,http://tour-pedia.org/api/getReviewsByPlaceId?placeId=89486
20 rue Jean Rey,attraction,89500,48.855369297392,2.2919154167175,Paris,Mercure Paris Centre Tour Eiffel,4f3ffc22e4b0d1e98f17f5c6,0,Hotel,http://tour-pedia.org/api/getPlaceDetails?id=89500,http://tour-pedia.org/api/getReviewsByPlaceId?placeId=89500
2-4 Impasse Lamier,attraction,89522,48.85814571564,2.3887159825721,Paris,Pan Piper Live,4f479e89e4b01e144da40b8d,0,Music Venue,http://tour-pedia.org/api/getPlaceDetails?id=89522,http://tour-pedia.org/api/getReviewsByPlaceId?placeId=89522
Jardin des Plantes,attraction,89528,48.843581142491,2.3637652451117,Paris,Jardin Botanique du Jardin des Plantes,4f4a6a54e4b0605e448abf0e,0,Garden,http://tour-pedia.org/api/getPlaceDetails?id=89528,http://tour-pedia.org/api/getReviewsByPlaceId?placeId=89528
17 rue de Mazagran,attraction,89532,48.871097309977,2.3522131537187,Paris,L'Inconnu,4f4bd705e4b082dc59ed745f,0,Lounge,http://tour-pedia.org/api/getPlaceDetails?id=89532,http://tour-pedia.org/api/getReviewsByPlaceId?placeId=89532
,attraction,89669,48.831025716349,2.2789958586942,Paris,Le Boyard,4f75d044e4b0c0edd5dab4eb,0,Bar,http://tour-pedia.org/api/getPlaceDetails?id=89669,http://tour-pedia.org/api/getReviewsByPlaceId?placeId=89669
3 Rue Baudelique,attraction,89697,48.892213,2.347014,Paris,Le Supercoin,4f809d1fe4b00084da893d50,0,Bar,http://tour-pedia.org/api/getPlaceDetails?id=89697,http://tour-pedia.org/api/getReviewsByPlaceId?placeId=89697
4 rue Meyerbeer,attraction,89701,48.871923042306,2.3336069675139,Paris,W Lounge,4f82f70ce4b0d9965c28857c,0,Cocktail Bar,http://tour-pedia.org/api/getPlaceDetails?id=89701,http://tour-pedia.org/api/getReviewsByPlaceId?placeId=89701
Place du Louvre,attraction,89754,48.859915194409,2.3405814170837,Paris,Place du Louvre,4f979c8ae4b05465dae0714f,0,Plaza,http://tour-pedia.org/api/getPlaceDetails?id=89754,http://tour-pedia.org/api/getReviewsByPlaceId?placeId=89754
2 rue Juliette Dodu,attraction,89830,48.874145237706,2.3703389877573,Paris,La Piscine Saint Louis,4fb9288fe4b0851f2a3dc918,0,Lounge,http://tour-pedia.org/api/getPlaceDetails?id=89830,http://tour-pedia.org/api/getReviewsByPlaceId?placeId=89830
34 Quai d'Austerlitz,attraction,89887,48.840618070166,2.3704535312088,Paris,Moon Roof,4fc641bde4b0b745a1d456c9,0,Hookah Bar,http://tour-pedia.org/api/getPlaceDetails?id=89887,http://tour-pedia.org/api/getReviewsByPlaceId?placeId=89887
15 Rue Du Champs De Mars,attraction,89891,48.856531013976,2.3055142758865,Paris,Bistrot Des Fistons,4fc7d935e4b088f388ece50b,0,Wine Bar,http://tour-pedia.org/api/getPlaceDetails?id=89891,http://tour-pedia.org/api/getReviewsByPlaceId?placeId=89891
,attraction,89919,48.848651572984,2.3506798372253,Paris,Google Atmosphere,4fcf4fb5e4b084f90d62e016,0,Auditorium,http://tour-pedia.org/api/getPlaceDetails?id=89919,http://tour-pedia.org/api/getReviewsByPlaceId?placeId=89919
19 Avenue Victoria,attraction,89931,48.858224882245,2.3463719826774,Paris,Le Dernier Bar avant la Fin du Monde,4fd21c85e4b08315f264bdd5,0,Bar,http://tour-pedia.org/api/getPlaceDetails?id=89931,http://tour-pedia.org/api/getReviewsByPlaceId?placeId=89931
82 Rue de Charenton,attraction,89938,48.848825022044,2.3753106594086,Paris,Le Calbar,4fd3c3137b0c4fe0be8ea3a6,0,Cocktail Bar,http://tour-pedia.org/api/getPlaceDetails?id=89938,http://tour-pedia.org/api/getReviewsByPlaceId?placeId=89938
,attraction,89972,48.896301689729,2.3625704814482,Paris,Le Five Porte de la Chapelle,4fe21127e4b0bd44619d8dc2,0,Soccer Field,http://tour-pedia.org/api/getPlaceDetails?id=89972,http://tour-pedia.org/api/getReviewsByPlaceId?placeId=89972
3 Rue Muller,attraction,89973,48.886836634206,2.347135052393,Paris,Rosie,4fe22707e4b0f60bf225ed20,0,Bar,http://tour-pedia.org/api/getPlaceDetails?id=89973,http://tour-pedia.org/api/getReviewsByPlaceId?placeId=89973
17 Rue Robert Blache,attraction,89978,48.878198955937,2.3648655866808,Paris,Le Robinet d'Or,4fe448d3e4b04acf4e29c12f,0,Hotel,http://tour-pedia.org/api/getPlaceDetails?id=89978,http://tour-pedia.org/api/getReviewsByPlaceId?placeId=89978
8 rue de l'Olive,attraction,90015,48.890665809685,2.3613460628416,Paris,Brasserie de l'Olive,4feecd94e4b00a5fd41a2044,0,Brewery,http://tour-pedia.org/api/getPlaceDetails?id=90015,http://tour-pedia.org/api/getReviewsByPlaceId?placeId=90015
92 rue de Hauteville,attraction,90057,48.87703779712,2.3513777930845,Paris,Les Animals,50007b67e4b0a7c211ff29d0,0,Bar,http://tour-pedia.org/api/getPlaceDetails?id=90057,http://tour-pedia.org/api/getReviewsByPlaceId?placeId=90057
24 Rue Dumeril,attraction,90118,48.836317448056,2.3583235776927,Paris,La Fût Gueuze,50141bfbe4b0e259d321d731,0,Bar,http://tour-pedia.org/api/getPlaceDetails?id=90118,http://tour-pedia.org/api/getReviewsByPlaceId?placeId=90118
11 Avenue du Président Wilson,attraction,90164,48.864397157594,2.2977840900421,Paris,Musée d'Art Moderne (MAM),502f9afee4b0504d9e6d906e,0,Art Museum,http://tour-pedia.org/api/getPlaceDetails?id=90164,http://tour-pedia.org/api/getReviewsByPlaceId?placeId=90164
,attraction,90172,48.886636269155,2.3504592376162,Paris,Chez Les Chabigneront,50340793e4b02dc8ff973efa,0,Speakeasy,http://tour-pedia.org/api/getPlaceDetails?id=90172,http://tour-pedia.org/api/getReviewsByPlaceId?placeId=90172
7 rue Frochot,attraction,90192,48.881549240386,2.3374094560306,Paris,Glass,503c84a4e4b01d1549ca1b87,0,Cocktail Bar,http://tour-pedia.org/api/getPlaceDetails?id=90192,http://tour-pedia.org/api/getReviewsByPlaceId?placeId=90192
49 Rue de Ponthieu,attraction,90246,48.871609805136,2.3061954975128,Paris,Chez Papillon,504fa4e8e4b049bb940c5fdb,0,Nightclub,http://tour-pedia.org/api/getPlaceDetails?id=90246,http://tour-pedia.org/api/getReviewsByPlaceId?placeId=90246
173 Rue Saint-Martin,attraction,90250,48.862559756751,2.3521876044432,Paris,Workshop Paris,5050d379e4b0473d5f6e5152,0,Lounge,http://tour-pedia.org/api/getPlaceDetails?id=90250,http://tour-pedia.org/api/getReviewsByPlaceId?placeId=90250
36 Quai d'austerlitz,attraction,90262,48.840955853757,2.3698704315825,Paris,Le Nüba,50532343e4b0ed8a074dd0ea,0,Lounge,http://tour-pedia.org/api/getPlaceDetails?id=90262,http://tour-pedia.org/api/getReviewsByPlaceId?placeId=90262
20 rue Beautreillis,attraction,90304,48.853318945721,2.3640343859675,Paris,Sherry Butt,505a06b7e4b0f81baba6bce6,0,Cocktail Bar,http://tour-pedia.org/api/getPlaceDetails?id=90304,http://tour-pedia.org/api/getReviewsByPlaceId?placeId=90304
64 Rue Alexandre Dumas,attraction,90342,48.854232788086,2.3950209617615,Paris,Au Bon Accueil,5065f4a7e4b0c68e4c85ac7c,0,Bar,http://tour-pedia.org/api/getPlaceDetails?id=90342,http://tour-pedia.org/api/getReviewsByPlaceId?placeId=90342
5 rue de Berri,attraction,90346,48.871832855499,2.303264105908,Paris,Titty-Twister,5067ba73e4b02d0d17d17911,0,Nightclub,http://tour-pedia.org/api/getPlaceDetails?id=90346,http://tour-pedia.org/api/getReviewsByPlaceId?placeId=90346
"11, avenue du Tremblay",attraction,90408,48.830670241605,2.4525046348572,Paris,"INSEP - Institut National du Sport, de L'Expertise et de la Performance | Salle M.T. Eyquem",506c6717c84c508f70f64af7,0,Basketball Stadium,http://tour-pedia.org/api/getPlaceDetails?id=90408,http://tour-pedia.org/api/getReviewsByPlaceId?placeId=90408
26 rue de la Croix Nivert,attraction,90423,48.84662951449,2.2995097131217,Paris,Le Comptoir Moderne,50704879e4b07f6e2d2a05c8,0,Brewery,http://tour-pedia.org/api/getPlaceDetails?id=90423,http://tour-pedia.org/api/getReviewsByPlaceId?placeId=90423
Montmartre,attraction,90452,48.886146292107,2.3425730835041,Paris,Fête des vendanges,5079aedbe4b08ac08e0a2e97,0,Vineyard,http://tour-pedia.org/api/getPlaceDetails?id=90452,http://tour-pedia.org/api/getReviewsByPlaceId?placeId=90452
60 rue Charlot,attraction,90453,48.863675371867,2.3635738841906,Paris,Little Red Door,5079f1e0e4b0eb8b83f90b0d,0,Cocktail Bar,http://tour-pedia.org/api/getPlaceDetails?id=90453,http://tour-pedia.org/api/getReviewsByPlaceId?placeId=90453
32 Rue Cler,attraction,90471,48.857035146019,2.3063305654391,Paris,L'Éclair,50810ddde4b0fedebcd47049,0,Cocktail Bar,http://tour-pedia.org/api/getPlaceDetails?id=90471,http://tour-pedia.org/api/getReviewsByPlaceId?placeId=90471
26 rue Pierre Fontaine,attraction,90475,48.882225394889,2.3336491550616,Paris,Le Dandy,50831520e4b0354c59d2af78,0,Nightclub,http://tour-pedia.org/api/getPlaceDetails?id=90475,http://tour-pedia.org/api/getReviewsByPlaceId?placeId=90475
62 Avenue Des Gobelins,attraction,90498,48.833244531192,2.3540812580527,Paris,La Manufacture,508d54a6e4b05f3f844df8fa,0,Bar,http://tour-pedia.org/api/getPlaceDetails?id=90498,http://tour-pedia.org/api/getReviewsByPlaceId?placeId=90498
Boul. Périphérique,attraction,90517,48.877473725788,2.4097394943237,Paris,Corcoran's,509586c2e4b0ad0d95c63c8f,0,Pub,http://tour-pedia.org/api/getPlaceDetails?id=90517,http://tour-pedia.org/api/getReviewsByPlaceId?placeId=90517
96 Rue De Ménilmontant,attraction,90523,48.869309,2.392211,Paris,Le Bouillon St Stefanus,509aadc9498ebbcaf475ff6f,0,Bar,http://tour-pedia.org/api/getPlaceDetails?id=90523,http://tour-pedia.org/api/getReviewsByPlaceId?placeId=90523
50 rue Descartes,attraction,90534,48.84505,2.349091,Paris,Chapi Chapo,509d593ce4b07eb4d84a9f78,0,Bar,http://tour-pedia.org/api/getPlaceDetails?id=90534,http://tour-pedia.org/api/getReviewsByPlaceId?placeId=90534
152 boulevard du Montparnasse,attraction,90582,48.840493911439,2.3343602507562,Paris,My Baar,50b3a894e4b078aafd4be43f,0,Lounge,http://tour-pedia.org/api/getPlaceDetails?id=90582,http://tour-pedia.org/api/getReviewsByPlaceId?placeId=90582
98 rue Oberkampf,attraction,90586,48.865924560531,2.3781477484974,Paris,O'Connells,50b4ff81e4b047f57d9e2075,0,Pub,http://tour-pedia.org/api/getPlaceDetails?id=90586,http://tour-pedia.org/api/getReviewsByPlaceId?placeId=90586
Rue de Meaux,attraction,90612,48.880834,2.373402,Paris,Warren's,50be2e8ae4b0d20f312fc105,0,Spiritual Center,http://tour-pedia.org/api/getPlaceDetails?id=90612,http://tour-pedia.org/api/getReviewsByPlaceId?placeId=90612
Place des Invalides,attraction,90622,48.858630526232,2.3129439353943,Paris,Place des Invalides,50c5c94690e732743b022d32,0,Plaza,http://tour-pedia.org/api/getPlaceDetails?id=90622,http://tour-pedia.org/api/getReviewsByPlaceId?placeId=90622
Paris,attraction,90668,48.85644227925,2.3520612716675,Paris,Paris,50dbd18d498eb594ef575b0a,0,City,http://tour-pedia.org/api/getPlaceDetails?id=90668,http://tour-pedia.org/api/getReviewsByPlaceId?placeId=90668
25 Rue Moret,attraction,90689,48.867745238191,2.3788068374416,Paris,Joséphine,50e5d8d5e4b0dea820477426,0,Lounge,http://tour-pedia.org/api/getPlaceDetails?id=90689,http://tour-pedia.org/api/getReviewsByPlaceId?placeId=90689
17 Bd Arago,attraction,90698,48.835965384756,2.3497142103314,Paris,La Belette Qui Tète,50e87be7e4b0ae33c541697a,0,Bar,http://tour-pedia.org/api/getPlaceDetails?id=90698,http://tour-pedia.org/api/getReviewsByPlaceId?placeId=90698
,attraction,90714,48.85398,2.268736,Paris,Macis,50f07af8e4b0906cbeabb226,0,French Restaurant,http://tour-pedia.org/api/getPlaceDetails?id=90714,http://tour-pedia.org/api/getReviewsByPlaceId?placeId=90714
8 Rue Frochot,attraction,90737,48.881528125147,2.337308329879,Paris,Dirty Dick,50f98ef5e4b0f610ba0faa99,0,Cocktail Bar,http://tour-pedia.org/api/getPlaceDetails?id=90737,http://tour-pedia.org/api/getReviewsByPlaceId?placeId=90737
53 Avenue Picquet Grenelle,attraction,90742,48.850193981379,2.2996718021887,Paris,Le Siempre,50fb17cde4b028b4a74fd0c0,0,Lounge,http://tour-pedia.org/api/getPlaceDetails?id=90742,http://tour-pedia.org/api/getReviewsByPlaceId?placeId=90742
76-78 Avenue des Champs-Élysées,attraction,90753,48.872082,2.305171,Paris,Prince Palace,5101b0bee4b0af41928cd551,0,Hookah Bar,http://tour-pedia.org/api/getPlaceDetails?id=90753,http://tour-pedia.org/api/getReviewsByPlaceId?placeId=90753
239 Rue Saint-Honoré,attraction,90774,48.866697763158,2.3278721256882,Paris,Bar de l'Hôtel Costes,510b0485e4b0607cd9a25947,0,Hotel Bar,http://tour-pedia.org/api/getPlaceDetails?id=90774,http://tour-pedia.org/api/getReviewsByPlaceId?placeId=90774
149 rue Montmartre,attraction,90855,48.8702531,2.342653,Paris,La Java,512d1159e4b038890e520faa,0,Bar,http://tour-pedia.org/api/getPlaceDetails?id=90855,http://tour-pedia.org/api/getReviewsByPlaceId?placeId=90855
50 Rue Sauffroy,attraction,90879,48.89247969127,2.3218703269959,Paris,TiKris's,5134fbb2e4b0303cea98e232,0,Speakeasy,http://tour-pedia.org/api/getPlaceDetails?id=90879,http://tour-pedia.org/api/getReviewsByPlaceId?placeId=90879
96 rue du Commerce,attraction,90962,48.843720317089,2.293074131012,Paris,À la Tour Eiffel,5150cc36e4b092b79c1b5ac9,0,Brewery,http://tour-pedia.org/api/getPlaceDetails?id=90962,http://tour-pedia.org/api/getReviewsByPlaceId?placeId=90962
,attraction,91037,48.87911390215,2.3672048976532,Paris,Le Petit Carillon,51683c88e4b0d2ed2f6301ea,0,Bar,http://tour-pedia.org/api/getPlaceDetails?id=91037,http://tour-pedia.org/api/getReviewsByPlaceId?placeId=91037
42 Route de Sèvres à Neuilly,attraction,91055,48.870304265961,2.2458028793335,Paris,Bagatelle Mansion,516e7f9ce4b003473cd73c3e,0,Nightclub,http://tour-pedia.org/api/getPlaceDetails?id=91055,http://tour-pedia.org/api/getReviewsByPlaceId?placeId=91055
3 rue Joseph Dijon,attraction,91074,48.89378776728,2.34738049526,Paris,Le Petit Joseph Dijon,51718019e4b0d5bc92a73b93,0,Bar,http://tour-pedia.org/api/getPlaceDetails?id=91074,http://tour-pedia.org/api/getReviewsByPlaceId?placeId=91074
11 rue Daval,attraction,91110,48.855010611381,2.3701741153831,Paris,Tiny Café,518173bd498e64ab1a6f764e,0,Lounge,http://tour-pedia.org/api/getPlaceDetails?id=91110,http://tour-pedia.org/api/getReviewsByPlaceId?placeId=91110
"6, avenue du Mahatma Gandhi",attraction,91111,48.877022136594,2.2674000263214,Paris,Musée National des Arts et Traditions Populaires,518174ba498e80d11bf61f90,0,History Museum,http://tour-pedia.org/api/getPlaceDetails?id=91111,http://tour-pedia.org/api/getReviewsByPlaceId?placeId=91111
14 Rue Crespin du Gast,attraction,91121,48.865381748157,2.3817672477881,Paris,Le Perchoir,5183f149498eff6233941d44,0,Cocktail Bar,http://tour-pedia.org/api/getPlaceDetails?id=91121,http://tour-pedia.org/api/getReviewsByPlaceId?placeId=91121
,attraction,91201,48.876723,2.292501,Paris,Boite Carnot,519fde73498efd44c16828ec,0,Whisky Bar,http://tour-pedia.org/api/getPlaceDetails?id=91201,http://tour-pedia.org/api/getReviewsByPlaceId?placeId=91201
5 Avenue Anatole France,attraction,91211,48.858263472125,2.2945117950439,Paris,Tour Eiffel,51a2445e5019c80b56934c75,0,Monument / Landmark,http://tour-pedia.org/api/getPlaceDetails?id=91211,http://tour-pedia.org/api/getReviewsByPlaceId?placeId=91211
Cour Saint-Émilion,attraction,91257,48.833457607149,2.3863429085766,Paris,Cour Saint-Émilion,51add4a3498e8f3a41cc9337,0,Plaza,http://tour-pedia.org/api/getPlaceDetails?id=91257,http://tour-pedia.org/api/getReviewsByPlaceId?placeId=91257
5 rue Sedaine,attraction,91333,48.855692896054,2.3712860308359,Paris,Moonshiner,51c09c5f498e42cdca9ba4a3,0,Lounge,http://tour-pedia.org/api/getPlaceDetails?id=91333,http://tour-pedia.org/api/getReviewsByPlaceId?placeId=91333
Port des Invalides,attraction,91341,48.863142236497,2.3154413250427,Paris,En Attendant Rosa,51c1eaf5498e33adc109c41a,0,Beer Garden,http://tour-pedia.org/api/getPlaceDetails?id=91341,http://tour-pedia.org/api/getReviewsByPlaceId?placeId=91341
,attraction,91358,48.862855483082,2.3129145388363,Paris,Berges de Seine,51c499ed498e94b11992a497,0,Other Great Outdoors,http://tour-pedia.org/api/getPlaceDetails?id=91358,http://tour-pedia.org/api/getReviewsByPlaceId?placeId=91358
7 Passage du Télégraphe,attraction,91359,48.874165111801,2.3986974345963,Paris,Église Évangélique de Télégraphe,51c49fde498e3a8ec878aa5e,0,Church,http://tour-pedia.org/api/getPlaceDetails?id=91359,http://tour-pedia.org/api/getReviewsByPlaceId?placeId=91359
Quai d'Orsay,attraction,91385,48.863048737419,2.3128695207011,Paris,Faust,51cdcd3d498e603a905fb78d,0,Beer Garden,http://tour-pedia.org/api/getPlaceDetails?id=91385,http://tour-pedia.org/api/getReviewsByPlaceId?placeId=91385
,attraction,91409,48.870907,2.29751,Paris,Upper Crèmerie,51d46708498e750d49a38bbb,0,Cocktail Bar,http://tour-pedia.org/api/getPlaceDetails?id=91409,http://tour-pedia.org/api/getReviewsByPlaceId?placeId=91409
36 Rue de Paradis,attraction,91412,48.875293198209,2.3509612045141,Paris,Le Fantôme,51d5b55d498eece3eed8f599,0,Bar,http://tour-pedia.org/api/getPlaceDetails?id=91412,http://tour-pedia.org/api/getReviewsByPlaceId?placeId=91412
33 avenue des gobelins,attraction,91503,48.835797462431,2.3527050018311,Paris,chez S.E.O. & A.P.N.,51fe2ecd8bbdd632064d9f02,0,Strip Club,http://tour-pedia.org/api/getPlaceDetails?id=91503,http://tour-pedia.org/api/getReviewsByPlaceId?placeId=91503
8 passage Thiéré,attraction,91564,48.853558,2.374557,Paris,La Mécanique Ondulatoire,521e2e7011d2336371eb2bc7,0,Bar,http://tour-pedia.org/api/getPlaceDetails?id=91564,http://tour-pedia.org/api/getReviewsByPlaceId?placeId=91564
14 rue Bochart de Saron,attraction,91648,48.880973175233,2.3425811336994,Paris,Artisan,523221a311d27660ba7fb36e,0,Cocktail Bar,http://tour-pedia.org/api/getPlaceDetails?id=91648,http://tour-pedia.org/api/getReviewsByPlaceId?placeId=91648
Grand Palais,attraction,91690,48.866878918327,2.3116743582356,Paris,Exposition Georges Braque,523d87bf11d236ac858a9521,0,Other Event,http://tour-pedia.org/api/getPlaceDetails?id=91690,http://tour-pedia.org/api/getReviewsByPlaceId?placeId=91690
23 Rue Jean Maridor,attraction,91692,48.838710738155,2.2867155971236,Paris,L'Atelier De La Charpenterie,523da304498edcd753f2f00c,0,Public Art,http://tour-pedia.org/api/getPlaceDetails?id=91692,http://tour-pedia.org/api/getReviewsByPlaceId?placeId=91692
13 avenue du Président Wilson,attraction,91757,48.864340409705,2.2969896320721,Paris,Le Yoyo,52489815498e1b7b7f2cc0ca,0,Nightclub,http://tour-pedia.org/api/getPlaceDetails?id=91757,http://tour-pedia.org/api/getReviewsByPlaceId?placeId=91757
Cour Bérard,attraction,91835,48.854308646341,2.3662394285202,Paris,#Appartement4,5257cb7b11d2de8c3a3433ee,0,Arcade,http://tour-pedia.org/api/getPlaceDetails?id=91835,http://tour-pedia.org/api/getReviewsByPlaceId?placeId=91835
17 Rue de Sèvres,attraction,91875,48.851851065705,2.3277657071563,Paris,Barbie Factory,5262966e498ea0231e1c32b8,0,Lounge,http://tour-pedia.org/api/getPlaceDetails?id=91875,http://tour-pedia.org/api/getReviewsByPlaceId?placeId=91875
