address,category,id,lat,lng,location,name,originalId,polarity,subCategory,details,reviews
5 Rue du Renard,restaurant,83254,48.857730533006,2.351621389389,Paris,McDonald's,4ac0ca73f964a5208c9420e3,0,Fast Food Restaurant,http://tour-pedia.org/api/getPlaceDetails?id=83254,http://tour-pedia.org/api/getReviewsByPlaceId?placeId=83254
45 boulevard Raspail,restaurant,83273,48.851331291125,2.3272562026978,Paris,Hôtel Lutetia,4adcda00f964a520b93021e3,0,Hotel,http://tour-pedia.org/api/getPlaceDetails?id=83273,http://tour-pedia.org/api/getReviewsByPlaceId?placeId=83273
"25 Rue de Buci, Paris, France",restaurant,83360,48.853738,2.336777,Paris,Alcar,,,,http://tour-pedia.org/api/getPlaceDetails?id=83360,http://tour-pedia.org/api/getReviewsByPlaceId?placeId=83360
"5 Boulevard Poissonnière, Paris, France",restaurant,83393,48.870727,2.347095,Paris,Deli's café,,,,http://tour-pedia.org/api/getPlaceDetails?id=83393,http://tour-pedia.org/api/getReviewsByPlaceId?placeId=83393
2 rue Cambon,restaurant,83404,48.866415332931,2.3253572898668,Paris,Flottes,4adcda06f964a520d93221e3,0,French Restaurant,http://tour-pedia.org/api/getPlaceDetails?id=83404,http://tour-pedia.org/api/getReviewsByPlaceId?placeId=83404
"80 Avenue de la Grande Armée, Paris, France",restaurant,83408,48.877481,2.28435,Paris,Le Congrès Maillot,,,,http://tour-pedia.org/api/getPlaceDetails?id=83408,http://tour-pedia.org/api/getReviewsByPlaceId?placeId=83408
18 rue Vavin,restaurant,83412,48.843868593865,2.3307001590729,Paris,Café Vavin,4adcda06f964a520eb3221e3,0,Café,http://tour-pedia.org/api/getPlaceDetails?id=83412,http://tour-pedia.org/api/getReviewsByPlaceId?placeId=83412
"15 Rue Lepic, Paris, France",restaurant,83430,48.88493,2.333691,Paris,Café des Deux Moulins,,,,http://tour-pedia.org/api/getPlaceDetails?id=83430,http://tour-pedia.org/api/getReviewsByPlaceId?placeId=83430
Port de la Gare,restaurant,83454,48.834462663329,2.3775989069243,Paris,La Dame de Canton,4adcda08f964a520c73321e3,0,French Restaurant,http://tour-pedia.org/api/getPlaceDetails?id=83454,http://tour-pedia.org/api/getReviewsByPlaceId?placeId=83454
3 Place Clément Ader,restaurant,83622,48.851513,2.277925,Paris,Zebra Square,4adcda11f964a520103621e3,0,French Restaurant,http://tour-pedia.org/api/getPlaceDetails?id=83622,http://tour-pedia.org/api/getReviewsByPlaceId?placeId=83622
"1 Boulevard Murat, Paris, France",restaurant,83662,48.847882,2.259041,Paris,Le Murat,,,,http://tour-pedia.org/api/getPlaceDetails?id=83662,http://tour-pedia.org/api/getReviewsByPlaceId?placeId=83662
52 Rue Fabert,restaurant,83664,48.8582652503,2.3113980690908,Paris,L'Esplanade,4adcda12f964a520903621e3,0,French Restaurant,http://tour-pedia.org/api/getPlaceDetails?id=83664,http://tour-pedia.org/api/getReviewsByPlaceId?placeId=83664
213 Rue Saint-Honoré,restaurant,83666,48.86544,2.330906,Paris,Water-Bar - Chez Colette,4adcda12f964a5209c3621e3,0,Lounge,http://tour-pedia.org/api/getPlaceDetails?id=83666,http://tour-pedia.org/api/getReviewsByPlaceId?placeId=83666
16 rue Louis Bonnet,restaurant,83693,48.871213592572,2.3767513358919,Paris,Pho Dong-Huong,4adcda15f964a5206d3721e3,0,Vietnamese Restaurant,http://tour-pedia.org/api/getPlaceDetails?id=83693,http://tour-pedia.org/api/getReviewsByPlaceId?placeId=83693
35 rue de la Fontaine au Roi,restaurant,83695,48.868377486043,2.37133287558,Paris,La Caravane,4adcda15f964a5207a3721e3,0,Lounge,http://tour-pedia.org/api/getPlaceDetails?id=83695,http://tour-pedia.org/api/getReviewsByPlaceId?placeId=83695
"133 Avenue des Champs-Élysées, Paris, France",restaurant,83751,48.872704,2.297025,Paris,Publicis Drugstore Brasserie,,,,http://tour-pedia.org/api/getPlaceDetails?id=83751,http://tour-pedia.org/api/getReviewsByPlaceId?placeId=83751
57 avenue de Clichy,restaurant,83778,48.887636069705,2.3254845024937,Paris,McDonald's,4aedd208f964a52039cf21e3,0,Fast Food Restaurant,http://tour-pedia.org/api/getPlaceDetails?id=83778,http://tour-pedia.org/api/getReviewsByPlaceId?placeId=83778
8 rue Tardieu,restaurant,83786,48.88413485,2.341635,Paris,Café Chappe,4af1cdd3f964a5204ee321e3,0,French Restaurant,http://tour-pedia.org/api/getPlaceDetails?id=83786,http://tour-pedia.org/api/getReviewsByPlaceId?placeId=83786
"26 Avenue de l'Opéra, Paris, France",restaurant,83799,48.867262,2.333954,Paris,Starbucks Opera,,,,http://tour-pedia.org/api/getPlaceDetails?id=83799,http://tour-pedia.org/api/getReviewsByPlaceId?placeId=83799
93 avenue Gambetta,restaurant,83809,48.86644037611,2.3997616767883,Paris,Le Chantefable,4af6ffcef964a520a60422e3,0,French Restaurant,http://tour-pedia.org/api/getPlaceDetails?id=83809,http://tour-pedia.org/api/getReviewsByPlaceId?placeId=83809
39 Rue de Richelieu,restaurant,83814,48.865649037782,2.3368386387742,Paris,H.A.N.D (Have A Nice Day),4af7f8b4f964a520a10a22e3,0,Burger Joint,http://tour-pedia.org/api/getPlaceDetails?id=83814,http://tour-pedia.org/api/getReviewsByPlaceId?placeId=83814
"5 Rue de la Roquette, Paris, France",restaurant,83818,48.853918,2.370767,Paris,Starbucks,,,,http://tour-pedia.org/api/getPlaceDetails?id=83818,http://tour-pedia.org/api/getReviewsByPlaceId?placeId=83818
42 bis Rue de Rivoli,restaurant,83820,48.856654049268,2.3555481433868,Paris,L’Étincelle,4afac61bf964a5209c1822e3,0,Café,http://tour-pedia.org/api/getPlaceDetails?id=83820,http://tour-pedia.org/api/getReviewsByPlaceId?placeId=83820
2 rue d'Amsterdam,restaurant,83826,48.875709682355,2.3269879817963,Paris,Quick,4afd824ef964a520352822e3,0,Fast Food Restaurant,http://tour-pedia.org/api/getPlaceDetails?id=83826,http://tour-pedia.org/api/getReviewsByPlaceId?placeId=83826
109 Rue de Bagnolet,restaurant,83829,48.859759906601,2.4027818441391,Paris,Mama Shelter,4afdc6cdf964a520c02a22e3,0,Hotel,http://tour-pedia.org/api/getPlaceDetails?id=83829,http://tour-pedia.org/api/getReviewsByPlaceId?placeId=83829
"21 Rue des Petits Carreaux, Paris, France",restaurant,83837,48.867216,2.347233,Paris,Starbucks,,,,http://tour-pedia.org/api/getPlaceDetails?id=83837,http://tour-pedia.org/api/getReviewsByPlaceId?placeId=83837
"7 Boulevard Poissonnière, Paris, France",restaurant,83839,48.870702,2.346831,Paris,Starbucks,,,,http://tour-pedia.org/api/getPlaceDetails?id=83839,http://tour-pedia.org/api/getReviewsByPlaceId?placeId=83839
15 rue Montalivet,restaurant,83868,48.8711087644,2.3183727264404,Paris,Bugsy's,4b092e36f964a520961423e3,0,Bar,http://tour-pedia.org/api/getPlaceDetails?id=83868,http://tour-pedia.org/api/getReviewsByPlaceId?placeId=83868
12 Rue des Archives,restaurant,83870,48.857750242886,2.3544347454674,Paris,Caffè Vito,4b0938bbf964a520ca1423e3,0,Italian Restaurant,http://tour-pedia.org/api/getPlaceDetails?id=83870,http://tour-pedia.org/api/getReviewsByPlaceId?placeId=83870
2 place de la Nation,restaurant,83914,48.848721907061,2.3943265559822,Paris,Le Canon de la Nation,4b162ad6f964a5204fb723e3,0,Bar,http://tour-pedia.org/api/getPlaceDetails?id=83914,http://tour-pedia.org/api/getReviewsByPlaceId?placeId=83914
"18 Boulevard Montmartre, Paris, France",restaurant,83919,48.871826,2.340579,Paris,Starbucks,,,,http://tour-pedia.org/api/getPlaceDetails?id=83919,http://tour-pedia.org/api/getReviewsByPlaceId?placeId=83919
"62 Rue du Bac, Paris, France",restaurant,83920,48.855847,2.325352,Paris,Le Saint Germain,,,,http://tour-pedia.org/api/getPlaceDetails?id=83920,http://tour-pedia.org/api/getReviewsByPlaceId?placeId=83920
"29, av de Friedland",restaurant,83922,48.874434455144,2.3007207883607,Paris,Le Balzac Café,4b17a15ef964a520b6c623e3,0,French Restaurant,http://tour-pedia.org/api/getPlaceDetails?id=83922,http://tour-pedia.org/api/getReviewsByPlaceId?placeId=83922
75 Avenue du Général Leclerc,restaurant,83925,48.828042867286,2.3273634910584,Paris,Au Bouquet!,4b180396f964a52079cb23e3,0,Diner,http://tour-pedia.org/api/getPlaceDetails?id=83925,http://tour-pedia.org/api/getReviewsByPlaceId?placeId=83925
161 avenue de Choisy,restaurant,83931,48.828162,2.358123,Paris,Lao Douang Chan,4b19005bf964a52011d723e3,0,Asian Restaurant,http://tour-pedia.org/api/getPlaceDetails?id=83931,http://tour-pedia.org/api/getReviewsByPlaceId?placeId=83931
13 rue de Montenotte,restaurant,83941,48.877115350914,2.2945724880094,Paris,Yuppies Café,4b1baf39f964a520a2fc23e3,0,Café,http://tour-pedia.org/api/getPlaceDetails?id=83941,http://tour-pedia.org/api/getReviewsByPlaceId?placeId=83941
73 Avenue de Suffren,restaurant,83975,48.851058,2.300666,Paris,Le Suffren,4b1f65bcf964a520192624e3,0,French Restaurant,http://tour-pedia.org/api/getPlaceDetails?id=83975,http://tour-pedia.org/api/getReviewsByPlaceId?placeId=83975
111 Boulevard Beaumarchais,restaurant,83983,48.860793973154,2.367097735405,Paris,Merci,4b20ecccf964a520653524e3,0,Clothing Store,http://tour-pedia.org/api/getPlaceDetails?id=83983,http://tour-pedia.org/api/getReviewsByPlaceId?placeId=83983
49 quai de Seine,restaurant,83985,48.886711,2.374476,Paris,Dav & Jo,4b2120e4f964a5201e3724e3,0,Middle Eastern Restaurant,http://tour-pedia.org/api/getPlaceDetails?id=83985,http://tour-pedia.org/api/getReviewsByPlaceId?placeId=83985
"17 Boulevard Haussmann, Paris, France",restaurant,83989,48.872631,2.334699,Paris,Cojean,,,,http://tour-pedia.org/api/getPlaceDetails?id=83989,http://tour-pedia.org/api/getReviewsByPlaceId?placeId=83989
9 Rue de la Gaité,restaurant,84006,48.840514607066,2.3243057727814,Paris,Le Café Tournesol,4b2401eff964a520f95e24e3,0,Bar,http://tour-pedia.org/api/getPlaceDetails?id=84006,http://tour-pedia.org/api/getReviewsByPlaceId?placeId=84006
1 rue des deux gares,restaurant,84016,48.878399829945,2.3580852717171,Paris,Le train de vie,4b263bcdf964a520667924e3,0,Café,http://tour-pedia.org/api/getPlaceDetails?id=84016,http://tour-pedia.org/api/getReviewsByPlaceId?placeId=84016
35 rue Saint-Georges,restaurant,84028,48.876923,2.337195,Paris,Le Play Off,4b27e6baf964a520f68b24e3,0,Pub,http://tour-pedia.org/api/getPlaceDetails?id=84028,http://tour-pedia.org/api/getReviewsByPlaceId?placeId=84028
14 avenue de Villars,restaurant,84034,48.851744,2.313828,Paris,Jocteur,4b291c8cf964a520ee9824e3,0,Café,http://tour-pedia.org/api/getPlaceDetails?id=84034,http://tour-pedia.org/api/getReviewsByPlaceId?placeId=84034
2 Rue Marie et Louise,restaurant,84075,48.871814454134,2.3677682876587,Paris,Maria Luisa,4b2e65b5f964a52072df24e3,0,Italian Restaurant,http://tour-pedia.org/api/getPlaceDetails?id=84075,http://tour-pedia.org/api/getReviewsByPlaceId?placeId=84075
7 rue Gustave Courbet,restaurant,84083,48.862151711076,2.2825408585978,Paris,Coffee Parisien,4b2fe481f964a52014f224e3,0,Burger Joint,http://tour-pedia.org/api/getPlaceDetails?id=84083,http://tour-pedia.org/api/getReviewsByPlaceId?placeId=84083
83 rue Orfila,restaurant,84090,48.867918,2.399943,Paris,Comme sur une île,4b327a10f964a520a50c25e3,0,Cajun / Creole Restaurant,http://tour-pedia.org/api/getPlaceDetails?id=84090,http://tour-pedia.org/api/getReviewsByPlaceId?placeId=84090
7 Rue du Faubourg Montmartre,restaurant,84093,48.871930891983,2.3428076505661,Paris,Chartier,4b335de3f964a520e51825e3,0,French Restaurant,http://tour-pedia.org/api/getPlaceDetails?id=84093,http://tour-pedia.org/api/getReviewsByPlaceId?placeId=84093
20 Rue Saint-Benoît,restaurant,84098,48.854603371933,2.3327976465225,Paris,Le Relais de l'Entrecôte,4b3764d6f964a520d94025e3,0,Steakhouse,http://tour-pedia.org/api/getPlaceDetails?id=84098,http://tour-pedia.org/api/getReviewsByPlaceId?placeId=84098
2 Place du Trocadéro,restaurant,84105,48.863479623001,2.287677526474,Paris,Le Coq,4b3a0456f964a5204a6025e3,0,French Restaurant,http://tour-pedia.org/api/getPlaceDetails?id=84105,http://tour-pedia.org/api/getReviewsByPlaceId?placeId=84105
25 rue Francisque Gay,restaurant,84123,48.852993989258,2.3434789536269,Paris,HD Diner,4b3e2dc7f964a5203b9925e3,0,Burger Joint,http://tour-pedia.org/api/getPlaceDetails?id=84123,http://tour-pedia.org/api/getReviewsByPlaceId?placeId=84123
42 bis Boulevard Bonne Nouvelle,restaurant,84124,48.870628889695,2.3480916023254,Paris,Indiana Café - Bonne Nouvelle,4b3e335ff964a5207d9925e3,0,American Restaurant,http://tour-pedia.org/api/getPlaceDetails?id=84124,http://tour-pedia.org/api/getReviewsByPlaceId?placeId=84124
C.C Beaugrenelle,restaurant,84129,48.846975244404,2.2849631309509,Paris,McDonald's,4b3f4a7ff964a52045a525e3,0,Fast Food Restaurant,http://tour-pedia.org/api/getPlaceDetails?id=84129,http://tour-pedia.org/api/getReviewsByPlaceId?placeId=84129
Place Charles Michels,restaurant,84140,48.84689,2.285543,Paris,Café Lutetia,4b40af55f964a520d8b925e3,0,Coffee Shop,http://tour-pedia.org/api/getPlaceDetails?id=84140,http://tour-pedia.org/api/getReviewsByPlaceId?placeId=84140
91 avenue Raymond Poincaré,restaurant,84144,48.87026,2.285176,Paris,Fuxia,4b41ce4bf964a5200dc925e3,0,Italian Restaurant,http://tour-pedia.org/api/getPlaceDetails?id=84144,http://tour-pedia.org/api/getReviewsByPlaceId?placeId=84144
254 avenue Daumesnil,restaurant,84159,48.8366423576,2.4035413261077,Paris,Boulangerie Au Bec Sucré,4b458eacf964a520e10d26e3,0,Bakery,http://tour-pedia.org/api/getPlaceDetails?id=84159,http://tour-pedia.org/api/getReviewsByPlaceId?placeId=84159
12 avenue des Ternes,restaurant,84171,48.878348668252,2.2954988479614,Paris,Café Dada,4b4653a3f964a520b31d26e3,0,Bar,http://tour-pedia.org/api/getPlaceDetails?id=84171,http://tour-pedia.org/api/getReviewsByPlaceId?placeId=84171
279 avenue Daumesnil,restaurant,84200,48.835514984584,2.4060916900635,Paris,McDonald's,4b49e1aff964a520487526e3,0,Fast Food Restaurant,http://tour-pedia.org/api/getPlaceDetails?id=84200,http://tour-pedia.org/api/getReviewsByPlaceId?placeId=84200
257 Avenue Daumesnil,restaurant,84201,48.836587012248,2.4039718311621,Paris,Café restaurant l'Apprenti,4b49e72df964a520a87526e3,0,Café,http://tour-pedia.org/api/getPlaceDetails?id=84201,http://tour-pedia.org/api/getReviewsByPlaceId?placeId=84201
129 avenue de Choisy,restaurant,84208,48.8263053344,2.3598504066467,Paris,Phở 14,4b4af87af964a5206b9026e3,0,Vietnamese Restaurant,http://tour-pedia.org/api/getPlaceDetails?id=84208,http://tour-pedia.org/api/getReviewsByPlaceId?placeId=84208
"32 Boulevard Haussmann, Paris, France",restaurant,84276,48.872859,2.334798,Paris,Starbucks,,,,http://tour-pedia.org/api/getPlaceDetails?id=84276,http://tour-pedia.org/api/getReviewsByPlaceId?placeId=84276
Place de la Fontaine aux Lions,restaurant,84316,48.889253,2.392757,Paris,Café de la Musique,4b5458aff964a52037b827e3,0,Jazz Club,http://tour-pedia.org/api/getPlaceDetails?id=84316,http://tour-pedia.org/api/getReviewsByPlaceId?placeId=84316
40 rue Cler,restaurant,84334,48.85655225713,2.3065244859375,Paris,Café Central,4b560de9f964a5200cfe27e3,0,Bar,http://tour-pedia.org/api/getPlaceDetails?id=84334,http://tour-pedia.org/api/getReviewsByPlaceId?placeId=84334
83 avenue de Wagram,restaurant,84352,48.880345676117,2.2997687553943,Paris,Café Peperoni,4b584796f964a520bf5028e3,0,Café,http://tour-pedia.org/api/getPlaceDetails?id=84352,http://tour-pedia.org/api/getReviewsByPlaceId?placeId=84352
208 avenue Jean Jaurès,restaurant,84353,48.888568011172,2.3928069934368,Paris,McDonald's,4b584815f964a520d95028e3,0,Fast Food Restaurant,http://tour-pedia.org/api/getPlaceDetails?id=84353,http://tour-pedia.org/api/getReviewsByPlaceId?placeId=84353
21 Rue Boyer,restaurant,84369,48.868348,2.391999,Paris,La Bellevilloise,4b59b17af964a520289328e3,0,Concert Hall,http://tour-pedia.org/api/getPlaceDetails?id=84369,http://tour-pedia.org/api/getReviewsByPlaceId?placeId=84369
"9, rue Mont-Louis",restaurant,84381,48.858171708178,2.3884159326553,Paris,Little Hanoï,4b5a1099f964a52010ab28e3,0,Vietnamese Restaurant,http://tour-pedia.org/api/getPlaceDetails?id=84381,http://tour-pedia.org/api/getReviewsByPlaceId?placeId=84381
27 Avenue des Ternes,restaurant,84384,48.878501009986,2.2949655227809,Paris,Secret Square,4b5a3efbf964a52037b728e3,0,Restaurant,http://tour-pedia.org/api/getPlaceDetails?id=84384,http://tour-pedia.org/api/getReviewsByPlaceId?placeId=84384
Gare de Paris-Lyon,restaurant,84403,48.844759467764,2.3736410483293,Paris,Montreux Jazz Café,4b5c6274f964a520762d29e3,0,Coffee Shop,http://tour-pedia.org/api/getPlaceDetails?id=84403,http://tour-pedia.org/api/getReviewsByPlaceId?placeId=84403
"78, Rue de Belleville",restaurant,84406,48.873663705219,2.3842318602642,Paris,Cyclo,4b5c797cf964a5208d3129e3,0,Vietnamese Restaurant,http://tour-pedia.org/api/getPlaceDetails?id=84406,http://tour-pedia.org/api/getReviewsByPlaceId?placeId=84406
6 rue Faidherbe,restaurant,84410,48.850393,2.38423934,Paris,En Attendant l'Or,4b5cab6df964a5205a3d29e3,0,Gastropub,http://tour-pedia.org/api/getPlaceDetails?id=84410,http://tour-pedia.org/api/getReviewsByPlaceId?placeId=84410
202 rue du Faubourg Saint Antoine,restaurant,84419,48.849992095142,2.3848969306309,Paris,Café Pierre,4b5d90b9f964a520b86129e3,0,French Restaurant,http://tour-pedia.org/api/getPlaceDetails?id=84419,http://tour-pedia.org/api/getReviewsByPlaceId?placeId=84419
,restaurant,84465,48.846738,2.285521,Paris,Bistrot Linois,,,,http://tour-pedia.org/api/getPlaceDetails?id=84465,http://tour-pedia.org/api/getReviewsByPlaceId?placeId=84465
39 rue Alain Chartier,restaurant,84466,48.837201,2.296754,Paris,La Source,4b60ab38f964a52029f329e3,0,Gastropub,http://tour-pedia.org/api/getPlaceDetails?id=84466,http://tour-pedia.org/api/getReviewsByPlaceId?placeId=84466
"75 Rue de Seine, Paris, France",restaurant,84467,48.853966,2.337005,Paris,Bar du Marché,,,,http://tour-pedia.org/api/getPlaceDetails?id=84467,http://tour-pedia.org/api/getReviewsByPlaceId?placeId=84467
1 rue de la Convention,restaurant,84477,48.845951336658,2.2773705826754,Paris,Café Régalia,4b61ee43f964a520f02b2ae3,0,French Restaurant,http://tour-pedia.org/api/getPlaceDetails?id=84477,http://tour-pedia.org/api/getReviewsByPlaceId?placeId=84477
234 Avenue de Versailles,restaurant,84509,48.838170588702,2.2578178314751,Paris,McDonald's,4b642f65f964a52016a32ae3,0,Fast Food Restaurant,http://tour-pedia.org/api/getPlaceDetails?id=84509,http://tour-pedia.org/api/getReviewsByPlaceId?placeId=84509
38 Rue Boyer,restaurant,84513,48.868962083434,2.3920431084384,Paris,L'Échappée,4b64389ff964a520cfa42ae3,0,Thai Restaurant,http://tour-pedia.org/api/getPlaceDetails?id=84513,http://tour-pedia.org/api/getReviewsByPlaceId?placeId=84513
"58 Boulevard de Picpus, Paris, France",restaurant,84516,48.844164,2.402286,Paris,Chez Gudule,,,,http://tour-pedia.org/api/getPlaceDetails?id=84516,http://tour-pedia.org/api/getReviewsByPlaceId?placeId=84516
107 Avenue de France,restaurant,84518,48.830055787372,2.3769521713257,Paris,Starbucks,4b6455caf964a5206dab2ae3,0,Coffee Shop,http://tour-pedia.org/api/getPlaceDetails?id=84518,http://tour-pedia.org/api/getReviewsByPlaceId?placeId=84518
34 avenue Villiers,restaurant,84546,48.882389,2.311892,Paris,Le Dumas,4b66e2d1f964a520cf2e2be3,0,French Restaurant,http://tour-pedia.org/api/getPlaceDetails?id=84546,http://tour-pedia.org/api/getReviewsByPlaceId?placeId=84546
71 Avenue du Général Leclerc,restaurant,84577,48.82838895404,2.3276263475418,Paris,McDonald's,4b69d8d0f964a520ddb72be3,0,Fast Food Restaurant,http://tour-pedia.org/api/getPlaceDetails?id=84577,http://tour-pedia.org/api/getReviewsByPlaceId?placeId=84577
20-22 Rue des Fossés Saint-Jacques,restaurant,84590,48.845405479927,2.3445024758904,Paris,Universal Music France,4b6ad2c6f964a5200be22be3,0,Office,http://tour-pedia.org/api/getPlaceDetails?id=84590,http://tour-pedia.org/api/getReviewsByPlaceId?placeId=84590
162 Rue du Faubourg Saint-Honoré,restaurant,84603,48.873176407179,2.3098540306091,Paris,Starbucks,4b6bc39ef964a520bb172ce3,0,Coffee Shop,http://tour-pedia.org/api/getPlaceDetails?id=84603,http://tour-pedia.org/api/getReviewsByPlaceId?placeId=84603
59-61 cour St-Emilion,restaurant,84639,48.833858,2.387401,Paris,Le Buffet d'Italie,4b6dd2f7f964a5204f932ce3,0,Italian Restaurant,http://tour-pedia.org/api/getPlaceDetails?id=84639,http://tour-pedia.org/api/getReviewsByPlaceId?placeId=84639
"3 Boulevard des Capucines, Paris, France",restaurant,84643,48.870708,2.333563,Paris,Starbucks,,,,http://tour-pedia.org/api/getPlaceDetails?id=84643,http://tour-pedia.org/api/getReviewsByPlaceId?placeId=84643
131 Avenue Victor Hugo,restaurant,84666,48.86786864145,2.2812689365057,Paris,McDonald's,4b705429f964a52011132de3,0,Fast Food Restaurant,http://tour-pedia.org/api/getPlaceDetails?id=84666,http://tour-pedia.org/api/getReviewsByPlaceId?placeId=84666
Place Gambetta,restaurant,84668,48.864901,2.398311,Paris,McDonald's,4b705af5f964a520e0142de3,0,Fast Food Restaurant,http://tour-pedia.org/api/getPlaceDetails?id=84668,http://tour-pedia.org/api/getReviewsByPlaceId?placeId=84668
75 rue Vasco de Gama,restaurant,84678,48.8353911,2.2854124,Paris,Yanase,4b711517f964a52043392de3,0,Japanese Restaurant,http://tour-pedia.org/api/getPlaceDetails?id=84678,http://tour-pedia.org/api/getReviewsByPlaceId?placeId=84678
6 place du Dr Paul Michaux,restaurant,84679,48.838873619182,2.2553285597377,Paris,Les Princes,,,,http://tour-pedia.org/api/getPlaceDetails?id=84679,http://tour-pedia.org/api/getReviewsByPlaceId?placeId=84679
119 Avenue des Champs-Élysées,restaurant,84701,48.87232254458,2.2983956336975,Paris,Nespresso,4b72dca7f964a5201f8c2de3,0,Coffee Shop,http://tour-pedia.org/api/getPlaceDetails?id=84701,http://tour-pedia.org/api/getReviewsByPlaceId?placeId=84701
"1 Rue des Écoles, Paris, France",restaurant,84716,48.847433,2.352472,Paris,Royal-Jussieu,,,,http://tour-pedia.org/api/getPlaceDetails?id=84716,http://tour-pedia.org/api/getReviewsByPlaceId?placeId=84716
"2 Rue des Trois Bornes, Paris, France",restaurant,84751,48.866432,2.37228,Paris,Les P'tites indécises,,,,http://tour-pedia.org/api/getPlaceDetails?id=84751,http://tour-pedia.org/api/getReviewsByPlaceId?placeId=84751
Gare de Paris-Montparnasse,restaurant,84764,48.841312523234,2.3190486431122,Paris,Quick,4b77e909f964a5206cae2ee3,0,Fast Food Restaurant,http://tour-pedia.org/api/getPlaceDetails?id=84764,http://tour-pedia.org/api/getReviewsByPlaceId?placeId=84764
102 rue Blomet,restaurant,84797,48.840777760988,2.3001371070407,Paris,L'Auvergne à Paris,4b79a22bf964a52009072fe3,0,French Restaurant,http://tour-pedia.org/api/getPlaceDetails?id=84797,http://tour-pedia.org/api/getReviewsByPlaceId?placeId=84797
"88 Rue Cambronne, Paris, France",restaurant,84820,48.842218,2.30283,Paris,Boulangerie Pichard,,,,http://tour-pedia.org/api/getPlaceDetails?id=84820,http://tour-pedia.org/api/getReviewsByPlaceId?placeId=84820
18 avenue Charles de Gaulle,restaurant,84845,48.879731610611,2.285327911377,Paris,Matsuri,4b7d42f6f964a5203fb52fe3,0,Japanese Restaurant,http://tour-pedia.org/api/getPlaceDetails?id=84845,http://tour-pedia.org/api/getReviewsByPlaceId?placeId=84845
59 rue des Abbesses,restaurant,84888,48.885676344572,2.3355872280659,Paris,Café Bruant,4b804db1f964a5201e6630e3,0,French Restaurant,http://tour-pedia.org/api/getPlaceDetails?id=84888,http://tour-pedia.org/api/getReviewsByPlaceId?placeId=84888
"17 Boulevard de Vaugirard, Paris, France",restaurant,84905,48.841462,2.319044,Paris,Starbucks,,,,http://tour-pedia.org/api/getPlaceDetails?id=84905,http://tour-pedia.org/api/getReviewsByPlaceId?placeId=84905
Picpus,restaurant,84910,48.844892987095,2.4028378363599,Paris,Da Pippo,4b827bdcf964a520dbd430e3,0,Italian Restaurant,http://tour-pedia.org/api/getPlaceDetails?id=84910,http://tour-pedia.org/api/getReviewsByPlaceId?placeId=84910
5 rue Isabey,restaurant,84955,48.8484599,2.2635118,Paris,Da Alberto,4b86df5ff964a5201ba331e3,0,Italian Restaurant,http://tour-pedia.org/api/getPlaceDetails?id=84955,http://tour-pedia.org/api/getReviewsByPlaceId?placeId=84955
2 Boulevard Arago,restaurant,84976,48.836630762799,2.3506236076355,Paris,McDonald's,4b8920d3f964a520481e32e3,0,Fast Food Restaurant,http://tour-pedia.org/api/getPlaceDetails?id=84976,http://tour-pedia.org/api/getReviewsByPlaceId?placeId=84976
Palais des Congres,restaurant,85002,48.879861899536,2.2844899741973,Paris,Angelina,4b8bdd91f964a52060af32e3,0,Tea Room,http://tour-pedia.org/api/getPlaceDetails?id=85002,http://tour-pedia.org/api/getReviewsByPlaceId?placeId=85002
24 Boulevard Exelmans,restaurant,85006,48.840894,2.265155,Paris,Le Comptoir du XVI,4b8c036cf964a52071b832e3,0,French Restaurant,http://tour-pedia.org/api/getPlaceDetails?id=85006,http://tour-pedia.org/api/getReviewsByPlaceId?placeId=85006
25 Rue des Abbesses,restaurant,85035,48.885514,2.335559,Paris,La Mascotte,,,,http://tour-pedia.org/api/getPlaceDetails?id=85035,http://tour-pedia.org/api/getReviewsByPlaceId?placeId=85035
Gare de Paris-Montparnasse,restaurant,85061,48.84095946455,2.3197460174561,Paris,Paul,4b911462f964a520b2a233e3,0,Sandwich Place,http://tour-pedia.org/api/getPlaceDetails?id=85061,http://tour-pedia.org/api/getReviewsByPlaceId?placeId=85061
58 rue Daguerre,restaurant,85066,48.8349701775,2.3269365201103,Paris,Zango,4b915e32f964a520c4b633e3,0,Restaurant,http://tour-pedia.org/api/getPlaceDetails?id=85066,http://tour-pedia.org/api/getReviewsByPlaceId?placeId=85066
131 Boulevard Exelmans,restaurant,85073,48.847292959165,2.2591710090637,Paris,Les Deux Stations,4b92409df964a5207dee33e3,0,French Restaurant,http://tour-pedia.org/api/getPlaceDetails?id=85073,http://tour-pedia.org/api/getReviewsByPlaceId?placeId=85073
234 rue de Rivoli,restaurant,85090,48.865708808873,2.3269739339799,Paris,Le First,4b93b3d1f964a520b14d34e3,0,French Restaurant,http://tour-pedia.org/api/getPlaceDetails?id=85090,http://tour-pedia.org/api/getReviewsByPlaceId?placeId=85090
29 boulevard de Grenelle,restaurant,85099,48.85275621482,2.290526075795,Paris,L'Atome Café,4b94ec81f964a520fb8734e3,0,French Restaurant,http://tour-pedia.org/api/getPlaceDetails?id=85099,http://tour-pedia.org/api/getReviewsByPlaceId?placeId=85099
Avenue Georges V,restaurant,85107,48.865111940608,2.3016577086384,Paris,Le Georges V,4b961355f964a520fabb34e3,0,Hotel Bar,http://tour-pedia.org/api/getPlaceDetails?id=85107,http://tour-pedia.org/api/getReviewsByPlaceId?placeId=85107
84 avenue de France,restaurant,85126,48.828720912557,2.3790121078491,Paris,Dupont Café,4b97928af964a520640935e3,0,Café,http://tour-pedia.org/api/getPlaceDetails?id=85126,http://tour-pedia.org/api/getReviewsByPlaceId?placeId=85126
"129, av de Choisy",restaurant,85189,48.826432,2.359686,Paris,Song Huong,4b9bed4ff964a520c63636e3,0,Vietnamese Restaurant,http://tour-pedia.org/api/getPlaceDetails?id=85189,http://tour-pedia.org/api/getReviewsByPlaceId?placeId=85189
125 avenue de Clichy,restaurant,85196,48.890185049357,2.3208572989912,Paris,Damiani Père et Fils,4b9cba77f964a520717836e3,0,Bakery,http://tour-pedia.org/api/getPlaceDetails?id=85196,http://tour-pedia.org/api/getReviewsByPlaceId?placeId=85196
1 place du Palais Bourbon,restaurant,85216,48.86072436351,2.3186686897069,Paris,Le Bourbon,4b9e2efbf964a52007d036e3,0,French Restaurant,http://tour-pedia.org/api/getPlaceDetails?id=85216,http://tour-pedia.org/api/getReviewsByPlaceId?placeId=85216
Place de la Sorbonne,restaurant,85255,48.84869639,2.3422604799271,Paris,Les Patios,4ba1071bf964a520799037e3,0,Café,http://tour-pedia.org/api/getPlaceDetails?id=85255,http://tour-pedia.org/api/getReviewsByPlaceId?placeId=85255
106 rue Lecourbe,restaurant,85300,48.842178212608,2.2986230848255,Paris,Les Artisans,4ba4e376f964a52058bf38e3,0,French Restaurant,http://tour-pedia.org/api/getPlaceDetails?id=85300,http://tour-pedia.org/api/getReviewsByPlaceId?placeId=85300
128 boulevard Diderot,restaurant,85328,48.848124405162,2.3927739273506,Paris,Sogoosto,4ba78d31f964a520a89c39e3,0,Café,http://tour-pedia.org/api/getPlaceDetails?id=85328,http://tour-pedia.org/api/getReviewsByPlaceId?placeId=85328
2 rue Hector Malot,restaurant,85329,48.845125398432,2.3757934570312,Paris,Novotel Paris Gare de Lyon,4ba7a426f964a5203ea539e3,0,Hotel,http://tour-pedia.org/api/getPlaceDetails?id=85329,http://tour-pedia.org/api/getReviewsByPlaceId?placeId=85329
8 rue Monge,restaurant,85332,48.849213134519,2.3496736542346,Paris,Eric Kayser,4ba7b9c8f964a5206fad39e3,0,Bakery,http://tour-pedia.org/api/getPlaceDetails?id=85332,http://tour-pedia.org/api/getReviewsByPlaceId?placeId=85332
34 rue d'Armaillé,restaurant,85373,48.878979244459,2.2910023767331,Paris,Brasserie le Franc-tireur,4bab5b9cf964a52010a33ae3,0,Café,http://tour-pedia.org/api/getPlaceDetails?id=85373,http://tour-pedia.org/api/getReviewsByPlaceId?placeId=85373
4 Place du Maréchal Juin,restaurant,85383,48.885229090928,2.297875743508,Paris,Les Hortensias,4bac6750f964a52099f33ae3,0,Café,http://tour-pedia.org/api/getPlaceDetails?id=85383,http://tour-pedia.org/api/getReviewsByPlaceId?placeId=85383
79 Quai Panhard et Levassor,restaurant,85444,48.831191950601,2.3809963429071,Paris,Eric Kayser,4bb1d2b6f964a520d7a43ce3,0,Bakery,http://tour-pedia.org/api/getPlaceDetails?id=85444,http://tour-pedia.org/api/getReviewsByPlaceId?placeId=85444
,restaurant,85467,48.879539,2.38825,Paris,L'estampe,4bb39fee35f0c9b6f9a6bc83,0,Coffee Shop,http://tour-pedia.org/api/getPlaceDetails?id=85467,http://tour-pedia.org/api/getReviewsByPlaceId?placeId=85467
"278, av Daumesnil",restaurant,85477,48.835948344036,2.4057353986126,Paris,Vandermeersch,4bb4c84d8786ef3b42a66533,0,Bakery,http://tour-pedia.org/api/getPlaceDetails?id=85477,http://tour-pedia.org/api/getReviewsByPlaceId?placeId=85477
21 rue Vicq d'Azir,restaurant,85479,48.876101,2.371252,Paris,Vicq D'azir,4bb4f2b229269c7480dcca92,0,Moroccan Restaurant,http://tour-pedia.org/api/getPlaceDetails?id=85479,http://tour-pedia.org/api/getReviewsByPlaceId?placeId=85479
56 rue Saint-Jacques,restaurant,85489,48.833035750379,2.3361338959959,Paris,L'Écir,4bb5e1d81344b713ebae9c04,0,Café,http://tour-pedia.org/api/getPlaceDetails?id=85489,http://tour-pedia.org/api/getReviewsByPlaceId?placeId=85489
"6, Chaussée de la Muette",restaurant,85507,48.858023473754,2.2737944126129,Paris,Yamazaki,4bb70412941ad13a6e3a20e3,0,Tea Room,http://tour-pedia.org/api/getPlaceDetails?id=85507,http://tour-pedia.org/api/getReviewsByPlaceId?placeId=85507
"41 Bis Quai de la Loire, Paris, France",restaurant,85518,48.887699,2.378938,Paris,O.kay Cafe,,,,http://tour-pedia.org/api/getPlaceDetails?id=85518,http://tour-pedia.org/api/getReviewsByPlaceId?placeId=85518
11 Place Saint-Michel,restaurant,85521,48.853142,2.343532,Paris,Café La Fontaine Saint-Michel,4bb7bad798c7ef3b55453002,0,Café,http://tour-pedia.org/api/getPlaceDetails?id=85521,http://tour-pedia.org/api/getReviewsByPlaceId?placeId=85521
16 rue de Rivoli,restaurant,85523,48.855570237612,2.3594067769148,Paris,Rivolux,4bb88cce98c7ef3b6f2a3102,0,Bar,http://tour-pedia.org/api/getPlaceDetails?id=85523,http://tour-pedia.org/api/getReviewsByPlaceId?placeId=85523
2 rue Caulaincourt,restaurant,85529,48.884605765343,2.3296597,Paris,Cafe de Luna,4bb8e45f3db7b713edbe219a,0,French Restaurant,http://tour-pedia.org/api/getPlaceDetails?id=85529,http://tour-pedia.org/api/getReviewsByPlaceId?placeId=85529
Route de l'Etoile,restaurant,85534,48.874143159638,2.2599649429321,Paris,Le Tir aux Pigeons,4bb9c5813db7b713cc7e229a,0,French Restaurant,http://tour-pedia.org/api/getPlaceDetails?id=85534,http://tour-pedia.org/api/getReviewsByPlaceId?placeId=85534
52 rue de l'Hôtel de Ville,restaurant,85545,48.854282173898,2.3554944992065,Paris,La Caféothèque de Paris,4bbb21a91261d13aa847eb98,0,Coffee Shop,http://tour-pedia.org/api/getPlaceDetails?id=85545,http://tour-pedia.org/api/getReviewsByPlaceId?placeId=85545
Passage du Havre,restaurant,85548,48.875289830853,2.3272293806076,Paris,Starbucks,4bbb3e25cf2fc9b6c453a202,0,Coffee Shop,http://tour-pedia.org/api/getPlaceDetails?id=85548,http://tour-pedia.org/api/getReviewsByPlaceId?placeId=85548
90 Rue du Faubourg Saint-Martin,restaurant,85557,48.87289364,2.357902,Paris,Le Petit Saint-Martin,4bbb78ef0f0776b0b972924f,0,Coffee Shop,http://tour-pedia.org/api/getPlaceDetails?id=85557,http://tour-pedia.org/api/getReviewsByPlaceId?placeId=85557
5/7 Rue Gros,restaurant,85565,48.851540329444,2.2774372267829,Paris,Mini Festin,4bbc65cc51b89c741d56872a,0,Italian Restaurant,http://tour-pedia.org/api/getPlaceDetails?id=85565,http://tour-pedia.org/api/getReviewsByPlaceId?placeId=85565
17 Avenue de la Motte Picquet,restaurant,85573,48.855893265225,2.3080742571414,Paris,Les Parisiennes,4bbcebcb593fef3b23d10256,0,Italian Restaurant,http://tour-pedia.org/api/getPlaceDetails?id=85573,http://tour-pedia.org/api/getReviewsByPlaceId?placeId=85573
4 place du 18 Juin 1940,restaurant,85574,48.84388739967,2.3239669193648,Paris,Au Baroudeur,4bbced5fa8cf76b08327b1fd,0,French Restaurant,http://tour-pedia.org/api/getPlaceDetails?id=85574,http://tour-pedia.org/api/getReviewsByPlaceId?placeId=85574
43 Avenue du maine,restaurant,85577,48.840716438334,2.3210510899863,Paris,Paris Montparnasse Café Restaurant,4bbd73cd4e069c74b8d39ee3,0,French Restaurant,http://tour-pedia.org/api/getPlaceDetails?id=85577,http://tour-pedia.org/api/getReviewsByPlaceId?placeId=85577
5 avenue du Général Leclerc,restaurant,85600,48.833269229033,2.3315691947937,Paris,McDonald's,4bbf0c1298f495217800d263,0,Fast Food Restaurant,http://tour-pedia.org/api/getPlaceDetails?id=85600,http://tour-pedia.org/api/getReviewsByPlaceId?placeId=85600
,restaurant,85614,48.83671809,2.29950943,Paris,Songsan,4bbf8b402a89ef3b061bef88,0,Korean Restaurant,http://tour-pedia.org/api/getPlaceDetails?id=85614,http://tour-pedia.org/api/getReviewsByPlaceId?placeId=85614
32 boulevard de Ménilmontant,restaurant,85630,48.862923892904,2.3878399395408,Paris,La Factorie - Saint Amour,4bc0909ef8219c74beb7b110,0,French Restaurant,http://tour-pedia.org/api/getPlaceDetails?id=85630,http://tour-pedia.org/api/getReviewsByPlaceId?placeId=85630
13 Boulevard Saint-Michel,restaurant,85634,48.852009021214,2.3435425758362,Paris,Starbucks,4bc0b119461576b0048b7a32,0,Coffee Shop,http://tour-pedia.org/api/getPlaceDetails?id=85634,http://tour-pedia.org/api/getReviewsByPlaceId?placeId=85634
3 rue de l'Oise,restaurant,85638,48.890509033436,2.3822951696133,Paris,61,4bc0bf59f8219c743f1bb210,0,Bar,http://tour-pedia.org/api/getPlaceDetails?id=85638,http://tour-pedia.org/api/getReviewsByPlaceId?placeId=85638
,restaurant,85640,48.88156,2.365564,Paris,Chez Papa,4bc0ca5df8219c743635b210,0,Diner,http://tour-pedia.org/api/getPlaceDetails?id=85640,http://tour-pedia.org/api/getReviewsByPlaceId?placeId=85640
23 rue Muller,restaurant,85646,48.886538418453,2.345134606365,Paris,Le Petit Bleu,4bc18cfff8219c741d95b310,0,Middle Eastern Restaurant,http://tour-pedia.org/api/getPlaceDetails?id=85646,http://tour-pedia.org/api/getReviewsByPlaceId?placeId=85646
,restaurant,85665,48.830854579415,2.3546606550557,Paris,Margeride,4bc32b5c4cdfc9b668ed9621,0,Café,http://tour-pedia.org/api/getPlaceDetails?id=85665,http://tour-pedia.org/api/getReviewsByPlaceId?placeId=85665
154 avenue Daumesnil,restaurant,85702,48.840400269206,2.3924462075301,Paris,Sushi Yeko,4bc6097fb387d13af52ec1e8,0,Sushi Restaurant,http://tour-pedia.org/api/getPlaceDetails?id=85702,http://tour-pedia.org/api/getReviewsByPlaceId?placeId=85702
Place de la Madeleine,restaurant,85758,48.870596662305,2.325423174549,Paris,Le Café Fauchon,4bc8e1ce0687ef3b8ad1d8cc,0,French Restaurant,http://tour-pedia.org/api/getPlaceDetails?id=85758,http://tour-pedia.org/api/getReviewsByPlaceId?placeId=85758
4 rue Dombasle,restaurant,85770,48.836517865217,2.2966745770244,Paris,Kintaro,4bc98841b6c49c74ba978e91,0,Japanese Restaurant,http://tour-pedia.org/api/getPlaceDetails?id=85770,http://tour-pedia.org/api/getReviewsByPlaceId?placeId=85770
Place d'Italie,restaurant,85775,48.830680753558,2.3548304678354,Paris,O'Jules,4bc9b1eb937ca5937921a692,0,French Restaurant,http://tour-pedia.org/api/getPlaceDetails?id=85775,http://tour-pedia.org/api/getReviewsByPlaceId?placeId=85775
51  rue louis blanc,restaurant,85794,48.883243750782,2.3617435906116,Paris,Restaurant Bharath,4bcac7060687ef3b71aadccc,0,Indian Restaurant,http://tour-pedia.org/api/getPlaceDetails?id=85794,http://tour-pedia.org/api/getReviewsByPlaceId?placeId=85794
Aquaboulevard,restaurant,85831,48.831305875984,2.276326417923,Paris,McDonald's,4bcd81f6b6c49c744b6d9591,0,Fast Food Restaurant,http://tour-pedia.org/api/getPlaceDetails?id=85831,http://tour-pedia.org/api/getReviewsByPlaceId?placeId=85831
144 avenue des Champs Elysées,restaurant,85833,48.872839629217,2.2982232430568,Paris,Vesuvio - Trattoria,4bcd908b0687ef3b5603e1cc,0,Italian Restaurant,http://tour-pedia.org/api/getPlaceDetails?id=85833,http://tour-pedia.org/api/getReviewsByPlaceId?placeId=85833
15 Rue Ternaux,restaurant,85902,48.864482,2.37331,Paris,Paris Féni,4bd1c7289854d13a1728fa4d,0,Indian Restaurant,http://tour-pedia.org/api/getPlaceDetails?id=85902,http://tour-pedia.org/api/getReviewsByPlaceId?placeId=85902
118 Avenue Victor Hugo,restaurant,85914,48.868017657417,2.2814966304343,Paris,Béchu,4bd2d23541b9ef3bdabcfee5,0,Bakery,http://tour-pedia.org/api/getPlaceDetails?id=85914,http://tour-pedia.org/api/getReviewsByPlaceId?placeId=85914
"18 Rue du Faubourg du Temple, Paris, France",restaurant,85930,48.868199,2.366387,Paris,Favela Chic,,,,http://tour-pedia.org/api/getPlaceDetails?id=85930,http://tour-pedia.org/api/getReviewsByPlaceId?placeId=85930
53 Rue de Passy,restaurant,85931,48.857035233042,2.2796416282654,Paris,Starbucks,4bd40c46462cb713dbaedf07,0,Coffee Shop,http://tour-pedia.org/api/getPlaceDetails?id=85931,http://tour-pedia.org/api/getReviewsByPlaceId?placeId=85931
4 avenue de Villiers,restaurant,85959,48.881432589965,2.3159863480689,Paris,Le Dôme de Villiers,4bd6df9a6798ef3b9cb9658d,0,Café,http://tour-pedia.org/api/getPlaceDetails?id=85959,http://tour-pedia.org/api/getReviewsByPlaceId?placeId=85959
6 Place de la République,restaurant,86006,48.845665591762,2.3722622028528,Paris,Taverne Karlsbräu - Relais d'Alsace,4bd9c44e0115c9b632987880,0,French Restaurant,http://tour-pedia.org/api/getPlaceDetails?id=86006,http://tour-pedia.org/api/getReviewsByPlaceId?placeId=86006
50 Avenue des Champs-Élysées,restaurant,86018,48.870237,2.306755,Paris,Pomme de Pain,4bdac8dfc79cc92810af7fe9,0,Sandwich Place,http://tour-pedia.org/api/getPlaceDetails?id=86018,http://tour-pedia.org/api/getReviewsByPlaceId?placeId=86018
"15, avenue de Suffren",restaurant,86053,48.856334603179,2.2927245448027,Paris,Ribe,4bdefdf06198c9b6c39315ff,0,Café,http://tour-pedia.org/api/getPlaceDetails?id=86053,http://tour-pedia.org/api/getReviewsByPlaceId?placeId=86053
51 Quai de Valmy,restaurant,86079,48.870233695305,2.3657298088074,Paris,Sésame Restaurant,4be148280f03a5935ed518b4,0,Diner,http://tour-pedia.org/api/getPlaceDetails?id=86079,http://tour-pedia.org/api/getReviewsByPlaceId?placeId=86079
103 rue de la Tour,restaurant,86121,48.86267,2.276668,Paris,SUBWAY,4be53713cf200f4771f9123c,0,Sandwich Place,http://tour-pedia.org/api/getPlaceDetails?id=86121,http://tour-pedia.org/api/getReviewsByPlaceId?placeId=86121
82 Boulevard du Montparnasse,restaurant,86209,48.843223865046,2.32598161643,Paris,EXKi,4bee9f1e35dc0f473b02405b,0,Vegetarian / Vegan Restaurant,http://tour-pedia.org/api/getPlaceDetails?id=86209,http://tour-pedia.org/api/getReviewsByPlaceId?placeId=86209
Rue d'Alésia,restaurant,86221,48.827980867289,2.3274731947579,Paris,SUBWAY,4bf0499cf831c9284cd801f2,0,Sandwich Place,http://tour-pedia.org/api/getPlaceDetails?id=86221,http://tour-pedia.org/api/getReviewsByPlaceId?placeId=86221
202 Rue de Rivoli,restaurant,86237,48.864812430902,2.3307110440838,Paris,Saint James & Albany Hôtel,4bf23e5d52bda5939672b2b7,0,Hotel,http://tour-pedia.org/api/getPlaceDetails?id=86237,http://tour-pedia.org/api/getReviewsByPlaceId?placeId=86237
184 rue de Rivoli,restaurant,86343,48.86335875421,2.3336680233479,Paris,McDonald's,4bfd472cee20ef3b1b543c5e,0,Fast Food Restaurant,http://tour-pedia.org/api/getPlaceDetails?id=86343,http://tour-pedia.org/api/getReviewsByPlaceId?placeId=86343
2 rue Dupetit-Thouars,restaurant,86563,48.864813603997,2.363021596159,Paris,Caffe Soprano,4c25d0c9f1272d7f1b7385c5,0,Italian Restaurant,http://tour-pedia.org/api/getPlaceDetails?id=86563,http://tour-pedia.org/api/getReviewsByPlaceId?placeId=86563
48 avenue Raymond Poincaré,restaurant,86564,48.86634,2.286314,Paris,XVI Eme Avenue,4c25d673a852c928dc8ae56c,0,French Restaurant,http://tour-pedia.org/api/getPlaceDetails?id=86564,http://tour-pedia.org/api/getReviewsByPlaceId?placeId=86564
109 avenue du Maine,restaurant,86572,48.836081,2.323506,Paris,Sakura Ramen,4c2655bc5c5ca593e9fc45fe,0,Ramen /  Noodle House,http://tour-pedia.org/api/getPlaceDetails?id=86572,http://tour-pedia.org/api/getReviewsByPlaceId?placeId=86572
"79 Rue du Commerce, Paris, France",restaurant,86620,48.844798,2.294049,Paris,Eric Kayser,,,,http://tour-pedia.org/api/getPlaceDetails?id=86620,http://tour-pedia.org/api/getReviewsByPlaceId?placeId=86620
Place de la Porte de Bagnolet,restaurant,86657,48.864478254917,2.4085299597069,Paris,McDonald's,4c37591218e72d7ffb5816f5,0,Fast Food Restaurant,http://tour-pedia.org/api/getPlaceDetails?id=86657,http://tour-pedia.org/api/getReviewsByPlaceId?placeId=86657
238 Rue des Pyrénées,restaurant,86668,48.867439017329,2.3963928222656,Paris,Aux Ours,4c3a0ec193db0f47e8752492,0,Bar,http://tour-pedia.org/api/getPlaceDetails?id=86668,http://tour-pedia.org/api/getReviewsByPlaceId?placeId=86668
199 rue de Crimée,restaurant,86672,48.891474,2.37585158,Paris,La Medina,4c3b1bae1a1cd13a8ac5b50d,0,Fast Food Restaurant,http://tour-pedia.org/api/getPlaceDetails?id=86672,http://tour-pedia.org/api/getReviewsByPlaceId?placeId=86672
14 rue de la Fontaine au Roi,restaurant,86720,48.868331562767,2.3698736812287,Paris,Le Paname Art Café,4c44a83459d99c7413e2fbad,0,French Restaurant,http://tour-pedia.org/api/getPlaceDetails?id=86720,http://tour-pedia.org/api/getReviewsByPlaceId?placeId=86720
"81, boulevard de charonne",restaurant,86747,48.854332077811,2.3959008842815,Paris,Café Lino,4c499f6276fbb713a9dd8874,0,French Restaurant,http://tour-pedia.org/api/getPlaceDetails?id=86747,http://tour-pedia.org/api/getReviewsByPlaceId?placeId=86747
C.C Saint-Lazare Paris,restaurant,86756,48.876362,2.326756,Paris,Starbucks,4c4c54935609c9b6ec0f6092,0,Coffee Shop,http://tour-pedia.org/api/getPlaceDetails?id=86756,http://tour-pedia.org/api/getReviewsByPlaceId?placeId=86756
17 Avenue Tourville,restaurant,86771,48.854401743358,2.306099611982,Paris,Le Tourville,4c506f5ff080a5936ccd86e2,0,Cocktail Bar,http://tour-pedia.org/api/getPlaceDetails?id=86771,http://tour-pedia.org/api/getReviewsByPlaceId?placeId=86771
"28, Av. Corentin Cariou",restaurant,86775,48.89724086888,2.3852348327637,Paris,Hippopotamus,4c515b273940be9a4e2ab608,0,BBQ Joint,http://tour-pedia.org/api/getPlaceDetails?id=86775,http://tour-pedia.org/api/getReviewsByPlaceId?placeId=86775
"97 Rue du Faubourg Saint-Denis, Paris, France",restaurant,86859,48.874512,2.355332,Paris,Swinging Londress,,,,http://tour-pedia.org/api/getPlaceDetails?id=86859,http://tour-pedia.org/api/getReviewsByPlaceId?placeId=86859
"15 Rue Simart, Paris, France",restaurant,86878,48.890489,2.348279,Paris,Au Fond Du Bar,,,,http://tour-pedia.org/api/getPlaceDetails?id=86878,http://tour-pedia.org/api/getReviewsByPlaceId?placeId=86878
Place Albert Kahn,restaurant,86920,48.895848684597,2.3462398387022,Paris,McDonald's,4c77f6cf566db60c6efb3f0e,0,Fast Food Restaurant,http://tour-pedia.org/api/getPlaceDetails?id=86920,http://tour-pedia.org/api/getReviewsByPlaceId?placeId=86920
93 Rue de Tolbiac,restaurant,86930,48.827042418986,2.366549681192,Paris,McDonald's,4c796ba693ef236a9f89af0f,0,Fast Food Restaurant,http://tour-pedia.org/api/getPlaceDetails?id=86930,http://tour-pedia.org/api/getReviewsByPlaceId?placeId=86930
C.C Maine Montparnasse,restaurant,87003,48.842406989336,2.3217844963074,Paris,Pizza del Arte,4c8646292f1c236aa2865b43,0,Italian Restaurant,http://tour-pedia.org/api/getPlaceDetails?id=87003,http://tour-pedia.org/api/getReviewsByPlaceId?placeId=87003
158 boulevard Haussmann,restaurant,87038,48.875554,2.31037,Paris,Café Jacquemart-André,4c8cb7f9f87e224b7f463705,0,French Restaurant,http://tour-pedia.org/api/getPlaceDetails?id=87038,http://tour-pedia.org/api/getReviewsByPlaceId?placeId=87038
7 place Cambronne,restaurant,87056,48.847681102082,2.3018465406676,Paris,Maison VA Privat,4c91bc7f7f3b8cfa12689f1e,0,Bakery,http://tour-pedia.org/api/getPlaceDetails?id=87056,http://tour-pedia.org/api/getReviewsByPlaceId?placeId=87056
Porte des Lilas,restaurant,87076,48.87729026817,2.4068105220795,Paris,McDonald's,4c94aa0ff244b1f795e7231d,0,Fast Food Restaurant,http://tour-pedia.org/api/getPlaceDetails?id=87076,http://tour-pedia.org/api/getReviewsByPlaceId?placeId=87076
63 rue de la Pompe,restaurant,87151,48.862752641342,2.2764658927917,Paris,Le Chalet du 16ème,4c9f7da30313370457a572d5,0,Restaurant,http://tour-pedia.org/api/getPlaceDetails?id=87151,http://tour-pedia.org/api/getReviewsByPlaceId?placeId=87151
1 rue Paul Fort,restaurant,87176,48.823658,2.330468,Paris,Il Far'niente,4ca4d10eb0ff8cfa3811c35e,0,Italian Restaurant,http://tour-pedia.org/api/getPlaceDetails?id=87176,http://tour-pedia.org/api/getReviewsByPlaceId?placeId=87176
86 rue Didot,restaurant,87221,48.828612558518,2.3162265183322,Paris,Kimly,4caf69bf1168a093121d2223,0,Vietnamese Restaurant,http://tour-pedia.org/api/getPlaceDetails?id=87221,http://tour-pedia.org/api/getReviewsByPlaceId?placeId=87221
,restaurant,87235,48.850713,2.394561,Paris,L'avenue Café,4cb326b575ebb60c31f3d9ad,0,Café,http://tour-pedia.org/api/getPlaceDetails?id=87235,http://tour-pedia.org/api/getReviewsByPlaceId?placeId=87235
Bercy Village,restaurant,87295,48.832831365595,2.3865222930908,Paris,Chez Bruno,4cc1fa16d43ba1437b3a55f8,0,French Restaurant,http://tour-pedia.org/api/getPlaceDetails?id=87295,http://tour-pedia.org/api/getReviewsByPlaceId?placeId=87295
35 bis Rue Jean de la Fontaine,restaurant,87317,48.850644,2.271069,Paris,L'Acajou,4cc9a19f5c17b60c0f520a05,0,French Restaurant,http://tour-pedia.org/api/getPlaceDetails?id=87317,http://tour-pedia.org/api/getReviewsByPlaceId?placeId=87317
75 rue Crozatier,restaurant,87326,48.849659926531,2.3795825626473,Paris,L'étoile,4ccc6aa772106dcb17d09b99,0,French Restaurant,http://tour-pedia.org/api/getPlaceDetails?id=87326,http://tour-pedia.org/api/getReviewsByPlaceId?placeId=87326
35 rue Faidherbe,restaurant,87360,48.853166788894,2.3827028274536,Paris,Sawan,4cd47ad17da9a35d6edbe3b9,0,Thai Restaurant,http://tour-pedia.org/api/getPlaceDetails?id=87360,http://tour-pedia.org/api/getReviewsByPlaceId?placeId=87360
53 Avenue Trudaine,restaurant,87378,48.880662958408,2.3407396674156,Paris,KB Cafeshop / ex-Kooka Boora,4cdd3e1f3f6a8cfa698bf6ea,0,Coffee Shop,http://tour-pedia.org/api/getPlaceDetails?id=87378,http://tour-pedia.org/api/getReviewsByPlaceId?placeId=87378
78 Ave. Kléber,restaurant,87386,48.867091575068,2.2901721212598,Paris,Cojean,4ce1476f69136dcb3777e8e6,0,Salad Place,http://tour-pedia.org/api/getPlaceDetails?id=87386,http://tour-pedia.org/api/getReviewsByPlaceId?placeId=87386
8 rue de la Martinique,restaurant,87434,48.891174623955,2.3618442777812,Paris,New Locomotive,4cf253e86195721ebaec46c1,0,Vietnamese Restaurant,http://tour-pedia.org/api/getPlaceDetails?id=87434,http://tour-pedia.org/api/getReviewsByPlaceId?placeId=87434
5 place Cambronne,restaurant,87458,48.847363295944,2.3014471959444,Paris,Caffe Cambronne,4cfe9be1f2886dcb0d3fab9c,0,French Restaurant,http://tour-pedia.org/api/getPlaceDetails?id=87458,http://tour-pedia.org/api/getReviewsByPlaceId?placeId=87458
31 Rue de Paradis,restaurant,87497,48.875258,2.351407,Paris,Nanashi,4d0905151657a35df0d02fe7,0,Japanese Restaurant,http://tour-pedia.org/api/getPlaceDetails?id=87497,http://tour-pedia.org/api/getReviewsByPlaceId?placeId=87497
"90 Boulevard Saint-Germain, Paris, France",restaurant,87523,48.851144,2.344728,Paris,Loulou' Friendly diner,,,,http://tour-pedia.org/api/getPlaceDetails?id=87523,http://tour-pedia.org/api/getReviewsByPlaceId?placeId=87523
135 Avenue de Choisy,restaurant,87548,48.826960308398,2.3592426306234,Paris,Pho 13,4d20ce00bdd7a0939b74f0ce,0,Vietnamese Restaurant,http://tour-pedia.org/api/getPlaceDetails?id=87548,http://tour-pedia.org/api/getReviewsByPlaceId?placeId=87548
56 rue de Boulainvilliers,restaurant,87563,48.857602,2.274839,Paris,Kura,4d26249995e8f04d5e21404d,0,Asian Restaurant,http://tour-pedia.org/api/getPlaceDetails?id=87563,http://tour-pedia.org/api/getReviewsByPlaceId?placeId=87563
Maison de Radio France,restaurant,87611,48.8530008909,2.2776407003403,Paris,Cantine de Radio France,4d35b47a5017a0931c3c669b,0,Cafeteria,http://tour-pedia.org/api/getPlaceDetails?id=87611,http://tour-pedia.org/api/getReviewsByPlaceId?placeId=87611
"10 Avenue d'Iéna, Paris, France",restaurant,87705,48.86381,2.293418,Paris,La Bauhinia,,,,http://tour-pedia.org/api/getPlaceDetails?id=87705,http://tour-pedia.org/api/getReviewsByPlaceId?placeId=87705
4 Rue Pierre Demours,restaurant,87758,48.879884,2.291699,Paris,Môm,4d66cc0df75c3704fa5fdc9a,0,Lounge,http://tour-pedia.org/api/getPlaceDetails?id=87758,http://tour-pedia.org/api/getReviewsByPlaceId?placeId=87758
184 rue Saint-Jacques,restaurant,87905,48.846291241623,2.3430517095535,Paris,De Clerq,4d8893b876e1236ae4dbf242,0,Fast Food Restaurant,http://tour-pedia.org/api/getPlaceDetails?id=87905,http://tour-pedia.org/api/getReviewsByPlaceId?placeId=87905
2 Avenue de La Bourdonnais,restaurant,87907,48.857571708992,2.3000049591064,Paris,Brasserie de la Tour Eiffel,4d8911dc6daeb60c8eaa47e0,0,French Restaurant,http://tour-pedia.org/api/getPlaceDetails?id=87907,http://tour-pedia.org/api/getReviewsByPlaceId?placeId=87907
11 Rue des Portes Blanches,restaurant,88010,48.891837,2.351057,Paris,Le rendez-vous des chauffeurs,4d9da2647865a0937e79eb7a,0,French Restaurant,http://tour-pedia.org/api/getPlaceDetails?id=88010,http://tour-pedia.org/api/getReviewsByPlaceId?placeId=88010
3 Ave. Théophile Gautier,restaurant,88173,48.850935944336,2.2748994827271,Paris,Genio,4dc28ab152b1c1fb37ea4f99,0,Italian Restaurant,http://tour-pedia.org/api/getPlaceDetails?id=88173,http://tour-pedia.org/api/getReviewsByPlaceId?placeId=88173
7-9 Rue Francis de Pressensé,restaurant,88189,48.834027374963,2.3168265709273,Paris,L'Entrepôt - Restaurant,4dc5b58718387d1bd545ac0f,0,French Restaurant,http://tour-pedia.org/api/getPlaceDetails?id=88189,http://tour-pedia.org/api/getReviewsByPlaceId?placeId=88189
"165 Rue de Javel, Paris, France",restaurant,88250,48.841498,2.291143,Paris,Les Trois Garcons,,,,http://tour-pedia.org/api/getPlaceDetails?id=88250,http://tour-pedia.org/api/getReviewsByPlaceId?placeId=88250
90 Rue Saint-Dominique,restaurant,88365,48.859491681071,2.3057878017426,Paris,Starbucks,4df1f8e13151247c51af4f21,0,Coffee Shop,http://tour-pedia.org/api/getPlaceDetails?id=88365,http://tour-pedia.org/api/getReviewsByPlaceId?placeId=88365
219,restaurant,88429,48.838354054199,2.3997695742273,Paris,Boulangerie Chez Martine Et Xavier,4e06f908d22d658532a33cb3,0,Bakery,http://tour-pedia.org/api/getPlaceDetails?id=88429,http://tour-pedia.org/api/getReviewsByPlaceId?placeId=88429
38 Avenue de Suffren,restaurant,88605,48.854697370405,2.295409621964,Paris,Le Trentehuit,4e35a14efa7656ba3172ff5c,0,Café,http://tour-pedia.org/api/getPlaceDetails?id=88605,http://tour-pedia.org/api/getReviewsByPlaceId?placeId=88605
,restaurant,88610,48.851509094238,2.3720104694366,Paris,Pizza Julia,4e36e6888877beb5e9baabc8,0,Pizza Place,http://tour-pedia.org/api/getPlaceDetails?id=88610,http://tour-pedia.org/api/getReviewsByPlaceId?placeId=88610
119 Boulevard Pereire,restaurant,88662,48.885516975264,2.2981595993042,Paris,First Avenue,4e4805ba62e148603b878eec,0,American Restaurant,http://tour-pedia.org/api/getPlaceDetails?id=88662,http://tour-pedia.org/api/getReviewsByPlaceId?placeId=88662
41 Rue de Londres,restaurant,88748,48.877941186872,2.3265025019646,Paris,OUR Kebab,4e5bce25cc3f85b29cb32814,0,Fast Food Restaurant,http://tour-pedia.org/api/getPlaceDetails?id=88748,http://tour-pedia.org/api/getReviewsByPlaceId?placeId=88748
93 rue Manin,restaurant,88809,48.883058671416,2.3856921840956,Paris,McDonald's,4e676e8eb9939a72b2ff1868,0,Fast Food Restaurant,http://tour-pedia.org/api/getPlaceDetails?id=88809,http://tour-pedia.org/api/getReviewsByPlaceId?placeId=88809
,restaurant,88895,48.87657,2.29453,Paris,Noodle Panda,4e78760b52b19ee4c81b8756,0,Soup Place,http://tour-pedia.org/api/getPlaceDetails?id=88895,http://tour-pedia.org/api/getReviewsByPlaceId?placeId=88895
"23 Avenue de Wagram, Paris, France",restaurant,88923,48.876174,2.296498,Paris,Starbucks,,,,http://tour-pedia.org/api/getPlaceDetails?id=88923,http://tour-pedia.org/api/getReviewsByPlaceId?placeId=88923
55 rue Notre Dame de Lorette,restaurant,89033,48.880101645102,2.3353648067885,Paris,Causses - Le magasin d'alimentation,4e95a305d22df0eb8bc97cc8,0,Deli / Bodega,http://tour-pedia.org/api/getPlaceDetails?id=89033,http://tour-pedia.org/api/getReviewsByPlaceId?placeId=89033
"14 Rue du Faubourg du Temple, Paris, France",restaurant,89046,48.868132,2.365659,Paris,Café du Temple,,,,http://tour-pedia.org/api/getPlaceDetails?id=89046,http://tour-pedia.org/api/getReviewsByPlaceId?placeId=89046
18-20 Boulevard Montmartre,restaurant,89134,48.872022630704,2.3401683568954,Paris,Chipotle Mexican Grill,4eb85eadbe7bfc284b8c1931,0,Mexican Restaurant,http://tour-pedia.org/api/getPlaceDetails?id=89134,http://tour-pedia.org/api/getReviewsByPlaceId?placeId=89134
53 Avenue des Champs-Elysées,restaurant,89209,48.870219581162,2.3056697845459,Paris,L'Atelier Renault Café,4ed390df4fc68d9eb4a3ae6a,0,Restaurant,http://tour-pedia.org/api/getPlaceDetails?id=89209,http://tour-pedia.org/api/getReviewsByPlaceId?placeId=89209
19 rue Marbeuf,restaurant,89224,48.868450638363,2.3034244845147,Paris,Prêt à Manger,4ed7431f4901772cdfa9c1f8,0,Sandwich Place,http://tour-pedia.org/api/getPlaceDetails?id=89224,http://tour-pedia.org/api/getReviewsByPlaceId?placeId=89224
29 boulevard de l'Amiral Bruix,restaurant,89233,48.875628370365,2.2807230431452,Paris,Le Camion Qui Fume,4eda1ef72c5b50ab9e31aabf,0,Food Truck,http://tour-pedia.org/api/getPlaceDetails?id=89233,http://tour-pedia.org/api/getReviewsByPlaceId?placeId=89233
13 place de la Madeleine,restaurant,89246,48.870037381384,2.3238163296401,Paris,Le Camion qui Fume,4ede0fe36da1642c60f889e7,0,Food Truck,http://tour-pedia.org/api/getPlaceDetails?id=89246,http://tour-pedia.org/api/getReviewsByPlaceId?placeId=89246
200 quai de Valmy,restaurant,89295,48.881187312606,2.3689723791496,Paris,Le Camion Qui Fume,4eee2eb02c5bafa619de554e,0,Food Truck,http://tour-pedia.org/api/getPlaceDetails?id=89295,http://tour-pedia.org/api/getReviewsByPlaceId?placeId=89295
Cours Saint-Emilion,restaurant,89319,48.833706803225,2.3872625625825,Paris,Casa del Campo,4ef783eebe7bb4784db6018b,0,Tapas Restaurant,http://tour-pedia.org/api/getPlaceDetails?id=89319,http://tour-pedia.org/api/getReviewsByPlaceId?placeId=89319
9 rue Boissy d'Anglas,restaurant,89365,48.868059536514,2.3213465428492,Paris,François Felix,4f0616fd0e61b14c28f4c3d5,0,Wine Bar,http://tour-pedia.org/api/getPlaceDetails?id=89365,http://tour-pedia.org/api/getReviewsByPlaceId?placeId=89365
64 Rue Daguerre,restaurant,89443,48.835209656373,2.3264502513194,Paris,Corner Kitchen,4f298c5fe4b092dd9d9ed541,0,Bagel Shop,http://tour-pedia.org/api/getPlaceDetails?id=89443,http://tour-pedia.org/api/getReviewsByPlaceId?placeId=89443
Bercy Village,restaurant,89452,48.833393568119,2.3867524729324,Paris,Eric Kayser,4f2d328fe4b03caf5283b123,0,Bakery,http://tour-pedia.org/api/getPlaceDetails?id=89452,http://tour-pedia.org/api/getReviewsByPlaceId?placeId=89452
55 rue de Bagnolet,restaurant,89565,48.85717747094,2.3982441573047,Paris,Meli Mellow,4f55ff93e4b072b51dbbae19,0,Bagel Shop,http://tour-pedia.org/api/getPlaceDetails?id=89565,http://tour-pedia.org/api/getReviewsByPlaceId?placeId=89565
24 Rue Durantin,restaurant,89603,48.886154390262,2.3363241243758,Paris,La Bascule,4f6240a6e4b01b3ebe8c9340,0,French Restaurant,http://tour-pedia.org/api/getPlaceDetails?id=89603,http://tour-pedia.org/api/getReviewsByPlaceId?placeId=89603
,restaurant,89677,48.879424397267,2.3667425875822,Paris,Kheak & Vero,4f7980e8e4b0a174b1218c5b,0,Thai Restaurant,http://tour-pedia.org/api/getPlaceDetails?id=89677,http://tour-pedia.org/api/getReviewsByPlaceId?placeId=89677
23 avenue de la Bourdonnais,restaurant,89680,48.859112537905,2.2979169702041,Paris,Café Gustave,4f7a0f46e4b054bfe3b75ad7,0,Café,http://tour-pedia.org/api/getPlaceDetails?id=89680,http://tour-pedia.org/api/getReviewsByPlaceId?placeId=89680
110 Avenue de France,restaurant,89768,48.830331233305,2.3771774768829,Paris,Prêt À Manger,4f9eee18bb3d7c7102004cc1,0,Sandwich Place,http://tour-pedia.org/api/getPlaceDetails?id=89768,http://tour-pedia.org/api/getReviewsByPlaceId?placeId=89768
52 Avenue De La République,restaurant,89769,48.865145148581,2.375414505377,Paris,Slize,4f9efec0e4b0ef2f72abc89d,0,Pizza Place,http://tour-pedia.org/api/getPlaceDetails?id=89769,http://tour-pedia.org/api/getReviewsByPlaceId?placeId=89769
177 Avenue Daumesnil,restaurant,89775,48.840509529311,2.3921149234263,Paris,Crêperie Paris Breizh,4fa17a6fe4b000b305087be6,0,French Restaurant,http://tour-pedia.org/api/getPlaceDetails?id=89775,http://tour-pedia.org/api/getReviewsByPlaceId?placeId=89775
C.C Saint-Lazare,restaurant,89781,48.876245958139,2.3259043693542,Paris,Starbucks,4fa3b236e4b0d6f4bb55d587,0,Coffee Shop,http://tour-pedia.org/api/getPlaceDetails?id=89781,http://tour-pedia.org/api/getReviewsByPlaceId?placeId=89781
132 avenue de France,restaurant,89865,48.831943,2.376228,Paris,Le Camion Qui Fume,4fc12db1e4b03f9cf9a7e0da,0,Food Truck,http://tour-pedia.org/api/getPlaceDetails?id=89865,http://tour-pedia.org/api/getReviewsByPlaceId?placeId=89865
45 Cour Saint-Émilion,restaurant,89868,48.833425873183,2.3869326641194,Paris,Boco,4fc22bbee4b0d6554aac2456,0,Snack Place,http://tour-pedia.org/api/getPlaceDetails?id=89868,http://tour-pedia.org/api/getReviewsByPlaceId?placeId=89868
61 Rue Jean-Pierre Timbaud,restaurant,89922,48.86714966044,2.3749673366547,Paris,Les Fabricants,4fcfbf937beb80b78e90afb2,0,French Restaurant,http://tour-pedia.org/api/getPlaceDetails?id=89922,http://tour-pedia.org/api/getReviewsByPlaceId?placeId=89922
44 Boulevard Richard Lenoir,restaurant,89949,48.858214988074,2.3718244708702,Paris,Auberge Flora,4fd87581e4b0ba67a129d725,0,French Restaurant,http://tour-pedia.org/api/getPlaceDetails?id=89949,http://tour-pedia.org/api/getReviewsByPlaceId?placeId=89949
174 boulevard du Montparnasse,restaurant,90110,48.839663147946,2.3366022331418,Paris,Bullier,50113d73e4b06b8dcad49503,0,Diner,http://tour-pedia.org/api/getPlaceDetails?id=90110,http://tour-pedia.org/api/getReviewsByPlaceId?placeId=90110
13 Rue des Pyramides,restaurant,90157,48.865075871785,2.3329344755102,Paris,Bagelstein,502b6179e4b0f63013ff9578,0,Bagel Shop,http://tour-pedia.org/api/getPlaceDetails?id=90157,http://tour-pedia.org/api/getReviewsByPlaceId?placeId=90157
24 rue des Vinaigriers,restaurant,90208,48.873028903604,2.362953094308,Paris,Craft,50420756e4b0047a41a495fc,0,Coffee Shop,http://tour-pedia.org/api/getPlaceDetails?id=90208,http://tour-pedia.org/api/getReviewsByPlaceId?placeId=90208
50 Rue du Faubourg Saint-Denis,restaurant,90298,48.871997931835,2.3539710044861,Paris,Paris New York,5058b747e0e2cafcc78bd3a9,0,Burger Joint,http://tour-pedia.org/api/getPlaceDetails?id=90298,http://tour-pedia.org/api/getReviewsByPlaceId?placeId=90298
83 Rue Saint-Charles,restaurant,90305,48.846812856082,2.2858428955078,Paris,Starbucks,505b2528e4b07c8ee3df17ed,0,Coffee Shop,http://tour-pedia.org/api/getPlaceDetails?id=90305,http://tour-pedia.org/api/getReviewsByPlaceId?placeId=90305
Gare de Paris-Lyon,restaurant,90333,48.844384028766,2.3751497268677,Paris,Starbucks,5064180c830238fd7713e9f4,0,Coffee Shop,http://tour-pedia.org/api/getPlaceDetails?id=90333,http://tour-pedia.org/api/getReviewsByPlaceId?placeId=90333
12 Rue du Champs de Mars,restaurant,90450,48.856511104604,2.3057314753532,Paris,Bedford Ave. Brooklyn Diner,50794b82e4b0e1c7ad03caee,0,Burger Joint,http://tour-pedia.org/api/getPlaceDetails?id=90450,http://tour-pedia.org/api/getReviewsByPlaceId?placeId=90450
5 rue Trudaine,restaurant,90463,48.881735398025,2.3460531234741,Paris,Le Captain B,507effcae4b00e30b6759062,0,Burger Joint,http://tour-pedia.org/api/getPlaceDetails?id=90463,http://tour-pedia.org/api/getReviewsByPlaceId?placeId=90463
101 Rue Nollet,restaurant,90469,48.889058417025,2.3176860809326,Paris,"ANAME, Le Bistrot Vietnamien",5080730a7ab4c5128fd0667b,0,Vietnamese Restaurant,http://tour-pedia.org/api/getPlaceDetails?id=90469,http://tour-pedia.org/api/getReviewsByPlaceId?placeId=90469
284 rue des Pyrénées,restaurant,90489,48.871031,2.393719,Paris,Le Refectoire,50891765e4b09cdfe680338d,0,Food Truck,http://tour-pedia.org/api/getPlaceDetails?id=90489,http://tour-pedia.org/api/getReviewsByPlaceId?placeId=90489
47 Aavenue de la motte picquet,restaurant,90502,48.850653551862,2.3003053665161,Paris,Le Comptoir de l’épicerie,508e9c21c84cd858aca9d6ca,0,French Restaurant,http://tour-pedia.org/api/getPlaceDetails?id=90502,http://tour-pedia.org/api/getReviewsByPlaceId?placeId=90502
22 rue Doudeauville,restaurant,90512,48.888798,2.356667,Paris,Les Planches de Doudeauville,509422ffe4b08e0dbd6c05d6,0,Pizza Place,http://tour-pedia.org/api/getPlaceDetails?id=90512,http://tour-pedia.org/api/getReviewsByPlaceId?placeId=90512
Gare de Paris-Est,restaurant,90532,48.876411826162,2.3581798266665,Paris,FLO Brasserie,509d1f3f3d7c56bd1382b996,0,Restaurant,http://tour-pedia.org/api/getPlaceDetails?id=90532,http://tour-pedia.org/api/getReviewsByPlaceId?placeId=90532
9 rue Decrès,restaurant,90543,48.83282430325,2.3148322105408,Paris,Bistrotters,50a3836fe4b08f00ef2d3f44,0,French Restaurant,http://tour-pedia.org/api/getPlaceDetails?id=90543,http://tour-pedia.org/api/getReviewsByPlaceId?placeId=90543
8 avenue Kleber,restaurant,90549,48.8722106,2.2937045,Paris,EXKi,50a4f15ce4b0755d9a497c9b,0,Vegetarian / Vegan Restaurant,http://tour-pedia.org/api/getPlaceDetails?id=90549,http://tour-pedia.org/api/getReviewsByPlaceId?placeId=90549
32 rue Saint-Sauveur,restaurant,90550,48.866205874996,2.3474489594377,Paris,Big Fernand,50a517b1e4b0c296e80a74d7,0,Burger Joint,http://tour-pedia.org/api/getPlaceDetails?id=90550,http://tour-pedia.org/api/getReviewsByPlaceId?placeId=90550
Gare SNCF de Paris-Lyon,restaurant,90623,48.844868,2.376099,Paris,Costa Coffee,50c5f273e4b047e9d5c8a070,0,Coffee Shop,http://tour-pedia.org/api/getPlaceDetails?id=90623,http://tour-pedia.org/api/getReviewsByPlaceId?placeId=90623
"6 Rue du Forez, Paris, France",restaurant,90675,48.863774,2.36307,Paris,Café Pinson,,,,http://tour-pedia.org/api/getPlaceDetails?id=90675,http://tour-pedia.org/api/getReviewsByPlaceId?placeId=90675
,restaurant,90764,48.878186660511,2.370638891748,Paris,L'Unisson,5107b832e4b04030946b4763,0,Brewery,http://tour-pedia.org/api/getPlaceDetails?id=90764,http://tour-pedia.org/api/getReviewsByPlaceId?placeId=90764
10-12 quai de la Seine,restaurant,90788,48.884845189301,2.3720166010284,Paris,Corso,51127989e4b0051ef3c47165,0,Italian Restaurant,http://tour-pedia.org/api/getPlaceDetails?id=90788,http://tour-pedia.org/api/getReviewsByPlaceId?placeId=90788
49 avenue George V,restaurant,90813,48.870935124443,2.3009273786547,Paris,Miss Kō,511bd784e4b02e93b2e7817b,0,Cocktail Bar,http://tour-pedia.org/api/getPlaceDetails?id=90813,http://tour-pedia.org/api/getReviewsByPlaceId?placeId=90813
82 avenue Parmentier,restaurant,90912,48.864722,2.375084,Paris,b&m,51424390e4b09f7dd821fe3d,0,Burger Joint,http://tour-pedia.org/api/getPlaceDetails?id=90912,http://tour-pedia.org/api/getReviewsByPlaceId?placeId=90912
20 Avenue Laumière,restaurant,90922,48.883876199838,2.3803842207017,Paris,Les Chics Types,5144e40fe4b06896864f319d,0,French Restaurant,http://tour-pedia.org/api/getPlaceDetails?id=90922,http://tour-pedia.org/api/getReviewsByPlaceId?placeId=90922
C.C St Lazare Paris,restaurant,90941,48.876274183022,2.3254537582397,Paris,Lazare Paris,514acafb29a6179cf70262ec,0,French Restaurant,http://tour-pedia.org/api/getPlaceDetails?id=90941,http://tour-pedia.org/api/getReviewsByPlaceId?placeId=90941
,restaurant,91086,48.832876,2.300491,Paris,Arthur & Juliette,5178152fe4b0075e4555a223,0,Diner,http://tour-pedia.org/api/getPlaceDetails?id=91086,http://tour-pedia.org/api/getReviewsByPlaceId?placeId=91086
39 rue Notre Dame de Nazareth,restaurant,91153,48.867464348619,2.3579477531811,Paris,No'Ma,518e8409498e61b1207b8222,0,French Restaurant,http://tour-pedia.org/api/getPlaceDetails?id=91153,http://tour-pedia.org/api/getReviewsByPlaceId?placeId=91153
Place du Maquis du Vercors,restaurant,91167,48.877374941,2.4093961715698,Paris,Kluger Paris - La Terrasse,5194a557454a23e73756791d,0,Restaurant,http://tour-pedia.org/api/getPlaceDetails?id=91167,http://tour-pedia.org/api/getReviewsByPlaceId?placeId=91167
18 rue Saint-Fiacre,restaurant,91180,48.870512448815,2.3457849025726,Paris,Mamie Burger,519a94395019cef64200816e,0,Burger Joint,http://tour-pedia.org/api/getPlaceDetails?id=91180,http://tour-pedia.org/api/getReviewsByPlaceId?placeId=91180
9 rue du Nil,restaurant,91232,48.867754,2.347661,Paris,Frenchie to go,51a70e3b498eaaf621340fc0,0,American Restaurant,http://tour-pedia.org/api/getPlaceDetails?id=91232,http://tour-pedia.org/api/getReviewsByPlaceId?placeId=91232
18 rue de Ménilmontant,restaurant,91277,48.867534858527,2.3845486758097,Paris,Cô My Cantine,51b06d68498e450735d3001e,0,Asian Restaurant,http://tour-pedia.org/api/getPlaceDetails?id=91277,http://tour-pedia.org/api/getReviewsByPlaceId?placeId=91277
,restaurant,91315,48.835376,2.376403,Paris,P-7,51bafc5e498ed3b831a2b2cc,0,Steakhouse,http://tour-pedia.org/api/getPlaceDetails?id=91315,http://tour-pedia.org/api/getReviewsByPlaceId?placeId=91315
"93 Rue de Rivoli, Paris, France",restaurant,83366,48.862795,2.336196,Paris,Café Marly,,,,http://tour-pedia.org/api/getPlaceDetails?id=83366,http://tour-pedia.org/api/getReviewsByPlaceId?placeId=83366
"164 Boulevard Saint-Germain, Paris, France",restaurant,83374,48.853272,2.335855,Paris,Cafe Mabillon,,,,http://tour-pedia.org/api/getPlaceDetails?id=83374,http://tour-pedia.org/api/getReviewsByPlaceId?placeId=83374
"90 Rue de Charonne, Paris, France",restaurant,83436,48.853744,2.381662,Paris,Le Petit Baïona,,,,http://tour-pedia.org/api/getPlaceDetails?id=83436,http://tour-pedia.org/api/getReviewsByPlaceId?placeId=83436
"31-33 Avenue des Champs-Élysées, Paris, France",restaurant,83626,48.869738,2.306722,Paris,Pizza Pino,,,,http://tour-pedia.org/api/getPlaceDetails?id=83626,http://tour-pedia.org/api/getReviewsByPlaceId?placeId=83626
"226 Rue de Rivoli, Paris, France",restaurant,83649,48.865051,2.328415,Paris,Angelina,,,,http://tour-pedia.org/api/getPlaceDetails?id=83649,http://tour-pedia.org/api/getReviewsByPlaceId?placeId=83649
"Porte de la Muette, Paris, France",restaurant,83651,48.86355,2.260183,Paris,Chalet des Îles,,,,http://tour-pedia.org/api/getPlaceDetails?id=83651,http://tour-pedia.org/api/getReviewsByPlaceId?placeId=83651
"161 Avenue de Malakoff, Paris, France",restaurant,83653,48.876577,2.2834,Paris,Auberge Dab,,,,http://tour-pedia.org/api/getPlaceDetails?id=83653,http://tour-pedia.org/api/getReviewsByPlaceId?placeId=83653
"21Bis Boulevard Diderot, Paris, France",restaurant,83656,48.845844,2.372772,Paris,L'Européen,,,,http://tour-pedia.org/api/getPlaceDetails?id=83656,http://tour-pedia.org/api/getReviewsByPlaceId?placeId=83656
5 rue Montalembert,restaurant,83667,48.856885308299,2.3274414071534,Paris,L'Atelier de Joël Robuchon,,,,http://tour-pedia.org/api/getPlaceDetails?id=83667,http://tour-pedia.org/api/getReviewsByPlaceId?placeId=83667
"4 Rue Petit, Paris 19ème, France",restaurant,83694,48.884599,2.379433,Paris,Restaurant le Laumière,,,,http://tour-pedia.org/api/getPlaceDetails?id=83694,http://tour-pedia.org/api/getReviewsByPlaceId?placeId=83694
"34 Rue de Grenelle, Paris, France",restaurant,83858,48.8538,2.3276,Paris,Le Basile,,,,http://tour-pedia.org/api/getPlaceDetails?id=83858,http://tour-pedia.org/api/getReviewsByPlaceId?placeId=83858
"120 Rue Michel-Ange, Paris 16e arrondissement, France",restaurant,83862,48.838664,2.257278,Paris,Aux Trois Obus,,,,http://tour-pedia.org/api/getPlaceDetails?id=83862,http://tour-pedia.org/api/getReviewsByPlaceId?placeId=83862
"41 Rue de Charonne, Paris, France",restaurant,83932,48.853363,2.376713,Paris,Pause Café,,,,http://tour-pedia.org/api/getPlaceDetails?id=83932,http://tour-pedia.org/api/getReviewsByPlaceId?placeId=83932
"14 Boulevard Montmartre, Paris, France",restaurant,83953,48.871827,2.34172,Paris,Hard Rock Cafe Paris,,,,http://tour-pedia.org/api/getPlaceDetails?id=83953,http://tour-pedia.org/api/getReviewsByPlaceId?placeId=83953
"3 Place de la Bastille, Paris, France",restaurant,84082,48.853188,2.368156,Paris,Café Français,,,,http://tour-pedia.org/api/getPlaceDetails?id=84082,http://tour-pedia.org/api/getReviewsByPlaceId?placeId=84082
"5 Place de la Porte de Saint-Cloud, Paris, France",restaurant,84706,48.83742,2.257344,Paris,Le Cardinal,,,,http://tour-pedia.org/api/getPlaceDetails?id=84706,http://tour-pedia.org/api/getReviewsByPlaceId?placeId=84706
"1bis Passage Saint-Sébastien, Paris, France",restaurant,84944,48.861659,2.368982,Paris,Au Passage,,,,http://tour-pedia.org/api/getPlaceDetails?id=84944,http://tour-pedia.org/api/getReviewsByPlaceId?placeId=84944
"34 Rue des Rosiers, Paris, France",restaurant,84948,48.857366,2.359076,Paris,L'As Du Fallafel,,,,http://tour-pedia.org/api/getPlaceDetails?id=84948,http://tour-pedia.org/api/getReviewsByPlaceId?placeId=84948
"74 Avenue de France, Paris, France",restaurant,84959,48.828202,2.379207,Paris,Indiana Club - Tolbiac,,,,http://tour-pedia.org/api/getPlaceDetails?id=84959,http://tour-pedia.org/api/getReviewsByPlaceId?placeId=84959
"80 Rue du Mont Cenis, Paris, France",restaurant,85519,48.893946,2.345314,Paris,Tralali-Tralala,,,,http://tour-pedia.org/api/getPlaceDetails?id=85519,http://tour-pedia.org/api/getReviewsByPlaceId?placeId=85519
"18 Place du Commerce, Paris, France",restaurant,85656,48.844923,2.293973,Paris,Le Commerce Café,,,,http://tour-pedia.org/api/getPlaceDetails?id=85656,http://tour-pedia.org/api/getReviewsByPlaceId?placeId=85656
"75 Avenue de Villiers, Paris, France",restaurant,86174,48.88387,2.304033,Paris,Le Petit Villiers,,,,http://tour-pedia.org/api/getPlaceDetails?id=86174,http://tour-pedia.org/api/getReviewsByPlaceId?placeId=86174
"188 Avenue Jean Jaurès, Paris, France",restaurant,86228,48.888029,2.390802,Paris,Au Boeuf Couronné,,,,http://tour-pedia.org/api/getPlaceDetails?id=86228,http://tour-pedia.org/api/getReviewsByPlaceId?placeId=86228
"49 Avenue du Général Leclerc, Paris, France",restaurant,86593,48.829811,2.328917,Paris,Les jardins contini,,,,http://tour-pedia.org/api/getPlaceDetails?id=86593,http://tour-pedia.org/api/getReviewsByPlaceId?placeId=86593
"47 Rue de Babylone, Paris, France",restaurant,87402,48.851682,2.318379,Paris,Le Coutume café,,,,http://tour-pedia.org/api/getPlaceDetails?id=87402,http://tour-pedia.org/api/getReviewsByPlaceId?placeId=87402
"23 Avenue des Gobelins, Paris, France",restaurant,87656,48.836932,2.351912,Paris,Les Négociants,,,,http://tour-pedia.org/api/getPlaceDetails?id=87656,http://tour-pedia.org/api/getReviewsByPlaceId?placeId=87656
"109 Boulevard de Charonne, Paris, France",restaurant,88041,48.856115,2.394372,Paris,Café d'Albert,,,,http://tour-pedia.org/api/getPlaceDetails?id=88041,http://tour-pedia.org/api/getReviewsByPlaceId?placeId=88041
"2 Place Gambetta, Paris, France",restaurant,88070,48.86479,2.398716,Paris,Indiana Café - Gambetta,,,,http://tour-pedia.org/api/getPlaceDetails?id=88070,http://tour-pedia.org/api/getReviewsByPlaceId?placeId=88070
"79 Rue de la Tour, Paris, France",restaurant,88298,48.861692,2.278217,Paris,Mets Gusto,,,,http://tour-pedia.org/api/getPlaceDetails?id=88298,http://tour-pedia.org/api/getReviewsByPlaceId?placeId=88298
"23 Cour Saint-Emilion, Paris, France",restaurant,88932,48.832688,2.385883,Paris,Factory & Co,,,,http://tour-pedia.org/api/getPlaceDetails?id=88932,http://tour-pedia.org/api/getReviewsByPlaceId?placeId=88932
Avenue De choisy,restaurant,90265,48.829786453769,2.3575587981845,Paris,comme au vietnam,,,,http://tour-pedia.org/api/getPlaceDetails?id=90265,http://tour-pedia.org/api/getReviewsByPlaceId?placeId=90265
"5 Place de Barcelone, Paris, France",restaurant,90309,48.847457,2.273228,Paris,La Terrasse Mirabeau,,,,http://tour-pedia.org/api/getPlaceDetails?id=90309,http://tour-pedia.org/api/getReviewsByPlaceId?placeId=90309
"79 Rue Quincampoix 75003 Paris France, France",restaurant,91075,48.862592,2.3512,Paris,AntiCafé,,,,http://tour-pedia.org/api/getPlaceDetails?id=91075,http://tour-pedia.org/api/getReviewsByPlaceId?placeId=91075
"5 Rue de Dunkerque, Paris, France",restaurant,91337,48.879336,2.357844,Paris,Belushi's Gare Du Nord,,,,http://tour-pedia.org/api/getPlaceDetails?id=91337,http://tour-pedia.org/api/getReviewsByPlaceId?placeId=91337
"228 Rue de Rivoli, Paris, France",restaurant,220626,48.86513,2.3281,Paris,Le Meurice Restaurant,,,,http://tour-pedia.org/api/getPlaceDetails?id=220626,http://tour-pedia.org/api/getReviewsByPlaceId?placeId=220626
"10 rue Tholozé, Paris, 75018, France",restaurant,220629,48.886175154,2.33557234943,Paris,Cinéma Studio 28,,,,http://tour-pedia.org/api/getPlaceDetails?id=220629,http://tour-pedia.org/api/getReviewsByPlaceId?placeId=220629
"10 rue Letort, Paris, 75018, France",restaurant,220640,48.8940564595,2.34309575004,Paris,"Resto à Vin ""Les Toqués""",,,,http://tour-pedia.org/api/getPlaceDetails?id=220640,http://tour-pedia.org/api/getReviewsByPlaceId?placeId=220640
"1 rue du Pont Neuf, Paris, 75001, France",restaurant,220648,48.859097117327,2.3430629036144,Paris,KONG,,,,http://tour-pedia.org/api/getPlaceDetails?id=220648,http://tour-pedia.org/api/getReviewsByPlaceId?placeId=220648
"19 Quai Saint-Michel, Paris, France",restaurant,220652,48.85335,2.345515,Paris,Le Pub Saint Michel,,,,http://tour-pedia.org/api/getPlaceDetails?id=220652,http://tour-pedia.org/api/getReviewsByPlaceId?placeId=220652
"184, rue Saint Jacques, Paris, 75005, France",restaurant,220653,48.8462048277,2.34301029689,Paris,Wos Bar,,,,http://tour-pedia.org/api/getPlaceDetails?id=220653,http://tour-pedia.org/api/getReviewsByPlaceId?placeId=220653
"62 Boulevard de l'Hôpital, Paris, France",restaurant,220676,48.838117,2.360077,Paris,The Long Red Bar,,,,http://tour-pedia.org/api/getPlaceDetails?id=220676,http://tour-pedia.org/api/getReviewsByPlaceId?placeId=220676
"167, Quai de Valmy - Canal St Martin, Paris, 75010, France",restaurant,220679,48.878991824456,2.3666262168026,Paris,Bizz'Art Bar-Live-Resto-Club,,,,http://tour-pedia.org/api/getPlaceDetails?id=220679,http://tour-pedia.org/api/getReviewsByPlaceId?placeId=220679
"68 quai de la Loire, Paris, 75019, France",restaurant,220686,48.8864907528,2.37704702948,Paris,BarOurcq,,,,http://tour-pedia.org/api/getPlaceDetails?id=220686,http://tour-pedia.org/api/getReviewsByPlaceId?placeId=220686
"10 rue des blés , Saint-Denis, 93210, France",restaurant,220692,48.836732511639,2.3750023432318,Paris,Garden Beach,,,,http://tour-pedia.org/api/getPlaceDetails?id=220692,http://tour-pedia.org/api/getReviewsByPlaceId?placeId=220692
"159 rue de Crimee, Paris, 75019, France",restaurant,220696,48.88844553891,2.3792770544233,Paris,St Christopher's Inn Paris,,,,http://tour-pedia.org/api/getPlaceDetails?id=220696,http://tour-pedia.org/api/getReviewsByPlaceId?placeId=220696
"41 Quai panhard et levassor, Paris, 75013, France",restaurant,220706,48.829490156248,2.3831132804531,Paris,Restaurant 1001 nuits,,,,http://tour-pedia.org/api/getPlaceDetails?id=220706,http://tour-pedia.org/api/getReviewsByPlaceId?placeId=220706
"88 Boulevard de Picpus, Paris, 75012, France",restaurant,220716,48.8460116945,2.40101634213,Paris,L'Etablisienne,,,,http://tour-pedia.org/api/getPlaceDetails?id=220716,http://tour-pedia.org/api/getReviewsByPlaceId?placeId=220716
"Place du Maquis de Vercors, Paris, 75020, France",restaurant,220719,48.8774137186,2.40942126225,Paris,Corcoran's Lilas Irish Pub,,,,http://tour-pedia.org/api/getPlaceDetails?id=220719,http://tour-pedia.org/api/getReviewsByPlaceId?placeId=220719
"1 Avenue du docteur Gley , Paris, 75020, France",restaurant,220721,48.877610335973,2.4108620229695,Paris,Hippopotamus Porte des Lilas,,,,http://tour-pedia.org/api/getPlaceDetails?id=220721,http://tour-pedia.org/api/getReviewsByPlaceId?placeId=220721
"72 rue Boursault , Paris, 75017, France",restaurant,220732,48.886129863112,2.3178696934641,Paris,L'EBENISTE DU VIN,,,,http://tour-pedia.org/api/getPlaceDetails?id=220732,http://tour-pedia.org/api/getReviewsByPlaceId?placeId=220732
"58 rue la Condamine, Paris, 75017, France",restaurant,220733,48.8857138612,2.3215916517,Paris,Le Petit Village,,,,http://tour-pedia.org/api/getPlaceDetails?id=220733,http://tour-pedia.org/api/getReviewsByPlaceId?placeId=220733
"rue cambronne, 37, Paris, 75015, France",restaurant,220738,48.8453919619,2.30200645325,Paris,La Bodega Cambronne,,,,http://tour-pedia.org/api/getPlaceDetails?id=220738,http://tour-pedia.org/api/getReviewsByPlaceId?placeId=220738
"2 Rue Emile Faguet, Paris, France",restaurant,220638,48.821907,2.330009,Paris,Le Miami,,,,http://tour-pedia.org/api/getPlaceDetails?id=220638,http://tour-pedia.org/api/getReviewsByPlaceId?placeId=220638
"23 Boulevard Poissonnière, Paris, France",restaurant,220645,48.871109,2.344361,Paris,Corcoran's,,,,http://tour-pedia.org/api/getPlaceDetails?id=220645,http://tour-pedia.org/api/getReviewsByPlaceId?placeId=220645
"28 Rue Saint-André des Arts, Paris, France",restaurant,220649,48.853322,2.342477,Paris,Corcoran's Irish Pub,,,,http://tour-pedia.org/api/getPlaceDetails?id=220649,http://tour-pedia.org/api/getReviewsByPlaceId?placeId=220649
"177 Rue Saint-Martin, Paris, France",restaurant,220665,48.86277,2.352182,Paris,Le Carlie,,,,http://tour-pedia.org/api/getPlaceDetails?id=220665,http://tour-pedia.org/api/getReviewsByPlaceId?placeId=220665
"35 Rue de l'Orillon, Paris, France",restaurant,220688,48.870308,2.376376,Paris,L'Orillon Bar,,,,http://tour-pedia.org/api/getPlaceDetails?id=220688,http://tour-pedia.org/api/getReviewsByPlaceId?placeId=220688
"2 Boulevard de la Madeleine, Paris, France",restaurant,83255,48.870075,2.327802,Paris,Café de l'Olympia,,,,http://tour-pedia.org/api/getPlaceDetails?id=83255,http://tour-pedia.org/api/getReviewsByPlaceId?placeId=83255
"4 Carrefour de l'Odéon, Paris, France",restaurant,83257,48.851961,2.338457,Paris,Les Editeurs,,,,http://tour-pedia.org/api/getPlaceDetails?id=83257,http://tour-pedia.org/api/getReviewsByPlaceId?placeId=83257
"41 Avenue du Maine, Paris, France",restaurant,83258,48.841078,2.321789,Paris,L'Atlantique,,,,http://tour-pedia.org/api/getPlaceDetails?id=83258,http://tour-pedia.org/api/getReviewsByPlaceId?placeId=83258
"52 Rue Notre-Dame des Victoires, Paris, France",restaurant,83259,48.869824,2.342696,Paris,Dédé la Frite,,,,http://tour-pedia.org/api/getPlaceDetails?id=83259,http://tour-pedia.org/api/getReviewsByPlaceId?placeId=83259
"6 Place Saint-Germain des Prés, Paris, France",restaurant,83351,48.853992,2.333073,Paris,Les Deux Magots,,,,http://tour-pedia.org/api/getPlaceDetails?id=83351,http://tour-pedia.org/api/getReviewsByPlaceId?placeId=83351
"8 Place Saint-Sulpice, Paris, France",restaurant,83352,48.851427,2.333667,Paris,Café de la Mairie,,,,http://tour-pedia.org/api/getPlaceDetails?id=83352,http://tour-pedia.org/api/getReviewsByPlaceId?placeId=83352
"31 Rue Saint-Louis en l'Île, Paris, France",restaurant,83353,48.851695,2.35675,Paris,Berthillon,,,,http://tour-pedia.org/api/getPlaceDetails?id=83353,http://tour-pedia.org/api/getReviewsByPlaceId?placeId=83353
"172 Boulevard Saint-Germain, Paris, France",restaurant,83354,48.854103,2.332627,Paris,Café de Flore,,,,http://tour-pedia.org/api/getPlaceDetails?id=83354,http://tour-pedia.org/api/getReviewsByPlaceId?placeId=83354
"30 Rue du Bourg Tibourg, Paris, France",restaurant,83356,48.857547,2.356201,Paris,Mariage Frères Salon de Thé,,,,http://tour-pedia.org/api/getPlaceDetails?id=83356,http://tour-pedia.org/api/getReviewsByPlaceId?placeId=83356
"9 Rue Princesse, Paris, France",restaurant,83357,48.852292,2.334527,Paris,Frog & Princess,,,,http://tour-pedia.org/api/getPlaceDetails?id=83357,http://tour-pedia.org/api/getReviewsByPlaceId?placeId=83357
"149 Boulevard Saint-Germain, Paris, France",restaurant,83359,48.853698,2.332716,Paris,Emporio Armani Caffé,,,,http://tour-pedia.org/api/getPlaceDetails?id=83359,http://tour-pedia.org/api/getReviewsByPlaceId?placeId=83359
"22 Rue des Saules, Paris, France",restaurant,83361,48.888644,2.339989,Paris,Au Lapin Agile,,,,http://tour-pedia.org/api/getPlaceDetails?id=83361,http://tour-pedia.org/api/getReviewsByPlaceId?placeId=83361
"36 Rue Beaurepaire, Paris, France",restaurant,83362,48.871678,2.364568,Paris,Chez Prune,,,,http://tour-pedia.org/api/getPlaceDetails?id=83362,http://tour-pedia.org/api/getReviewsByPlaceId?placeId=83362
"67 Place du Docteur Félix Lobligeois, Paris, France",restaurant,83365,48.886321,2.318141,Paris,L'Endroit,,,,http://tour-pedia.org/api/getPlaceDetails?id=83365,http://tour-pedia.org/api/getReviewsByPlaceId?placeId=83365
"46 Rue du Faubourg Saint-Antoine, Paris, France",restaurant,83373,48.85211,2.372579,Paris,Le Barrio Latino,,,,http://tour-pedia.org/api/getPlaceDetails?id=83373,http://tour-pedia.org/api/getReviewsByPlaceId?placeId=83373
"95 Boulevard du Montparnasse, Paris, France",restaurant,83375,48.842667,2.32813,Paris,Café L'Atelier,,,,http://tour-pedia.org/api/getPlaceDetails?id=83375,http://tour-pedia.org/api/getReviewsByPlaceId?placeId=83375
"100 Rue Saint-Martin, Paris, France",restaurant,83377,48.860038,2.350902,Paris,Café Beaubourg,,,,http://tour-pedia.org/api/getPlaceDetails?id=83377,http://tour-pedia.org/api/getReviewsByPlaceId?placeId=83377
"109 Rue Oberkampf, Paris, France",restaurant,83378,48.86583,2.377845,Paris,Cafe Charbon,,,,http://tour-pedia.org/api/getPlaceDetails?id=83378,http://tour-pedia.org/api/getReviewsByPlaceId?placeId=83378
"6 Rue de l'Amiral de Coligny, Paris, France",restaurant,83379,48.860455,2.340799,Paris,Le Fumoir,,,,http://tour-pedia.org/api/getPlaceDetails?id=83379,http://tour-pedia.org/api/getReviewsByPlaceId?placeId=83379
"47 Rue Vavin, Paris, France",restaurant,83380,48.842666,2.328908,Paris,Cubana Café,,,,http://tour-pedia.org/api/getPlaceDetails?id=83380,http://tour-pedia.org/api/getReviewsByPlaceId?placeId=83380
"105 Rue du Faubourg Saint-Honoré, Paris, France",restaurant,83381,48.872535,2.311238,Paris,La Cantine du Faubourg,,,,http://tour-pedia.org/api/getPlaceDetails?id=83381,http://tour-pedia.org/api/getReviewsByPlaceId?placeId=83381
"171 Boulevard du Montparnasse, Paris, France",restaurant,83382,48.840033,2.335992,Paris,La Closerie des Lilas,,,,http://tour-pedia.org/api/getPlaceDetails?id=83382,http://tour-pedia.org/api/getReviewsByPlaceId?placeId=83382
"Rue des Cloys, Paris, France",restaurant,83386,48.893015,2.337753,Paris,Au bon coin,,,,http://tour-pedia.org/api/getPlaceDetails?id=83386,http://tour-pedia.org/api/getReviewsByPlaceId?placeId=83386
"49 - 51 Avenue des Champs-Élysées, Paris, France",restaurant,83391,48.870108,2.305541,Paris,Haagen-Dazs,,,,http://tour-pedia.org/api/getPlaceDetails?id=83391,http://tour-pedia.org/api/getReviewsByPlaceId?placeId=83391
"23 Rue de Dunkerque, Paris, France",restaurant,83394,48.879644,2.355075,Paris,Terminus Nord,,,,http://tour-pedia.org/api/getPlaceDetails?id=83394,http://tour-pedia.org/api/getReviewsByPlaceId?placeId=83394
"28 Rue de l'Exposition, Paris, France",restaurant,83398,48.857126,2.303244,Paris,Le P'tit Troquet,,,,http://tour-pedia.org/api/getPlaceDetails?id=83398,http://tour-pedia.org/api/getReviewsByPlaceId?placeId=83398
"159 Rue Saint-Honoré, Paris, France",restaurant,83400,48.86323,2.335246,Paris,Café RUC,,,,http://tour-pedia.org/api/getPlaceDetails?id=83400,http://tour-pedia.org/api/getReviewsByPlaceId?placeId=83400
"124 Rue La Boétie, Paris, France",restaurant,83402,48.871064,2.306354,Paris,Charlie Birdy,,,,http://tour-pedia.org/api/getPlaceDetails?id=83402,http://tour-pedia.org/api/getReviewsByPlaceId?placeId=83402
"7 Place de la Bastille, Paris, France",restaurant,83403,48.853657,2.368273,Paris,Café philo des Phares,,,,http://tour-pedia.org/api/getPlaceDetails?id=83403,http://tour-pedia.org/api/getReviewsByPlaceId?placeId=83403
"9 Place de la Madeleine, Paris, France",restaurant,83405,48.869668,2.323275,Paris,Senderens,,,,http://tour-pedia.org/api/getPlaceDetails?id=83405,http://tour-pedia.org/api/getReviewsByPlaceId?placeId=83405
"12 Boulevard des Capucines, Paris, France",restaurant,83406,48.870817,2.33165,Paris,Café de la Paix,,,,http://tour-pedia.org/api/getPlaceDetails?id=83406,http://tour-pedia.org/api/getReviewsByPlaceId?placeId=83406
"24 Boulevard des Italiens, Paris, France",restaurant,83407,48.871505,2.336293,Paris,Le Grand B,,,,http://tour-pedia.org/api/getPlaceDetails?id=83407,http://tour-pedia.org/api/getReviewsByPlaceId?placeId=83407
"17 Rue des Archives, Paris, France",restaurant,83410,48.858462,2.35509,Paris,Open Cafe,,,,http://tour-pedia.org/api/getPlaceDetails?id=83410,http://tour-pedia.org/api/getReviewsByPlaceId?placeId=83410
"16 Rue Vieille du Temple, Paris, France",restaurant,83411,48.856777,2.357124,Paris,Le Pick-Clops,,,,http://tour-pedia.org/api/getPlaceDetails?id=83411,http://tour-pedia.org/api/getReviewsByPlaceId?placeId=83411
"62 Rue Madame, Paris, France",restaurant,83413,48.846989,2.331476,Paris,Bread and Roses,,,,http://tour-pedia.org/api/getPlaceDetails?id=83413,http://tour-pedia.org/api/getReviewsByPlaceId?placeId=83413
"1 Rue du Pont Neuf, Paris, France",restaurant,83414,48.859226,2.343194,Paris,Kong,,,,http://tour-pedia.org/api/getPlaceDetails?id=83414,http://tour-pedia.org/api/getReviewsByPlaceId?placeId=83414
"2 Place du Panthéon, Paris 5e arrondissement, France",restaurant,83418,48.84682,2.34762,Paris,The Bombardier,,,,http://tour-pedia.org/api/getPlaceDetails?id=83418,http://tour-pedia.org/api/getReviewsByPlaceId?placeId=83418
"44 Boulevard de la Villette, Paris, France",restaurant,83429,48.874059,2.375265,Paris,Café Chéri(e),,,,http://tour-pedia.org/api/getPlaceDetails?id=83429,http://tour-pedia.org/api/getReviewsByPlaceId?placeId=83429
"5 Avenue Rapp, Paris, France",restaurant,83432,48.86092,2.301418,Paris,Café de L'Alma,,,,http://tour-pedia.org/api/getPlaceDetails?id=83432,http://tour-pedia.org/api/getReviewsByPlaceId?placeId=83432
"36 Boulevard de la Tour-Maubourg, Paris, France",restaurant,83433,48.859986,2.309985,Paris,Le Recrutement Cafe,,,,http://tour-pedia.org/api/getPlaceDetails?id=83433,http://tour-pedia.org/api/getReviewsByPlaceId?placeId=83433
"22 Place des Vosges, Paris, France",restaurant,83435,48.855973,2.366712,Paris,Café Hugo,,,,http://tour-pedia.org/api/getPlaceDetails?id=83435,http://tour-pedia.org/api/getReviewsByPlaceId?placeId=83435
"78 Rue d'Auteuil, Paris, France",restaurant,83437,48.8483,2.260085,Paris,Tsé,,,,http://tour-pedia.org/api/getPlaceDetails?id=83437,http://tour-pedia.org/api/getReviewsByPlaceId?placeId=83437
"1 Rue Jacquard, Paris, France",restaurant,83438,48.864538,2.373016,Paris,L'Ave Maria,,,,http://tour-pedia.org/api/getPlaceDetails?id=83438,http://tour-pedia.org/api/getReviewsByPlaceId?placeId=83438
"31 Rue Saint-Maur, Paris, France",restaurant,83440,48.861005,2.381113,Paris,Express Bar,,,,http://tour-pedia.org/api/getPlaceDetails?id=83440,http://tour-pedia.org/api/getReviewsByPlaceId?placeId=83440
"60 Rue de la Roquette, Paris, France",restaurant,83441,48.855252,2.373887,Paris,Café Divan,,,,http://tour-pedia.org/api/getPlaceDetails?id=83441,http://tour-pedia.org/api/getReviewsByPlaceId?placeId=83441
"35 Rue Saint-André des Arts, Paris, France",restaurant,83442,48.853236,2.341657,Paris,Chez le Libanais,,,,http://tour-pedia.org/api/getPlaceDetails?id=83442,http://tour-pedia.org/api/getReviewsByPlaceId?placeId=83442
"64 Rue Jean-Pierre Timbaud, Paris, France",restaurant,83444,48.866847,2.374374,Paris,Alimentation Générale,,,,http://tour-pedia.org/api/getPlaceDetails?id=83444,http://tour-pedia.org/api/getReviewsByPlaceId?placeId=83444
"93 Rue Jean-Pierre Timbaud, Paris, France",restaurant,83621,48.868421,2.379378,Paris,Cannibale Café,,,,http://tour-pedia.org/api/getPlaceDetails?id=83621,http://tour-pedia.org/api/getReviewsByPlaceId?placeId=83621
"22 Rue de la Butte aux Cailles, Paris, France",restaurant,83623,48.827844,2.350264,Paris,Chez Paul,,,,http://tour-pedia.org/api/getPlaceDetails?id=83623,http://tour-pedia.org/api/getReviewsByPlaceId?placeId=83623
"116 Avenue Ledru Rollin, Paris, France",restaurant,83624,48.853166,2.377378,Paris,Le Bistrot du Peintre,,,,http://tour-pedia.org/api/getPlaceDetails?id=83624,http://tour-pedia.org/api/getReviewsByPlaceId?placeId=83624
"5 Rue Royale, Paris, France",restaurant,83625,48.867461,2.322443,Paris,Maxim's Paris,,,,http://tour-pedia.org/api/getPlaceDetails?id=83625,http://tour-pedia.org/api/getReviewsByPlaceId?placeId=83625
"18-20 Rue de la Butte aux Cailles, Paris, France",restaurant,83627,48.827882,2.350589,Paris,Le Temps des Cerises,,,,http://tour-pedia.org/api/getPlaceDetails?id=83627,http://tour-pedia.org/api/getReviewsByPlaceId?placeId=83627
"33 Avenue du Maine, Paris, France",restaurant,83628,48.84219,2.321649,Paris,Ciel de Paris,,,,http://tour-pedia.org/api/getPlaceDetails?id=83628,http://tour-pedia.org/api/getReviewsByPlaceId?placeId=83628
"27 Avenue Marceau, Paris, France",restaurant,83629,48.867143,2.29906,Paris,Noura Marceau,,,,http://tour-pedia.org/api/getPlaceDetails?id=83629,http://tour-pedia.org/api/getReviewsByPlaceId?placeId=83629
"26 Rue Bobillot, Paris, France",restaurant,83630,48.828934,2.353257,Paris,L'Avant-Gout,,,,http://tour-pedia.org/api/getPlaceDetails?id=83630,http://tour-pedia.org/api/getReviewsByPlaceId?placeId=83630
"68 Rue Vasco de Gama, Paris, France",restaurant,83631,48.83563,2.284831,Paris,Le Beurre Noisette,,,,http://tour-pedia.org/api/getPlaceDetails?id=83631,http://tour-pedia.org/api/getReviewsByPlaceId?placeId=83631
"58 Rue des cinq Diamants, Paris, France",restaurant,83632,48.827686,2.349332,Paris,Les Cailloux,,,,http://tour-pedia.org/api/getPlaceDetails?id=83632,http://tour-pedia.org/api/getReviewsByPlaceId?placeId=83632
"59 Boulevard du Montparnasse, Paris, France",restaurant,83633,48.844241,2.323197,Paris,Le Montparnasse 1900,,,,http://tour-pedia.org/api/getPlaceDetails?id=83633,http://tour-pedia.org/api/getReviewsByPlaceId?placeId=83633
"15 Quai de la Tournelle, Paris, France",restaurant,83635,48.849802,2.355077,Paris,La Tour d'Argent,,,,http://tour-pedia.org/api/getPlaceDetails?id=83635,http://tour-pedia.org/api/getReviewsByPlaceId?placeId=83635
"4 Rue de la Comète, Paris, France",restaurant,83636,48.85957,2.308843,Paris,Café Thoumieux,,,,http://tour-pedia.org/api/getPlaceDetails?id=83636,http://tour-pedia.org/api/getReviewsByPlaceId?placeId=83636
"6 Rue Coquillière, Paris, France",restaurant,83638,48.863431,2.343729,Paris,Au Pied de Cochon,,,,http://tour-pedia.org/api/getPlaceDetails?id=83638,http://tour-pedia.org/api/getReviewsByPlaceId?placeId=83638
"17 Rue de Beaujolais, Paris, France",restaurant,83639,48.86618,2.338042,Paris,Le Grand Véfour,,,,http://tour-pedia.org/api/getPlaceDetails?id=83639,http://tour-pedia.org/api/getReviewsByPlaceId?placeId=83639
"7 Rue de la Bastille, Paris, France",restaurant,83640,48.853874,2.36811,Paris,Bofinger,,,,http://tour-pedia.org/api/getPlaceDetails?id=83640,http://tour-pedia.org/api/getReviewsByPlaceId?placeId=83640
"42 Rue Daubenton, Paris, France",restaurant,83641,48.840555,2.351312,Paris,Mavrommatis,,,,http://tour-pedia.org/api/getPlaceDetails?id=83641,http://tour-pedia.org/api/getReviewsByPlaceId?placeId=83641
"55 Rue Pierre Charron, Paris, France",restaurant,83642,48.86943,2.303121,Paris,Diep,,,,http://tour-pedia.org/api/getPlaceDetails?id=83642,http://tour-pedia.org/api/getReviewsByPlaceId?placeId=83642
"13 Rue de Charonne, Paris, France",restaurant,83644,48.852789,2.374393,Paris,Chez Paul,,,,http://tour-pedia.org/api/getPlaceDetails?id=83644,http://tour-pedia.org/api/getReviewsByPlaceId?placeId=83644
"3 Rue Racine, Paris, France",restaurant,83645,48.850219,2.342071,Paris,Bouillon Racine,,,,http://tour-pedia.org/api/getPlaceDetails?id=83645,http://tour-pedia.org/api/getReviewsByPlaceId?placeId=83645
"99 Avenue des Champs-Élysées, Paris, France",restaurant,83646,48.871552,2.301072,Paris,Le Fouquet's,,,,http://tour-pedia.org/api/getPlaceDetails?id=83646,http://tour-pedia.org/api/getReviewsByPlaceId?placeId=83646
"15 Place du Tertre, Paris, France",restaurant,83647,48.886559,2.340487,Paris,La Crémaillère 1900,,,,http://tour-pedia.org/api/getPlaceDetails?id=83647,http://tour-pedia.org/api/getReviewsByPlaceId?placeId=83647
"14 Place de Clichy, Paris, France",restaurant,83648,48.883827,2.327878,Paris,Wepler,,,,http://tour-pedia.org/api/getPlaceDetails?id=83648,http://tour-pedia.org/api/getReviewsByPlaceId?placeId=83648
"24-26 Place de la Madeleine, Paris, France",restaurant,83652,48.870403,2.325801,Paris,Fauchon,,,,http://tour-pedia.org/api/getPlaceDetails?id=83652,http://tour-pedia.org/api/getReviewsByPlaceId?placeId=83652
"51 Rue du Commerce, Paris, France",restaurant,83654,48.846427,2.295556,Paris,Le Café du Commerce,,,,http://tour-pedia.org/api/getPlaceDetails?id=83654,http://tour-pedia.org/api/getReviewsByPlaceId?placeId=83654
"14 Rue Cauchy, Paris, France",restaurant,83655,48.84294,2.275854,Paris,Le Quinzième,,,,http://tour-pedia.org/api/getPlaceDetails?id=83655,http://tour-pedia.org/api/getReviewsByPlaceId?placeId=83655
"12 Rue Marbeuf, Paris, France",restaurant,83657,48.867818,2.302644,Paris,Chez André,,,,http://tour-pedia.org/api/getPlaceDetails?id=83657,http://tour-pedia.org/api/getReviewsByPlaceId?placeId=83657
"151 Boulevard Saint-Germain, Paris, France",restaurant,83658,48.853797,2.332445,Paris,Brasserie Lipp,,,,http://tour-pedia.org/api/getPlaceDetails?id=83658,http://tour-pedia.org/api/getReviewsByPlaceId?placeId=83658
"64 Rue Tiquetonne, Paris, France",restaurant,83661,48.864831,2.345459,Paris,Café Etienne Marcel,,,,http://tour-pedia.org/api/getPlaceDetails?id=83661,http://tour-pedia.org/api/getReviewsByPlaceId?placeId=83661
"15 Avenue Matignon, Paris, France",restaurant,83663,48.870279,2.312168,Paris,Market,,,,http://tour-pedia.org/api/getPlaceDetails?id=83663,http://tour-pedia.org/api/getReviewsByPlaceId?placeId=83663
"14 Rue Eugène Varlin, Paris, France",restaurant,83665,48.878755,2.364104,Paris,Le Chansonnier,,,,http://tour-pedia.org/api/getPlaceDetails?id=83665,http://tour-pedia.org/api/getReviewsByPlaceId?placeId=83665
"20 Avenue des Gobelins, Paris, France",restaurant,83668,48.837344,2.351192,Paris,Marty,,,,http://tour-pedia.org/api/getPlaceDetails?id=83668,http://tour-pedia.org/api/getReviewsByPlaceId?placeId=83668
"10 Rue Desnouettes, Paris, France",restaurant,83669,48.836183,2.292902,Paris,Le Gastroquet,,,,http://tour-pedia.org/api/getPlaceDetails?id=83669,http://tour-pedia.org/api/getReviewsByPlaceId?placeId=83669
"49 Avenue Jean Moulin, Paris, France",restaurant,83670,48.824911,2.320364,Paris,La Régalade,,,,http://tour-pedia.org/api/getPlaceDetails?id=83670,http://tour-pedia.org/api/getReviewsByPlaceId?placeId=83670
"139 Rue Saint-Dominique, Paris, France",restaurant,83671,48.858136,2.301569,Paris,Café Constant,,,,http://tour-pedia.org/api/getPlaceDetails?id=83671,http://tour-pedia.org/api/getReviewsByPlaceId?placeId=83671
"84 Rue de Varenne, Paris, France",restaurant,83672,48.855726,2.316964,Paris,L'Arpege,,,,http://tour-pedia.org/api/getPlaceDetails?id=83672,http://tour-pedia.org/api/getReviewsByPlaceId?placeId=83672
"Paris, France",restaurant,83673,48.862398,2.31479,Paris,Chez Françoise,,,,http://tour-pedia.org/api/getPlaceDetails?id=83673,http://tour-pedia.org/api/getReviewsByPlaceId?placeId=83673
"31 Avenue George V, Paris, France",restaurant,83674,48.868712,2.300872,Paris,Le Cinq,,,,http://tour-pedia.org/api/getPlaceDetails?id=83674,http://tour-pedia.org/api/getReviewsByPlaceId?placeId=83674
"9 Rue du Mont Thabor, Paris, France",restaurant,83675,48.865502,2.329029,Paris,Kinugawa,,,,http://tour-pedia.org/api/getPlaceDetails?id=83675,http://tour-pedia.org/api/getReviewsByPlaceId?placeId=83675
"2 Rue Roger Verlomme, Paris, France",restaurant,83677,48.856681,2.367195,Paris,Chez Janou,,,,http://tour-pedia.org/api/getPlaceDetails?id=83677,http://tour-pedia.org/api/getReviewsByPlaceId?placeId=83677
"12 Rue Notre-Dame des Champs, Paris, France",restaurant,83678,48.846447,2.327222,Paris,Bagels and Brownies,,,,http://tour-pedia.org/api/getPlaceDetails?id=83678,http://tour-pedia.org/api/getReviewsByPlaceId?placeId=83678
"58 Rue de Bassano, Paris, France",restaurant,83679,48.871395,2.299991,Paris,Chez Raspoutine,,,,http://tour-pedia.org/api/getPlaceDetails?id=83679,http://tour-pedia.org/api/getReviewsByPlaceId?placeId=83679
"18 Rue Paul Bert, Paris, France",restaurant,83682,48.852293,2.384898,Paris,Paul Bert,,,,http://tour-pedia.org/api/getPlaceDetails?id=83682,http://tour-pedia.org/api/getReviewsByPlaceId?placeId=83682
"17 Rue des Écoles, Paris, France",restaurant,83683,48.847814,2.351104,Paris,Breakfast in America,,,,http://tour-pedia.org/api/getPlaceDetails?id=83683,http://tour-pedia.org/api/getReviewsByPlaceId?placeId=83683
"4 Place du Trocadéro et du 11 Novembre, Paris, France",restaurant,83684,48.863548,2.287198,Paris,Carette,,,,http://tour-pedia.org/api/getPlaceDetails?id=83684,http://tour-pedia.org/api/getReviewsByPlaceId?placeId=83684
"18 Avenue Bosquet, Paris, France",restaurant,83685,48.858593,2.303342,Paris,Le Campanella,,,,http://tour-pedia.org/api/getPlaceDetails?id=83685,http://tour-pedia.org/api/getReviewsByPlaceId?placeId=83685
"3 Rue Jouye-Rouve, Paris, France",restaurant,83686,48.873141,2.382746,Paris,Le Baratin,,,,http://tour-pedia.org/api/getPlaceDetails?id=83686,http://tour-pedia.org/api/getReviewsByPlaceId?placeId=83686
"129 Avenue Parmentier, Paris, France",restaurant,83687,48.86935,2.371325,Paris,Le Chateaubriand,,,,http://tour-pedia.org/api/getPlaceDetails?id=83687,http://tour-pedia.org/api/getReviewsByPlaceId?placeId=83687
"44 Rue Jean-Pierre Timbaud, Paris, France",restaurant,83688,48.866235,2.372037,Paris,Restaurant Astier,,,,http://tour-pedia.org/api/getPlaceDetails?id=83688,http://tour-pedia.org/api/getReviewsByPlaceId?placeId=83688
"27 Quai Branly, Paris, France",restaurant,83689,48.861058,2.298654,Paris,Les Ombres,,,,http://tour-pedia.org/api/getPlaceDetails?id=83689,http://tour-pedia.org/api/getReviewsByPlaceId?placeId=83689
"13 Avenue du Président Wilson, Paris, France",restaurant,83690,48.86461,2.296208,Paris,Tokyo Eat,,,,http://tour-pedia.org/api/getPlaceDetails?id=83690,http://tour-pedia.org/api/getReviewsByPlaceId?placeId=83690
"13 Rue de l'Ancienne Comédie, Paris, France",restaurant,83691,48.85304,2.338843,Paris,Le Procope,,,,http://tour-pedia.org/api/getPlaceDetails?id=83691,http://tour-pedia.org/api/getReviewsByPlaceId?placeId=83691
"2 Rue de Passy, Paris, France",restaurant,83692,48.858567,2.284054,Paris,Matsuri,,,,http://tour-pedia.org/api/getPlaceDetails?id=83692,http://tour-pedia.org/api/getReviewsByPlaceId?placeId=83692
"102 Avenue d'Ivry, Paris, France",restaurant,83697,48.825563,2.361423,Paris,Lao Lane Xang,,,,http://tour-pedia.org/api/getPlaceDetails?id=83697,http://tour-pedia.org/api/getReviewsByPlaceId?placeId=83697
"8 Rue du Cherche-Midi, Paris, France",restaurant,83752,48.851243,2.328986,Paris,Poilane,,,,http://tour-pedia.org/api/getPlaceDetails?id=83752,http://tour-pedia.org/api/getReviewsByPlaceId?placeId=83752
"72 Rue Bonaparte, Paris, France",restaurant,83753,48.85151,2.332799,Paris,Pierre Hermé,,,,http://tour-pedia.org/api/getPlaceDetails?id=83753,http://tour-pedia.org/api/getReviewsByPlaceId?placeId=83753
"8 Place Trocadéro et 11 Novembre, Paris, France",restaurant,83777,48.863572,2.286558,Paris,Café du Trocadéro,,,,http://tour-pedia.org/api/getPlaceDetails?id=83777,http://tour-pedia.org/api/getReviewsByPlaceId?placeId=83777
"84 Avenue de Suffren, Paris, France",restaurant,83779,48.851207,2.300634,Paris,Le Suffren,,,,http://tour-pedia.org/api/getPlaceDetails?id=83779,http://tour-pedia.org/api/getReviewsByPlaceId?placeId=83779
"167 Boulevard Voltaire, Paris, France",restaurant,83782,48.854345,2.386263,Paris,Le Rouge Limé,,,,http://tour-pedia.org/api/getPlaceDetails?id=83782,http://tour-pedia.org/api/getReviewsByPlaceId?placeId=83782
"101 Rue Ouest, Paris, France",restaurant,83783,48.834179,2.315955,Paris,La Cantine du Troquet,,,,http://tour-pedia.org/api/getPlaceDetails?id=83783,http://tour-pedia.org/api/getReviewsByPlaceId?placeId=83783
"30 Rue des cinq Diamants, Paris, France",restaurant,83787,48.828861,2.350608,Paris,Chez Gladines,,,,http://tour-pedia.org/api/getPlaceDetails?id=83787,http://tour-pedia.org/api/getReviewsByPlaceId?placeId=83787
"142 Avenue des Champs-Élysées, Paris, France",restaurant,83788,48.872904,2.298783,Paris,Flora Danica,,,,http://tour-pedia.org/api/getPlaceDetails?id=83788,http://tour-pedia.org/api/getReviewsByPlaceId?placeId=83788
"25 Rue de Cheroy, Paris, France",restaurant,83790,48.882934,2.318125,Paris,3 Pièces Cuisine,,,,http://tour-pedia.org/api/getPlaceDetails?id=83790,http://tour-pedia.org/api/getReviewsByPlaceId?placeId=83790
"7 Rue des 3 Frères, Paris, France",restaurant,83803,48.88391,2.341396,Paris,Le Progrès,,,,http://tour-pedia.org/api/getPlaceDetails?id=83803,http://tour-pedia.org/api/getReviewsByPlaceId?placeId=83803
"77 Rue de Seine, Paris, France",restaurant,83804,48.853817,2.33705,Paris,Boulangeries Paul,,,,http://tour-pedia.org/api/getPlaceDetails?id=83804,http://tour-pedia.org/api/getReviewsByPlaceId?placeId=83804
"36 Rue Cler, Paris, France",restaurant,83807,48.856743,2.306321,Paris,Le Tribeca,,,,http://tour-pedia.org/api/getPlaceDetails?id=83807,http://tour-pedia.org/api/getReviewsByPlaceId?placeId=83807
"47 Rue du Montparnasse, Paris, France",restaurant,83811,48.842524,2.326075,Paris,Toritcho,,,,http://tour-pedia.org/api/getPlaceDetails?id=83811,http://tour-pedia.org/api/getReviewsByPlaceId?placeId=83811
"19 Rue de l'Étoile, Paris, France",restaurant,83817,48.877484,2.294982,Paris,La Fabbrica,,,,http://tour-pedia.org/api/getPlaceDetails?id=83817,http://tour-pedia.org/api/getReviewsByPlaceId?placeId=83817
"114 Avenue de France, Paris, France",restaurant,83819,48.830886,2.376711,Paris,The Frog & British Library,,,,http://tour-pedia.org/api/getPlaceDetails?id=83819,http://tour-pedia.org/api/getReviewsByPlaceId?placeId=83819
"46 Rue René Boulanger, France",restaurant,83821,48.868572,2.360319,Paris,Le Paristars,,,,http://tour-pedia.org/api/getPlaceDetails?id=83821,http://tour-pedia.org/api/getReviewsByPlaceId?placeId=83821
"2 Bis Rue Neuve Popincourt, Paris, France",restaurant,83823,48.864575,2.373928,Paris,Al Taglio,,,,http://tour-pedia.org/api/getPlaceDetails?id=83823,http://tour-pedia.org/api/getReviewsByPlaceId?placeId=83823
"62 Rue Saint-André des Arts, Paris, France",restaurant,83824,48.85362,2.339193,Paris,Starbucks,,,,http://tour-pedia.org/api/getPlaceDetails?id=83824,http://tour-pedia.org/api/getReviewsByPlaceId?placeId=83824
"57 Rue Saint-André des Arts, Paris, France",restaurant,83825,48.85349,2.33918,Paris,Comptoir Saint Germain,,,,http://tour-pedia.org/api/getPlaceDetails?id=83825,http://tour-pedia.org/api/getReviewsByPlaceId?placeId=83825
"96 Ter Rue Lemercier, Paris, France",restaurant,83830,48.889461,2.318888,Paris,Le Break Bio,,,,http://tour-pedia.org/api/getPlaceDetails?id=83830,http://tour-pedia.org/api/getReviewsByPlaceId?placeId=83830
"1 Rue Jean Marie Jego, Paris, France",restaurant,83831,48.828025,2.351632,Paris,L'OisiveThé,,,,http://tour-pedia.org/api/getPlaceDetails?id=83831,http://tour-pedia.org/api/getReviewsByPlaceId?placeId=83831
"235 Rue Saint-Honoré, Paris, France",restaurant,83832,48.866366,2.328888,Paris,Le Castiglione,,,,http://tour-pedia.org/api/getPlaceDetails?id=83832,http://tour-pedia.org/api/getReviewsByPlaceId?placeId=83832
"271 Boulevard Pereire, Paris, France",restaurant,83833,48.878053,2.285063,Paris,Le Relais de Venise,,,,http://tour-pedia.org/api/getPlaceDetails?id=83833,http://tour-pedia.org/api/getReviewsByPlaceId?placeId=83833
"25 Rue des Taillandiers, Paris, France",restaurant,83834,48.855077,2.374727,Paris,Wok Cooking,,,,http://tour-pedia.org/api/getPlaceDetails?id=83834,http://tour-pedia.org/api/getReviewsByPlaceId?placeId=83834
"85 Rue Saint-Antoine, Paris, France",restaurant,83835,48.854482,2.362856,Paris,Au Bouquet Saint Paul,,,,http://tour-pedia.org/api/getPlaceDetails?id=83835,http://tour-pedia.org/api/getReviewsByPlaceId?placeId=83835
"109 Rue Vieille du Temple, Paris, France",restaurant,83836,48.86061,2.361842,Paris,Breizh Cafe,,,,http://tour-pedia.org/api/getPlaceDetails?id=83836,http://tour-pedia.org/api/getReviewsByPlaceId?placeId=83836
"4 Place du Petit Pont, Paris, France",restaurant,83838,48.85295,2.34663,Paris,Le Petit Bar,,,,http://tour-pedia.org/api/getPlaceDetails?id=83838,http://tour-pedia.org/api/getReviewsByPlaceId?placeId=83838
"38 Rue de Bretagne, Paris, France",restaurant,83840,48.863023,2.362461,Paris,Café Charlot,,,,http://tour-pedia.org/api/getPlaceDetails?id=83840,http://tour-pedia.org/api/getReviewsByPlaceId?placeId=83840
"32 Bis Rue Orsel, Paris, France",restaurant,83841,48.883718,2.343442,Paris,L'Anvers du Decor,,,,http://tour-pedia.org/api/getPlaceDetails?id=83841,http://tour-pedia.org/api/getReviewsByPlaceId?placeId=83841
"38 Place du Marché Saint-Honoré, Paris, France",restaurant,83843,48.867286,2.332472,Paris,Razowski's,,,,http://tour-pedia.org/api/getPlaceDetails?id=83843,http://tour-pedia.org/api/getReviewsByPlaceId?placeId=83843
"68 Boulevard du Montparnasse, Paris, France",restaurant,83844,48.843418,2.324765,Paris,Hippopotamus Montparnasse,,,,http://tour-pedia.org/api/getPlaceDetails?id=83844,http://tour-pedia.org/api/getReviewsByPlaceId?placeId=83844
"2 Place Gustave Toudouze, Paris, France",restaurant,83845,48.879356,2.337536,Paris,No Stress Café,,,,http://tour-pedia.org/api/getPlaceDetails?id=83845,http://tour-pedia.org/api/getReviewsByPlaceId?placeId=83845
"6 Avenue de Wagram, Paris, France",restaurant,83846,48.875327,2.296432,Paris,La Flamme,,,,http://tour-pedia.org/api/getPlaceDetails?id=83846,http://tour-pedia.org/api/getReviewsByPlaceId?placeId=83846
"23 Rue Muller, Paris, France",restaurant,83847,48.886352,2.345289,Paris,L'Eté en Pente Douce,,,,http://tour-pedia.org/api/getPlaceDetails?id=83847,http://tour-pedia.org/api/getReviewsByPlaceId?placeId=83847
"1 Boulevard de Strasbourg, Paris, France",restaurant,83848,48.869641,2.354182,Paris,KFC,,,,http://tour-pedia.org/api/getPlaceDetails?id=83848,http://tour-pedia.org/api/getReviewsByPlaceId?placeId=83848
"10 Avenue Trudaine, Paris, France",restaurant,83849,48.881817,2.345296,Paris,Corso Trudaine,,,,http://tour-pedia.org/api/getPlaceDetails?id=83849,http://tour-pedia.org/api/getReviewsByPlaceId?placeId=83849
"78 Avenue des Champs-Élysées, Paris, France",restaurant,83853,48.871182,2.304217,Paris,Starbucks Coffee,,,,http://tour-pedia.org/api/getPlaceDetails?id=83853,http://tour-pedia.org/api/getReviewsByPlaceId?placeId=83853
"32 bis Rue Sainte-Anne, Paris, France",restaurant,83859,48.866578,2.335804,Paris,Higuma,,,,http://tour-pedia.org/api/getPlaceDetails?id=83859,http://tour-pedia.org/api/getReviewsByPlaceId?placeId=83859
"4 Rue Malher, Paris, France",restaurant,83861,48.855516,2.361246,Paris,Breakfast in America,,,,http://tour-pedia.org/api/getPlaceDetails?id=83861,http://tour-pedia.org/api/getReviewsByPlaceId?placeId=83861
"6 Avenue du Président Wilson, Paris, France",restaurant,83863,48.865112,2.300532,Paris,La Mascotte,,,,http://tour-pedia.org/api/getPlaceDetails?id=83863,http://tour-pedia.org/api/getReviewsByPlaceId?placeId=83863
"2 Rue Marie et Louise, Paris, France",restaurant,83864,48.871864,2.367568,Paris,Maria Luisa,,,,http://tour-pedia.org/api/getPlaceDetails?id=83864,http://tour-pedia.org/api/getReviewsByPlaceId?placeId=83864
"22 Boulevard Vincent Auriol, Paris, France",restaurant,83865,48.836546,2.371384,Paris,Djoon Club,,,,http://tour-pedia.org/api/getPlaceDetails?id=83865,http://tour-pedia.org/api/getReviewsByPlaceId?placeId=83865
"4 Rue Princesse, Paris, France",restaurant,83866,48.852522,2.334409,Paris,Coffee Parisien,,,,http://tour-pedia.org/api/getPlaceDetails?id=83866,http://tour-pedia.org/api/getReviewsByPlaceId?placeId=83866
"138 Rue du Faubourg Saint-Antoine, Paris, France",restaurant,83869,48.850446,2.379457,Paris,Le 138,,,,http://tour-pedia.org/api/getPlaceDetails?id=83869,http://tour-pedia.org/api/getReviewsByPlaceId?placeId=83869
"18 Place Maubert, Paris, France",restaurant,83871,48.850307,2.3484,Paris,Café du Métro,,,,http://tour-pedia.org/api/getPlaceDetails?id=83871,http://tour-pedia.org/api/getReviewsByPlaceId?placeId=83871
"Place Louis Armand, Paris, France",restaurant,83872,48.844732,2.373798,Paris,Le Train Bleu,,,,http://tour-pedia.org/api/getPlaceDetails?id=83872,http://tour-pedia.org/api/getReviewsByPlaceId?placeId=83872
"129 Rue Saint-Dominique, Paris, France",restaurant,83873,48.858473,2.302575,Paris,La Fontaine de Mars,,,,http://tour-pedia.org/api/getPlaceDetails?id=83873,http://tour-pedia.org/api/getReviewsByPlaceId?placeId=83873
"52 Rue Dauphine, Paris, France",restaurant,83874,48.853768,2.338464,Paris,Café le Buci,,,,http://tour-pedia.org/api/getPlaceDetails?id=83874,http://tour-pedia.org/api/getReviewsByPlaceId?placeId=83874
"58 Rue François 1er, Paris 08, France",restaurant,83875,48.869764,2.302274,Paris,Al Ajami,,,,http://tour-pedia.org/api/getPlaceDetails?id=83875,http://tour-pedia.org/api/getReviewsByPlaceId?placeId=83875
"227 Boulevard Saint-Germain, Paris, France",restaurant,83877,48.858523,2.322865,Paris,Mucha Café,,,,http://tour-pedia.org/api/getPlaceDetails?id=83877,http://tour-pedia.org/api/getReviewsByPlaceId?placeId=83877
"67 Rue de Lancry, Paris, France",restaurant,83878,48.872857,2.363537,Paris,Le Verre Volé,,,,http://tour-pedia.org/api/getPlaceDetails?id=83878,http://tour-pedia.org/api/getReviewsByPlaceId?placeId=83878
"71 Avenue des Champs-Élysées, Paris, France",restaurant,83879,48.870707,2.303566,Paris,Maison de l'Iran,,,,http://tour-pedia.org/api/getPlaceDetails?id=83879,http://tour-pedia.org/api/getReviewsByPlaceId?placeId=83879
"16 Rue Royale, Paris, France",restaurant,83880,48.868467,2.323624,Paris,Ladurée Royale,,,,http://tour-pedia.org/api/getPlaceDetails?id=83880,http://tour-pedia.org/api/getReviewsByPlaceId?placeId=83880
"21 Rue Bonaparte, Paris, France",restaurant,83881,48.855688,2.334117,Paris,Ladurée,,,,http://tour-pedia.org/api/getPlaceDetails?id=83881,http://tour-pedia.org/api/getReviewsByPlaceId?placeId=83881
"2 Place Franz Liszt, Paris, France",restaurant,83882,48.877575,2.351695,Paris,Corso Franz Liszt,,,,http://tour-pedia.org/api/getPlaceDetails?id=83882,http://tour-pedia.org/api/getReviewsByPlaceId?placeId=83882
"108 Boulevard Haussmann, Paris, France",restaurant,83885,48.874705,2.321093,Paris,Starbucks,,,,http://tour-pedia.org/api/getPlaceDetails?id=83885,http://tour-pedia.org/api/getReviewsByPlaceId?placeId=83885
"176 Rue de la Pompe, Paris, France",restaurant,83887,48.871083,2.283582,Paris,Honest Lawyer,,,,http://tour-pedia.org/api/getPlaceDetails?id=83887,http://tour-pedia.org/api/getReviewsByPlaceId?placeId=83887
"35 Avenue des Champs-Élysées, Paris, France",restaurant,83888,48.869784,2.306435,Paris,Café di Roma,,,,http://tour-pedia.org/api/getPlaceDetails?id=83888,http://tour-pedia.org/api/getReviewsByPlaceId?placeId=83888
"16 Rue Soufflot, Paris, France",restaurant,83893,48.847026,2.342772,Paris,Le Soufflot,,,,http://tour-pedia.org/api/getPlaceDetails?id=83893,http://tour-pedia.org/api/getReviewsByPlaceId?placeId=83893
"13 Rue du Hameau, Paris, France",restaurant,83894,48.834804,2.288756,Paris,La Petite Auberge,,,,http://tour-pedia.org/api/getPlaceDetails?id=83894,http://tour-pedia.org/api/getReviewsByPlaceId?placeId=83894
"7 Place du 25 Août 1944, Paris, France",restaurant,83895,48.822099,2.325748,Paris,La Rotonde,,,,http://tour-pedia.org/api/getPlaceDetails?id=83895,http://tour-pedia.org/api/getReviewsByPlaceId?placeId=83895
"2 Place de l'École Militaire, Paris, France",restaurant,83898,48.854617,2.305826,Paris,La Terrasse du 7eme,,,,http://tour-pedia.org/api/getPlaceDetails?id=83898,http://tour-pedia.org/api/getReviewsByPlaceId?placeId=83898
"128 Bis Boulevard de Clichy, Paris, France",restaurant,83901,48.884605,2.32914,Paris,Clichy's Tavern,,,,http://tour-pedia.org/api/getPlaceDetails?id=83901,http://tour-pedia.org/api/getReviewsByPlaceId?placeId=83901
"25 Rue de Varenne, Paris, France",restaurant,83903,48.853808,2.324386,Paris,Le Pain Quotidien - Varenne,,,,http://tour-pedia.org/api/getPlaceDetails?id=83903,http://tour-pedia.org/api/getReviewsByPlaceId?placeId=83903
"97 Rue Montmartre, Paris, France",restaurant,83904,48.868002,2.343505,Paris,La Cantoche Paname,,,,http://tour-pedia.org/api/getPlaceDetails?id=83904,http://tour-pedia.org/api/getReviewsByPlaceId?placeId=83904
"6 Rue Jean du Bellay, Paris 4e arrondissement, France",restaurant,83906,48.852976,2.353678,Paris,Le Saint Régis,,,,http://tour-pedia.org/api/getPlaceDetails?id=83906,http://tour-pedia.org/api/getReviewsByPlaceId?placeId=83906
"19 Rue du Faubourg Montmartre, Paris, France",restaurant,83910,48.872905,2.342975,Paris,La Comete,,,,http://tour-pedia.org/api/getPlaceDetails?id=83910,http://tour-pedia.org/api/getReviewsByPlaceId?placeId=83910
"20 Rue de la Providence, Paris, France",restaurant,83912,48.825976,2.347614,Paris,Suave,,,,http://tour-pedia.org/api/getPlaceDetails?id=83912,http://tour-pedia.org/api/getReviewsByPlaceId?placeId=83912
"4 Place de Clichy, Paris, France",restaurant,83915,48.883307,2.327682,Paris,Starbucks,,,,http://tour-pedia.org/api/getPlaceDetails?id=83915,http://tour-pedia.org/api/getReviewsByPlaceId?placeId=83915
"73 Rue de Rennes, Paris, France",restaurant,83916,48.85084,2.330564,Paris,Café Cassette,,,,http://tour-pedia.org/api/getPlaceDetails?id=83916,http://tour-pedia.org/api/getReviewsByPlaceId?placeId=83916
"4 Rue de Sèze, Paris, France",restaurant,83917,48.870169,2.327477,Paris,Starbucks,,,,http://tour-pedia.org/api/getPlaceDetails?id=83917,http://tour-pedia.org/api/getReviewsByPlaceId?placeId=83917
"47 Cours de Vincennes, Paris, France",restaurant,83921,48.848057,2.404068,Paris,Le Patio,,,,http://tour-pedia.org/api/getPlaceDetails?id=83921,http://tour-pedia.org/api/getReviewsByPlaceId?placeId=83921
"67 Rue du Montparnasse, Paris, France",restaurant,83927,48.841918,2.325565,Paris,Crêperie Josselin,,,,http://tour-pedia.org/api/getPlaceDetails?id=83927,http://tour-pedia.org/api/getReviewsByPlaceId?placeId=83927
"73 Rue Alésia, Paris, France",restaurant,83928,48.827834,2.328706,Paris,Le Verre Siffleur,,,,http://tour-pedia.org/api/getPlaceDetails?id=83928,http://tour-pedia.org/api/getReviewsByPlaceId?placeId=83928
"1 Quai Austerlitz, Paris, France",restaurant,83934,48.837615,2.37345,Paris,Chez Lili et Marcel,,,,http://tour-pedia.org/api/getPlaceDetails?id=83934,http://tour-pedia.org/api/getReviewsByPlaceId?placeId=83934
"2 Avenue du Général Leclerc, Paris, France",restaurant,83935,48.833644,2.331331,Paris,Café du rendez-vous,,,,http://tour-pedia.org/api/getPlaceDetails?id=83935,http://tour-pedia.org/api/getReviewsByPlaceId?placeId=83935
"32 Rue de Picardie, Paris, France",restaurant,83936,48.864391,2.363508,Paris,Café Rouge,,,,http://tour-pedia.org/api/getPlaceDetails?id=83936,http://tour-pedia.org/api/getReviewsByPlaceId?placeId=83936
"72 Boulevard du Montparnasse, Paris, France",restaurant,83937,48.843278,2.325172,Paris,Indiana Café Montparnasse,,,,http://tour-pedia.org/api/getPlaceDetails?id=83937,http://tour-pedia.org/api/getReviewsByPlaceId?placeId=83937
"42 Rue Blomet, Paris, France",restaurant,83939,48.84275,2.30573,Paris,Bong,,,,http://tour-pedia.org/api/getPlaceDetails?id=83939,http://tour-pedia.org/api/getReviewsByPlaceId?placeId=83939
"14 Rue Jean Macé, Paris, France",restaurant,83940,48.853325,2.383317,Paris,Le Pure Cafe,,,,http://tour-pedia.org/api/getPlaceDetails?id=83940,http://tour-pedia.org/api/getReviewsByPlaceId?placeId=83940
"120 Avenue des Champs-Élysées, Paris, France",restaurant,83943,48.872446,2.300229,Paris,Café George V,,,,http://tour-pedia.org/api/getPlaceDetails?id=83943,http://tour-pedia.org/api/getReviewsByPlaceId?placeId=83943
"21 Rue de Turbigo, Paris, France",restaurant,83944,48.864182,2.349991,Paris,Les têtes brûlées,,,,http://tour-pedia.org/api/getPlaceDetails?id=83944,http://tour-pedia.org/api/getReviewsByPlaceId?placeId=83944
"1 Place Saint-Michel, Paris, France",restaurant,83946,48.853559,2.344676,Paris,Le Départ Saint Michel,,,,http://tour-pedia.org/api/getPlaceDetails?id=83946,http://tour-pedia.org/api/getReviewsByPlaceId?placeId=83946
"18 Boulevard de Clichy, Paris, France",restaurant,83951,48.882536,2.337657,Paris,McDonald's,,,,http://tour-pedia.org/api/getPlaceDetails?id=83951,http://tour-pedia.org/api/getReviewsByPlaceId?placeId=83951
"40 rue de londres, Paris, France",restaurant,83952,48.876399,2.326841,Paris,Midoré,,,,http://tour-pedia.org/api/getPlaceDetails?id=83952,http://tour-pedia.org/api/getReviewsByPlaceId?placeId=83952
"15 Place de la Madeleine, Paris, France",restaurant,83955,48.870562,2.32387,Paris,Café Prunier,,,,http://tour-pedia.org/api/getPlaceDetails?id=83955,http://tour-pedia.org/api/getReviewsByPlaceId?placeId=83955
"80 Boulevard Haussmann, Paris, France",restaurant,83956,48.874218,2.324752,Paris,Triadou Haussmann,,,,http://tour-pedia.org/api/getPlaceDetails?id=83956,http://tour-pedia.org/api/getReviewsByPlaceId?placeId=83956
"73 Avenue Marceau, Paris, France",restaurant,83960,48.871018,2.297167,Paris,Comptoir de l'Arc,,,,http://tour-pedia.org/api/getPlaceDetails?id=83960,http://tour-pedia.org/api/getReviewsByPlaceId?placeId=83960
"93 Rue du Bac, Paris, France",restaurant,83961,48.853639,2.323904,Paris,La Pâtisserie des Rêves,,,,http://tour-pedia.org/api/getPlaceDetails?id=83961,http://tour-pedia.org/api/getReviewsByPlaceId?placeId=83961
"24 Boulevard Saint-Michel, Paris, France",restaurant,83964,48.850993,2.342772,Paris,Starbucks,,,,http://tour-pedia.org/api/getPlaceDetails?id=83964,http://tour-pedia.org/api/getReviewsByPlaceId?placeId=83964
"72 Rue Lamarck, Paris, France",restaurant,83968,48.890012,2.338715,Paris,Le refuge,,,,http://tour-pedia.org/api/getPlaceDetails?id=83968,http://tour-pedia.org/api/getReviewsByPlaceId?placeId=83968
"121 Rue Saint-Lazare, Paris, France",restaurant,83969,48.875288,2.325416,Paris,Café Marco Polo,,,,http://tour-pedia.org/api/getPlaceDetails?id=83969,http://tour-pedia.org/api/getReviewsByPlaceId?placeId=83969
"12 Place du Maréchal Juin, Paris, France",restaurant,83976,48.885196,2.296656,Paris,Petrus,,,,http://tour-pedia.org/api/getPlaceDetails?id=83976,http://tour-pedia.org/api/getReviewsByPlaceId?placeId=83976
"118 Rue Monge, Paris, France",restaurant,83977,48.838936,2.350731,Paris,Starbucks,,,,http://tour-pedia.org/api/getPlaceDetails?id=83977,http://tour-pedia.org/api/getReviewsByPlaceId?placeId=83977
"4 Place Tattegrain, Paris, France",restaurant,83980,48.864196,2.272171,Paris,Le Flandrin,,,,http://tour-pedia.org/api/getPlaceDetails?id=83980,http://tour-pedia.org/api/getReviewsByPlaceId?placeId=83980
"3 Rue Quentin-Bauchart, Paris, France",restaurant,83982,48.868976,2.299423,Paris,Le Maxan,,,,http://tour-pedia.org/api/getPlaceDetails?id=83982,http://tour-pedia.org/api/getReviewsByPlaceId?placeId=83982
"20 Rue la Vieuville, Paris, France",restaurant,83984,48.884668,2.340288,Paris,Pomodoro,,,,http://tour-pedia.org/api/getPlaceDetails?id=83984,http://tour-pedia.org/api/getReviewsByPlaceId?placeId=83984
"9 Rue Daguerre, Paris, France",restaurant,83987,48.833544,2.330472,Paris,Daguerre Marée,,,,http://tour-pedia.org/api/getPlaceDetails?id=83987,http://tour-pedia.org/api/getReviewsByPlaceId?placeId=83987
"43-45 Rue de la Roquette, Paris, France",restaurant,83988,48.855493,2.374186,Paris,Blue Elephant,,,,http://tour-pedia.org/api/getPlaceDetails?id=83988,http://tour-pedia.org/api/getReviewsByPlaceId?placeId=83988
"2 Galerie de Nemours, Paris, France",restaurant,83990,48.863085,2.336419,Paris,Le Nemours,,,,http://tour-pedia.org/api/getPlaceDetails?id=83990,http://tour-pedia.org/api/getReviewsByPlaceId?placeId=83990
"2 Place de la Contrescarpe, Paris, France",restaurant,83991,48.844672,2.349473,Paris,Café Delmas,,,,http://tour-pedia.org/api/getPlaceDetails?id=83991,http://tour-pedia.org/api/getReviewsByPlaceId?placeId=83991
"15 Rue Marbeuf, Paris, France",restaurant,83992,48.868102,2.30283,Paris,Le Relais de l'Entrecôte,,,,http://tour-pedia.org/api/getPlaceDetails?id=83992,http://tour-pedia.org/api/getReviewsByPlaceId?placeId=83992
"15 Rue Jules Chaplain, Paris, France",restaurant,83995,48.84272,2.330317,Paris,La Charrette Creole,,,,http://tour-pedia.org/api/getPlaceDetails?id=83995,http://tour-pedia.org/api/getReviewsByPlaceId?placeId=83995
"1 Rue du Jourdain, Paris, France",restaurant,83996,48.87392,2.38938,Paris,Le Zéphyr,,,,http://tour-pedia.org/api/getPlaceDetails?id=83996,http://tour-pedia.org/api/getReviewsByPlaceId?placeId=83996
"12 Place d'Italie, Paris, France",restaurant,83998,48.831199,2.354317,Paris,Café de France,,,,http://tour-pedia.org/api/getPlaceDetails?id=83998,http://tour-pedia.org/api/getReviewsByPlaceId?placeId=83998
"17 Rue Damrémont, Paris, France",restaurant,84000,48.888395,2.332845,Paris,Locanda di Pulcinella,,,,http://tour-pedia.org/api/getPlaceDetails?id=84000,http://tour-pedia.org/api/getReviewsByPlaceId?placeId=84000
"51 Rue de Turbigo, Paris, France",restaurant,84005,48.865454,2.355363,Paris,Café des Arts et Métiers,,,,http://tour-pedia.org/api/getPlaceDetails?id=84005,http://tour-pedia.org/api/getReviewsByPlaceId?placeId=84005
"3 Rue d'Arcole, Paris, France",restaurant,84010,48.854804,2.3502,Paris,Restaurant Le Parvis Notre Dame,,,,http://tour-pedia.org/api/getPlaceDetails?id=84010,http://tour-pedia.org/api/getReviewsByPlaceId?placeId=84010
"7 Square Bolivar, Paris, France",restaurant,84012,48.875816,2.383464,Paris,Jolie Môme,,,,http://tour-pedia.org/api/getPlaceDetails?id=84012,http://tour-pedia.org/api/getReviewsByPlaceId?placeId=84012
"55 Rue des Acacias, Paris, France",restaurant,84013,48.878356,2.293992,Paris,Maison Lacombe,,,,http://tour-pedia.org/api/getPlaceDetails?id=84013,http://tour-pedia.org/api/getReviewsByPlaceId?placeId=84013
"4 Rue Aubry le Boucher, Paris, France",restaurant,84015,48.860385,2.35039,Paris,Starbucks,,,,http://tour-pedia.org/api/getPlaceDetails?id=84015,http://tour-pedia.org/api/getReviewsByPlaceId?placeId=84015
"167 Rue de Rennes, Paris, France",restaurant,84018,48.84454,2.324694,Paris,McDonald's,,,,http://tour-pedia.org/api/getPlaceDetails?id=84018,http://tour-pedia.org/api/getReviewsByPlaceId?placeId=84018
"186 Rue de Grenelle, Paris, France",restaurant,84023,48.857761,2.30601,Paris,Le Roussillon,,,,http://tour-pedia.org/api/getPlaceDetails?id=84023,http://tour-pedia.org/api/getReviewsByPlaceId?placeId=84023
"9 Carrefour de l'Odéon, Paris, France",restaurant,84025,48.851849,2.338862,Paris,Le Comptoir du Relais,,,,http://tour-pedia.org/api/getPlaceDetails?id=84025,http://tour-pedia.org/api/getReviewsByPlaceId?placeId=84025
"98 Rue Michel-Ange, PARIS 16, France",restaurant,84027,48.84049,2.258091,Paris,La Garconniere,,,,http://tour-pedia.org/api/getPlaceDetails?id=84027,http://tour-pedia.org/api/getReviewsByPlaceId?placeId=84027
"108 Rue de la Roquette, Paris, France",restaurant,84029,48.85672,2.378039,Paris,La Fée Verte,,,,http://tour-pedia.org/api/getPlaceDetails?id=84029,http://tour-pedia.org/api/getReviewsByPlaceId?placeId=84029
"4 Place Saint-Germain des Prés, Paris, France",restaurant,84030,48.854661,2.333467,Paris,La Société,,,,http://tour-pedia.org/api/getPlaceDetails?id=84030,http://tour-pedia.org/api/getReviewsByPlaceId?placeId=84030
"111 Rue de Vaugirard, Paris, France",restaurant,84035,48.845159,2.32071,Paris,La Marquise,,,,http://tour-pedia.org/api/getPlaceDetails?id=84035,http://tour-pedia.org/api/getReviewsByPlaceId?placeId=84035
"23 Rue de la Butte aux Cailles, Paris, France",restaurant,84036,48.827606,2.349715,Paris,Le Village de la Butte,,,,http://tour-pedia.org/api/getPlaceDetails?id=84036,http://tour-pedia.org/api/getReviewsByPlaceId?placeId=84036
"5 Place du Maréchal Juin, Paris, France",restaurant,84037,48.884557,2.296848,Paris,La Place,,,,http://tour-pedia.org/api/getPlaceDetails?id=84037,http://tour-pedia.org/api/getReviewsByPlaceId?placeId=84037
"16 Rue Letort, Paris, France",restaurant,84040,48.89442,2.343298,Paris,La Tour de Pise,,,,http://tour-pedia.org/api/getPlaceDetails?id=84040,http://tour-pedia.org/api/getReviewsByPlaceId?placeId=84040
"10 Rue de Buci, Paris, France",restaurant,84041,48.853862,2.337418,Paris,Café Jade,,,,http://tour-pedia.org/api/getPlaceDetails?id=84041,http://tour-pedia.org/api/getReviewsByPlaceId?placeId=84041
"26 Rue Duhesme, Paris, France",restaurant,84046,48.891054,2.339487,Paris,L'etoile de montmartre,,,,http://tour-pedia.org/api/getPlaceDetails?id=84046,http://tour-pedia.org/api/getReviewsByPlaceId?placeId=84046
"57 Boulevard du Montparnasse, Paris, France",restaurant,84050,48.844474,2.322953,Paris,Pizza Pino,,,,http://tour-pedia.org/api/getPlaceDetails?id=84050,http://tour-pedia.org/api/getReviewsByPlaceId?placeId=84050
"59 Rue Lecourbe, Paris, France",restaurant,84051,48.843686,2.3066,Paris,Au Roi Du Café,,,,http://tour-pedia.org/api/getPlaceDetails?id=84051,http://tour-pedia.org/api/getReviewsByPlaceId?placeId=84051
"151 Rue de Tolbiac, Paris, France",restaurant,84052,48.826074,2.357025,Paris,Café Canon,,,,http://tour-pedia.org/api/getPlaceDetails?id=84052,http://tour-pedia.org/api/getReviewsByPlaceId?placeId=84052
"8 Place Victor Hugo, Paris, France",restaurant,84054,48.869888,2.285068,Paris,Scossa,,,,http://tour-pedia.org/api/getPlaceDetails?id=84054,http://tour-pedia.org/api/getReviewsByPlaceId?placeId=84054
"85 Rue des Martyrs, Paris, France",restaurant,84056,48.883442,2.339611,Paris,Le Coryllis,,,,http://tour-pedia.org/api/getPlaceDetails?id=84056,http://tour-pedia.org/api/getReviewsByPlaceId?placeId=84056
"5 Rue du Dragon, Paris, France",restaurant,84058,48.853648,2.331247,Paris,PDG Rive Gauche,,,,http://tour-pedia.org/api/getPlaceDetails?id=84058,http://tour-pedia.org/api/getReviewsByPlaceId?placeId=84058
"27 Rue Bréa, Paris, France",restaurant,84059,48.842422,2.329715,Paris,Villa Borghese,,,,http://tour-pedia.org/api/getPlaceDetails?id=84059,http://tour-pedia.org/api/getReviewsByPlaceId?placeId=84059
"108 Rue de la Convention, Paris, France",restaurant,84060,48.841152,2.287582,Paris,Café Restaurant Le Murmure,,,,http://tour-pedia.org/api/getPlaceDetails?id=84060,http://tour-pedia.org/api/getReviewsByPlaceId?placeId=84060
"97 Rue Avron, Paris, France",restaurant,84062,48.852701,2.406112,Paris,Muget,,,,http://tour-pedia.org/api/getPlaceDetails?id=84062,http://tour-pedia.org/api/getReviewsByPlaceId?placeId=84062
"Rue des Abbesses, Paris, France",restaurant,84065,48.88539,2.335993,Paris,Le Chinon,,,,http://tour-pedia.org/api/getPlaceDetails?id=84065,http://tour-pedia.org/api/getReviewsByPlaceId?placeId=84065
"18 Rue du Bac, Paris, France",restaurant,84066,48.85834,2.328326,Paris,Eric Kayser,,,,http://tour-pedia.org/api/getPlaceDetails?id=84066,http://tour-pedia.org/api/getReviewsByPlaceId?placeId=84066
"30 Rue Bonaparte, Paris, France",restaurant,84067,48.855489,2.333793,Paris,Pré aux Clercs,,,,http://tour-pedia.org/api/getPlaceDetails?id=84067,http://tour-pedia.org/api/getReviewsByPlaceId?placeId=84067
"12-14 Rue du Marché Saint-Honoré, Paris, France",restaurant,84068,48.866352,2.331424,Paris,Nomad's Restaurant,,,,http://tour-pedia.org/api/getPlaceDetails?id=84068,http://tour-pedia.org/api/getReviewsByPlaceId?placeId=84068
"30 Rue Debelleyme, Paris, France",restaurant,84069,48.862013,2.363518,Paris,Rose Bakery,,,,http://tour-pedia.org/api/getPlaceDetails?id=84069,http://tour-pedia.org/api/getReviewsByPlaceId?placeId=84069
"42 Rue Bonaparte, Paris, France",restaurant,84070,48.854566,2.333572,Paris,Le Bonaparte,,,,http://tour-pedia.org/api/getPlaceDetails?id=84070,http://tour-pedia.org/api/getReviewsByPlaceId?placeId=84070
"23 Rue Odessa, Paris, France",restaurant,84072,48.841495,2.324873,Paris,Café de la Place,,,,http://tour-pedia.org/api/getPlaceDetails?id=84072,http://tour-pedia.org/api/getReviewsByPlaceId?placeId=84072
"18 Rue des Archives, Paris, France",restaurant,84073,48.857816,2.354806,Paris,Les Marronniers,,,,http://tour-pedia.org/api/getPlaceDetails?id=84073,http://tour-pedia.org/api/getReviewsByPlaceId?placeId=84073
"166 Boulevard Saint-Germain, Paris, France",restaurant,84076,48.853351,2.335607,Paris,La Rhumerie,,,,http://tour-pedia.org/api/getPlaceDetails?id=84076,http://tour-pedia.org/api/getReviewsByPlaceId?placeId=84076
"29 Rue Delambre, Paris, France",restaurant,84079,48.841517,2.32669,Paris,Le Smoke,,,,http://tour-pedia.org/api/getPlaceDetails?id=84079,http://tour-pedia.org/api/getReviewsByPlaceId?placeId=84079
"32 Rue de Londres, Paris, France",restaurant,84081,48.877611,2.327962,Paris,Le Semaphore,,,,http://tour-pedia.org/api/getPlaceDetails?id=84081,http://tour-pedia.org/api/getReviewsByPlaceId?placeId=84081
"49 Rue de Belleville, Paris, France",restaurant,84086,48.873136,2.380936,Paris,Lao Siam,,,,http://tour-pedia.org/api/getPlaceDetails?id=84086,http://tour-pedia.org/api/getReviewsByPlaceId?placeId=84086
"40 Rue Cler, Paris, France",restaurant,84094,48.856524,2.306438,Paris,Café central,,,,http://tour-pedia.org/api/getPlaceDetails?id=84094,http://tour-pedia.org/api/getReviewsByPlaceId?placeId=84094
"1 Rue Tronchet, Paris, France",restaurant,84096,48.871003,2.324853,Paris,Café Madeleine,,,,http://tour-pedia.org/api/getPlaceDetails?id=84096,http://tour-pedia.org/api/getReviewsByPlaceId?placeId=84096
"67 Rue Bichat, Paris, France",restaurant,84097,48.873552,2.364986,Paris,Pink Flamingo,,,,http://tour-pedia.org/api/getPlaceDetails?id=84097,http://tour-pedia.org/api/getReviewsByPlaceId?placeId=84097
"69 Rue des Gravilliers, Paris, France",restaurant,84102,48.864513,2.354226,Paris,Derrière,,,,http://tour-pedia.org/api/getPlaceDetails?id=84102,http://tour-pedia.org/api/getReviewsByPlaceId?placeId=84102
"71 Boulevard du Montparnasse, Paris, France",restaurant,84103,48.843841,2.324522,Paris,Chez Bébert,,,,http://tour-pedia.org/api/getPlaceDetails?id=84103,http://tour-pedia.org/api/getReviewsByPlaceId?placeId=84103
"68 Avenue de la République, Paris, France",restaurant,84104,48.86454,2.377617,Paris,Barbershop,,,,http://tour-pedia.org/api/getPlaceDetails?id=84104,http://tour-pedia.org/api/getReviewsByPlaceId?placeId=84104
"37 Rue Sainte-Anne, Paris, France",restaurant,84106,48.866385,2.335422,Paris,Sapporo,,,,http://tour-pedia.org/api/getPlaceDetails?id=84106,http://tour-pedia.org/api/getReviewsByPlaceId?placeId=84106
"12 Rue de Boulainvilliers, Paris, France",restaurant,84109,48.853108,2.275941,Paris,A la fontaine,,,,http://tour-pedia.org/api/getPlaceDetails?id=84109,http://tour-pedia.org/api/getReviewsByPlaceId?placeId=84109
"74 Rue de Charonne, Paris, France",restaurant,84111,48.853414,2.380056,Paris,Paris Hanoï,,,,http://tour-pedia.org/api/getPlaceDetails?id=84111,http://tour-pedia.org/api/getReviewsByPlaceId?placeId=84111
"74 Avenue de la Grande Armée, Paris, France",restaurant,84112,48.877272,2.284982,Paris,Il Naturale,,,,http://tour-pedia.org/api/getPlaceDetails?id=84112,http://tour-pedia.org/api/getReviewsByPlaceId?placeId=84112
"28 Rue Vieille du Temple, Paris, France",restaurant,84113,48.857286,2.357462,Paris,Les Philosophes,,,,http://tour-pedia.org/api/getPlaceDetails?id=84113,http://tour-pedia.org/api/getReviewsByPlaceId?placeId=84113
"14 Quai de la Loire, Paris, France",restaurant,84116,48.883854,2.371969,Paris,Café Rozier,,,,http://tour-pedia.org/api/getPlaceDetails?id=84116,http://tour-pedia.org/api/getReviewsByPlaceId?placeId=84116
"4 Place du Trocadéro et du 11 Novembre, Paris, France",restaurant,84117,48.863545,2.287358,Paris,Café Kléber,,,,http://tour-pedia.org/api/getPlaceDetails?id=84117,http://tour-pedia.org/api/getReviewsByPlaceId?placeId=84117
"4 Rue Dupetit-Thouars, Paris, France",restaurant,84121,48.864977,2.362733,Paris,Café Crème,,,,http://tour-pedia.org/api/getPlaceDetails?id=84121,http://tour-pedia.org/api/getReviewsByPlaceId?placeId=84121
"47 Avenue La Bourdonnais, Paris, France",restaurant,84122,48.857697,2.300449,Paris,Café Le Dôme,,,,http://tour-pedia.org/api/getPlaceDetails?id=84122,http://tour-pedia.org/api/getReviewsByPlaceId?placeId=84122
"84 Boulevard du Montparnasse, Paris, France",restaurant,84126,48.842891,2.326366,Paris,Charlie Birdy Montparnasse,,,,http://tour-pedia.org/api/getPlaceDetails?id=84126,http://tour-pedia.org/api/getReviewsByPlaceId?placeId=84126
"87 Rue Saint-Antoine, Paris, France",restaurant,84130,48.854594,2.362546,Paris,Miss Manon Snc,,,,http://tour-pedia.org/api/getPlaceDetails?id=84130,http://tour-pedia.org/api/getReviewsByPlaceId?placeId=84130
"3 Place Victor Hugo, Paris, France",restaurant,84135,48.869457,2.285626,Paris,Petite Marquise La,,,,http://tour-pedia.org/api/getPlaceDetails?id=84135,http://tour-pedia.org/api/getReviewsByPlaceId?placeId=84135
"262 Boulevard Saint-Germain, Paris, France",restaurant,84137,48.859304,2.322609,Paris,Le Solférino,,,,http://tour-pedia.org/api/getPlaceDetails?id=84137,http://tour-pedia.org/api/getReviewsByPlaceId?placeId=84137
"47 Rue du Faubourg Saint-Denis, Paris, France",restaurant,84145,48.871664,2.353529,Paris,Chez Jeannette,,,,http://tour-pedia.org/api/getPlaceDetails?id=84145,http://tour-pedia.org/api/getReviewsByPlaceId?placeId=84145
"102 Quai de Jemmapes, Paris, France",restaurant,84149,48.873494,2.364161,Paris,Hôtel Du Nord,,,,http://tour-pedia.org/api/getPlaceDetails?id=84149,http://tour-pedia.org/api/getReviewsByPlaceId?placeId=84149
"33 Rue de Lyon, Paris, France",restaurant,84153,48.848021,2.371136,Paris,Tarmac,,,,http://tour-pedia.org/api/getPlaceDetails?id=84153,http://tour-pedia.org/api/getReviewsByPlaceId?placeId=84153
"8 Rue de Berri, Paris, France",restaurant,84154,48.872274,2.304033,Paris,The Freedom And Firkin,,,,http://tour-pedia.org/api/getPlaceDetails?id=84154,http://tour-pedia.org/api/getReviewsByPlaceId?placeId=84154
"1 Place Étienne Pernet, Paris, France",restaurant,84157,48.84342,2.293423,Paris,Charlie Birdy,,,,http://tour-pedia.org/api/getPlaceDetails?id=84157,http://tour-pedia.org/api/getReviewsByPlaceId?placeId=84157
"211-213 Boulevard Vincent Auriol, Paris, France",restaurant,84161,48.830802,2.356697,Paris,McDonald's,,,,http://tour-pedia.org/api/getPlaceDetails?id=84161,http://tour-pedia.org/api/getReviewsByPlaceId?placeId=84161
"11 Rue d'Amsterdam, Paris, France",restaurant,84162,48.876314,2.326748,Paris,Starbucks,,,,http://tour-pedia.org/api/getPlaceDetails?id=84162,http://tour-pedia.org/api/getReviewsByPlaceId?placeId=84162
"28 Place Saint-Ferdinand, Paris, France",restaurant,84163,48.878159,2.288328,Paris,La Maison,,,,http://tour-pedia.org/api/getPlaceDetails?id=84163,http://tour-pedia.org/api/getReviewsByPlaceId?placeId=84163
"19 Boulevard Edgar Quinet, Paris, France",restaurant,84164,48.840912,2.323262,Paris,Kamelo,,,,http://tour-pedia.org/api/getPlaceDetails?id=84164,http://tour-pedia.org/api/getReviewsByPlaceId?placeId=84164
"2 Rue Versigny, Paris, France",restaurant,84165,48.894456,2.345312,Paris,La Timbale,,,,http://tour-pedia.org/api/getPlaceDetails?id=84165,http://tour-pedia.org/api/getReviewsByPlaceId?placeId=84165
"64 Rue Charlot, Paris, France",restaurant,84178,48.864045,2.363929,Paris,La Briciola,,,,http://tour-pedia.org/api/getPlaceDetails?id=84178,http://tour-pedia.org/api/getReviewsByPlaceId?placeId=84178
"46 Rue de Buzenval, Paris, France",restaurant,84179,48.85095,2.401924,Paris,Les pères populaires,,,,http://tour-pedia.org/api/getPlaceDetails?id=84179,http://tour-pedia.org/api/getReviewsByPlaceId?placeId=84179
"20 Rue Rosenwald, Paris, France",restaurant,84181,48.833112,2.30572,Paris,Le Grand Pan,,,,http://tour-pedia.org/api/getPlaceDetails?id=84181,http://tour-pedia.org/api/getReviewsByPlaceId?placeId=84181
"24 Rue Caulaincourt, Paris, France",restaurant,84183,48.887488,2.333501,Paris,Le Cafe Qui Parle,,,,http://tour-pedia.org/api/getPlaceDetails?id=84183,http://tour-pedia.org/api/getReviewsByPlaceId?placeId=84183
"5 Rue Claude Bernard, Paris, France",restaurant,84189,48.838716,2.349754,Paris,Café Léa,,,,http://tour-pedia.org/api/getPlaceDetails?id=84189,http://tour-pedia.org/api/getReviewsByPlaceId?placeId=84189
"35 Rue Guersant, Paris, France",restaurant,84193,48.881724,2.28882,Paris,Villa des Ternes,,,,http://tour-pedia.org/api/getPlaceDetails?id=84193,http://tour-pedia.org/api/getReviewsByPlaceId?placeId=84193
"10 Place de Clichy, Paris, France",restaurant,84204,48.883533,2.328205,Paris,McDonald's,,,,http://tour-pedia.org/api/getPlaceDetails?id=84204,http://tour-pedia.org/api/getReviewsByPlaceId?placeId=84204
"116 Boulevard Diderot, Paris, France",restaurant,84205,48.847172,2.386597,Paris,McDonald's,,,,http://tour-pedia.org/api/getPlaceDetails?id=84205,http://tour-pedia.org/api/getReviewsByPlaceId?placeId=84205
"32 Boulevard Poissonnière, Paris, France",restaurant,84212,48.871554,2.343426,Paris,Le Brébant,,,,http://tour-pedia.org/api/getPlaceDetails?id=84212,http://tour-pedia.org/api/getReviewsByPlaceId?placeId=84212
"4 Place Martin Nadaud, Paris, France",restaurant,84214,48.86508,2.394565,Paris,Les Foudres,,,,http://tour-pedia.org/api/getPlaceDetails?id=84214,http://tour-pedia.org/api/getReviewsByPlaceId?placeId=84214
"7 Avenue du Trône, Paris, France",restaurant,84216,48.848388,2.39848,Paris,Chez Prosper,,,,http://tour-pedia.org/api/getPlaceDetails?id=84216,http://tour-pedia.org/api/getReviewsByPlaceId?placeId=84216
"18 Place du Marché Saint-Honoré, Paris, France",restaurant,84217,48.86644,2.331723,Paris,Le Pain Quotidien,,,,http://tour-pedia.org/api/getPlaceDetails?id=84217,http://tour-pedia.org/api/getReviewsByPlaceId?placeId=84217
"111 Rue Monge, Paris, France",restaurant,84220,48.839847,2.351513,Paris,Le Cafe Parisien,,,,http://tour-pedia.org/api/getPlaceDetails?id=84220,http://tour-pedia.org/api/getReviewsByPlaceId?placeId=84220
"39 Rue des Écoles, Paris, France",restaurant,84222,48.848836,2.347305,Paris,La Petite Périgourdine,,,,http://tour-pedia.org/api/getPlaceDetails?id=84222,http://tour-pedia.org/api/getReviewsByPlaceId?placeId=84222
"2 Avenue de Versailles, Paris, France",restaurant,84223,48.851242,2.278213,Paris,Les Ondes,,,,http://tour-pedia.org/api/getPlaceDetails?id=84223,http://tour-pedia.org/api/getReviewsByPlaceId?placeId=84223
"10 Allée du Bord de l'Eau, Paris, France",restaurant,84224,48.863843,2.228749,Paris,Le Galion,,,,http://tour-pedia.org/api/getPlaceDetails?id=84224,http://tour-pedia.org/api/getReviewsByPlaceId?placeId=84224
"30 Rue Péclet, Paris, France",restaurant,84225,48.841807,2.299661,Paris,Le Bistrot le Cap,,,,http://tour-pedia.org/api/getPlaceDetails?id=84225,http://tour-pedia.org/api/getReviewsByPlaceId?placeId=84225
"4 Rue Taine, Paris, France",restaurant,84226,48.83753,2.391712,Paris,L'Inédit Café,,,,http://tour-pedia.org/api/getPlaceDetails?id=84226,http://tour-pedia.org/api/getReviewsByPlaceId?placeId=84226
"66 Rue de la Roquette, Paris, France",restaurant,84228,48.855486,2.37458,Paris,Café des Anges,,,,http://tour-pedia.org/api/getPlaceDetails?id=84228,http://tour-pedia.org/api/getReviewsByPlaceId?placeId=84228
"18 Rue des Dames, Paris, France",restaurant,84229,48.885006,2.32509,Paris,Le Bistrot des Dames,,,,http://tour-pedia.org/api/getPlaceDetails?id=84229,http://tour-pedia.org/api/getReviewsByPlaceId?placeId=84229
"1 Rue des Gâtines, Paris, France",restaurant,84230,48.865114,2.397311,Paris,Futake,,,,http://tour-pedia.org/api/getPlaceDetails?id=84230,http://tour-pedia.org/api/getReviewsByPlaceId?placeId=84230
"11 Rue de Moscou, Paris, France",restaurant,84231,48.880402,2.325266,Paris,Un Bistro en Ville,,,,http://tour-pedia.org/api/getPlaceDetails?id=84231,http://tour-pedia.org/api/getReviewsByPlaceId?placeId=84231
"44 Rue des Moines, Paris, France",restaurant,84236,48.889508,2.320225,Paris,THAI AT HOME - Les Batignolles,,,,http://tour-pedia.org/api/getPlaceDetails?id=84236,http://tour-pedia.org/api/getReviewsByPlaceId?placeId=84236
"6 Rue Armaille, Paris, France",restaurant,84239,48.877406,2.292027,Paris,Caïus,,,,http://tour-pedia.org/api/getPlaceDetails?id=84239,http://tour-pedia.org/api/getReviewsByPlaceId?placeId=84239
"53 Rue des Martyrs, Paris, France",restaurant,84241,48.880362,2.340273,Paris,Le Cul de Poule,,,,http://tour-pedia.org/api/getPlaceDetails?id=84241,http://tour-pedia.org/api/getReviewsByPlaceId?placeId=84241
"63 Boulevard Pasteur, Paris, France",restaurant,84243,48.841113,2.314629,Paris,Des Gâteaux et du Pain,,,,http://tour-pedia.org/api/getPlaceDetails?id=84243,http://tour-pedia.org/api/getReviewsByPlaceId?placeId=84243
"27 Rue d'Athènes, Paris, France",restaurant,84246,48.877989,2.327431,Paris,Le Comptoir de L Europe,,,,http://tour-pedia.org/api/getPlaceDetails?id=84246,http://tour-pedia.org/api/getReviewsByPlaceId?placeId=84246
"50 Rue de Charenton, Paris, France",restaurant,84248,48.849917,2.373834,Paris,Le China,,,,http://tour-pedia.org/api/getPlaceDetails?id=84248,http://tour-pedia.org/api/getReviewsByPlaceId?placeId=84248
"73 Rue du Faubourg Saint-Denis, Paris, France",restaurant,84252,48.872867,2.354286,Paris,Le Napoléon,,,,http://tour-pedia.org/api/getPlaceDetails?id=84252,http://tour-pedia.org/api/getReviewsByPlaceId?placeId=84252
"5 bis Boulevard Exelmans, Paris, France",restaurant,84253,48.83987,2.2664,Paris,Mathusalem (Le),,,,http://tour-pedia.org/api/getPlaceDetails?id=84253,http://tour-pedia.org/api/getReviewsByPlaceId?placeId=84253
"6 Rue des Abbesses, Paris, France",restaurant,84255,48.883978,2.339177,Paris,Le Relais Gascon,,,,http://tour-pedia.org/api/getPlaceDetails?id=84255,http://tour-pedia.org/api/getReviewsByPlaceId?placeId=84255
"32 Avenue George V, Paris, France",restaurant,84257,48.868934,2.301357,Paris,Renoma Café Gallery,,,,http://tour-pedia.org/api/getPlaceDetails?id=84257,http://tour-pedia.org/api/getReviewsByPlaceId?placeId=84257
"6 Rue Descartes, Paris, France",restaurant,84259,48.847183,2.348512,Paris,Le Petit Café,,,,http://tour-pedia.org/api/getPlaceDetails?id=84259,http://tour-pedia.org/api/getReviewsByPlaceId?placeId=84259
"51 Avenue de la Grande Armée, Paris, France",restaurant,84264,48.875982,2.287117,Paris,le touring,,,,http://tour-pedia.org/api/getPlaceDetails?id=84264,http://tour-pedia.org/api/getReviewsByPlaceId?placeId=84264
"106Bis Rue Saint-Lazare, Paris, France",restaurant,84266,48.875295,2.323598,Paris,Starbucks,,,,http://tour-pedia.org/api/getPlaceDetails?id=84266,http://tour-pedia.org/api/getReviewsByPlaceId?placeId=84266
"140 Avenue des Champs-Élysées, Paris, France",restaurant,84267,48.872841,2.298996,Paris,McDonald's,,,,http://tour-pedia.org/api/getPlaceDetails?id=84267,http://tour-pedia.org/api/getReviewsByPlaceId?placeId=84267
"88 Quai de Jemmapes, Paris, France",restaurant,84268,48.872614,2.364869,Paris,Canaletto Caffé,,,,http://tour-pedia.org/api/getPlaceDetails?id=84268,http://tour-pedia.org/api/getReviewsByPlaceId?placeId=84268
"13 Rue Béatrix Dussane, Paris, France",restaurant,84280,48.849773,2.291164,Paris,Le Volant,,,,http://tour-pedia.org/api/getPlaceDetails?id=84280,http://tour-pedia.org/api/getReviewsByPlaceId?placeId=84280
"90 Avenue Parmentier, Paris, France",restaurant,84282,48.865516,2.374537,Paris,Le Plein Soleil,,,,http://tour-pedia.org/api/getPlaceDetails?id=84282,http://tour-pedia.org/api/getReviewsByPlaceId?placeId=84282
"109 Boulevard Voltaire, Paris, France",restaurant,84283,48.857758,2.380595,Paris,Le Cadran Voltaire,,,,http://tour-pedia.org/api/getPlaceDetails?id=84283,http://tour-pedia.org/api/getReviewsByPlaceId?placeId=84283
"13 Rue Claude Bernard, Paris, France",restaurant,84286,48.838905,2.349272,Paris,Le Boulanger de Paris,,,,http://tour-pedia.org/api/getPlaceDetails?id=84286,http://tour-pedia.org/api/getReviewsByPlaceId?placeId=84286
"60-77 Rue Didot, Paris, France",restaurant,84288,48.829622,2.31776,Paris,Les Artistes,,,,http://tour-pedia.org/api/getPlaceDetails?id=84288,http://tour-pedia.org/api/getReviewsByPlaceId?placeId=84288
"26 Rue du Docteur Magnan, Paris, France",restaurant,84289,48.82642,2.359816,Paris,L'Age d'Or,,,,http://tour-pedia.org/api/getPlaceDetails?id=84289,http://tour-pedia.org/api/getReviewsByPlaceId?placeId=84289
"29 Rue Bois le Vent, Paris, France",restaurant,84291,48.857548,2.273918,Paris,Planet sushi Mozart,,,,http://tour-pedia.org/api/getPlaceDetails?id=84291,http://tour-pedia.org/api/getReviewsByPlaceId?placeId=84291
"2 Place Léon Deubel, Paris, France",restaurant,84292,48.837807,2.259455,Paris,Les Caves Angevines,,,,http://tour-pedia.org/api/getPlaceDetails?id=84292,http://tour-pedia.org/api/getReviewsByPlaceId?placeId=84292
"14 Rue des Moines, Paris, France",restaurant,84295,48.887897,2.318656,Paris,FunPizza,,,,http://tour-pedia.org/api/getPlaceDetails?id=84295,http://tour-pedia.org/api/getReviewsByPlaceId?placeId=84295
"122 Rue Caulaincourt, Paris, France",restaurant,84299,48.889736,2.34284,Paris,Francis Labutte,,,,http://tour-pedia.org/api/getPlaceDetails?id=84299,http://tour-pedia.org/api/getReviewsByPlaceId?placeId=84299
"77 Avenue du Général Leclerc, Paris, France",restaurant,84304,48.828234,2.327677,Paris,Dominique saibron,,,,http://tour-pedia.org/api/getPlaceDetails?id=84304,http://tour-pedia.org/api/getReviewsByPlaceId?placeId=84304
"4 Avenue Mac-Mahon, Paris, France",restaurant,84306,48.875382,2.294897,Paris,Café Latéral,,,,http://tour-pedia.org/api/getPlaceDetails?id=84306,http://tour-pedia.org/api/getReviewsByPlaceId?placeId=84306
"25 Rue de la Pompe, Paris, France",restaurant,84310,48.860128,2.274961,Paris,Bon,,,,http://tour-pedia.org/api/getPlaceDetails?id=84310,http://tour-pedia.org/api/getReviewsByPlaceId?placeId=84310
"34 Boulevard des Italiens, Paris, France",restaurant,84318,48.871294,2.335203,Paris,McDonald's,,,,http://tour-pedia.org/api/getPlaceDetails?id=84318,http://tour-pedia.org/api/getReviewsByPlaceId?placeId=84318
"1 Avenue de Versailles, Paris, France",restaurant,84319,48.851156,2.278559,Paris,L'Ogre,,,,http://tour-pedia.org/api/getPlaceDetails?id=84319,http://tour-pedia.org/api/getReviewsByPlaceId?placeId=84319
"1 Cité Bergère, Paris, France",restaurant,84326,48.86906,2.323714,Paris,Le Village,,,,http://tour-pedia.org/api/getPlaceDetails?id=84326,http://tour-pedia.org/api/getReviewsByPlaceId?placeId=84326
"12 Rue de Rome, Paris, France",restaurant,84327,48.874934,2.324857,Paris,hippopotamus,,,,http://tour-pedia.org/api/getPlaceDetails?id=84327,http://tour-pedia.org/api/getReviewsByPlaceId?placeId=84327
"49 Boulevard de la Tour-Maubourg, Paris, France",restaurant,84328,48.858153,2.310176,Paris,La Source,,,,http://tour-pedia.org/api/getPlaceDetails?id=84328,http://tour-pedia.org/api/getReviewsByPlaceId?placeId=84328
"14 Boulevard des Batignolles, Paris, France",restaurant,84330,48.883391,2.32582,Paris,Le Moncey,,,,http://tour-pedia.org/api/getPlaceDetails?id=84330,http://tour-pedia.org/api/getReviewsByPlaceId?placeId=84330
"16 Rue Saint-Sabin, Paris, France",restaurant,84342,48.855528,2.371634,Paris,Café de l'Industrie,,,,http://tour-pedia.org/api/getPlaceDetails?id=84342,http://tour-pedia.org/api/getReviewsByPlaceId?placeId=84342
"26 Rue François Miron, Paris, France",restaurant,84344,48.855788,2.356119,Paris,La Perla,,,,http://tour-pedia.org/api/getPlaceDetails?id=84344,http://tour-pedia.org/api/getReviewsByPlaceId?placeId=84344
"Bercy Village, Cour Saint-Emilion, Paris, France",restaurant,84345,48.83329,2.386645,Paris,Hippopotamus,,,,http://tour-pedia.org/api/getPlaceDetails?id=84345,http://tour-pedia.org/api/getReviewsByPlaceId?placeId=84345
"12 Rue Faidherbe, Paris, France",restaurant,84346,48.851158,2.384181,Paris,Les Funambules,,,,http://tour-pedia.org/api/getPlaceDetails?id=84346,http://tour-pedia.org/api/getReviewsByPlaceId?placeId=84346
"5 Rue de l'Ambroisie, Paris, France",restaurant,84347,48.833891,2.386223,Paris,Starbucks,,,,http://tour-pedia.org/api/getPlaceDetails?id=84347,http://tour-pedia.org/api/getReviewsByPlaceId?placeId=84347
"116 Boulevard Pereire, Paris, France",restaurant,84349,48.885605,2.297756,Paris,Villa Pereire,,,,http://tour-pedia.org/api/getPlaceDetails?id=84349,http://tour-pedia.org/api/getReviewsByPlaceId?placeId=84349
"95 Avenue Niel, Paris, France",restaurant,84350,48.884086,2.296835,Paris,Chez Ly,,,,http://tour-pedia.org/api/getPlaceDetails?id=84350,http://tour-pedia.org/api/getReviewsByPlaceId?placeId=84350
"10 Rue Hégésippe Moreau, Paris, France",restaurant,84351,48.887231,2.327275,Paris,Le Karambole Café,,,,http://tour-pedia.org/api/getPlaceDetails?id=84351,http://tour-pedia.org/api/getReviewsByPlaceId?placeId=84351
"Centre Commercial Forum des Halles, 1 Place de la rotonde, Paris, France",restaurant,84354,48.86157,2.34673,Paris,Starbucks,,,,http://tour-pedia.org/api/getPlaceDetails?id=84354,http://tour-pedia.org/api/getReviewsByPlaceId?placeId=84354
"39 Rue de Bretagne, Paris, France",restaurant,84355,48.863013,2.362044,Paris,L'Estaminet des Enfants Rouges,,,,http://tour-pedia.org/api/getPlaceDetails?id=84355,http://tour-pedia.org/api/getReviewsByPlaceId?placeId=84355
"100 Rue Myrha, Paris, France",restaurant,84358,48.88644,2.347853,Paris,Floors,,,,http://tour-pedia.org/api/getPlaceDetails?id=84358,http://tour-pedia.org/api/getReviewsByPlaceId?placeId=84358
"122 Avenue des Champs-Élysées, Paris, France",restaurant,84360,48.872454,2.300204,Paris,Bistro Romain,,,,http://tour-pedia.org/api/getPlaceDetails?id=84360,http://tour-pedia.org/api/getReviewsByPlaceId?placeId=84360
"Avenue Gustave Eiffel, Paris, France",restaurant,84363,48.858071,2.294211,Paris,Le Jules Verne,,,,http://tour-pedia.org/api/getPlaceDetails?id=84363,http://tour-pedia.org/api/getReviewsByPlaceId?placeId=84363
"35 Rue des Abbesses, Paris, France",restaurant,84378,48.885209,2.336932,Paris,Le Sancerre,,,,http://tour-pedia.org/api/getPlaceDetails?id=84378,http://tour-pedia.org/api/getReviewsByPlaceId?placeId=84378
"22 Rue Paul Bert, Paris, France",restaurant,84382,48.852392,2.384943,Paris,L'Ecailler Du Bistrot,,,,http://tour-pedia.org/api/getPlaceDetails?id=84382,http://tour-pedia.org/api/getReviewsByPlaceId?placeId=84382
"15 Rue Jean Poulmarch, Paris, France",restaurant,84383,48.872715,2.363196,Paris,Fuxia,,,,http://tour-pedia.org/api/getPlaceDetails?id=84383,http://tour-pedia.org/api/getReviewsByPlaceId?placeId=84383
"16 Rue Stephenson, Paris, France",restaurant,84386,48.886097,2.356728,Paris,La Môme,,,,http://tour-pedia.org/api/getPlaceDetails?id=84386,http://tour-pedia.org/api/getReviewsByPlaceId?placeId=84386
"1 Avenue du Général Leclerc, Paris, France",restaurant,84388,48.833576,2.332012,Paris,Indiana café,,,,http://tour-pedia.org/api/getPlaceDetails?id=84388,http://tour-pedia.org/api/getReviewsByPlaceId?placeId=84388
"99 Rue du Théâtre, Paris, France",restaurant,84389,48.846793,2.293889,Paris,Lola,,,,http://tour-pedia.org/api/getPlaceDetails?id=84389,http://tour-pedia.org/api/getReviewsByPlaceId?placeId=84389
"27 Rue de la Colonie, Paris, France",restaurant,84395,48.82489,2.346863,Paris,Chez Papa 13,,,,http://tour-pedia.org/api/getPlaceDetails?id=84395,http://tour-pedia.org/api/getReviewsByPlaceId?placeId=84395
"12 Rue Lepic, Paris, France",restaurant,84396,48.88454,2.333583,Paris,Lux Bar,,,,http://tour-pedia.org/api/getPlaceDetails?id=84396,http://tour-pedia.org/api/getReviewsByPlaceId?placeId=84396
"104 Rue de Charonne, Paris, France",restaurant,84402,48.854503,2.384923,Paris,L'Armagnac Café,,,,http://tour-pedia.org/api/getPlaceDetails?id=84402,http://tour-pedia.org/api/getReviewsByPlaceId?placeId=84402
"29 Rue de Marignan, Paris, France",restaurant,84411,48.869677,2.306447,Paris,Entrecôte de Paris,,,,http://tour-pedia.org/api/getPlaceDetails?id=84411,http://tour-pedia.org/api/getReviewsByPlaceId?placeId=84411
"25 Cour Saint-Emilion, Paris, France",restaurant,84421,48.833282,2.386664,Paris,The Frog at Bercy Village,,,,http://tour-pedia.org/api/getPlaceDetails?id=84421,http://tour-pedia.org/api/getReviewsByPlaceId?placeId=84421
"2 Rue d'Orsel, Paris, France",restaurant,84426,48.883898,2.346729,Paris,McDonald's,,,,http://tour-pedia.org/api/getPlaceDetails?id=84426,http://tour-pedia.org/api/getReviewsByPlaceId?placeId=84426
"15 Place Richard Baret, Paris, France",restaurant,84437,48.883996,2.321946,Paris,Augustin,,,,http://tour-pedia.org/api/getPlaceDetails?id=84437,http://tour-pedia.org/api/getReviewsByPlaceId?placeId=84437
"34 Rue Yves Toudic, Paris, France",restaurant,84440,48.87125,2.362795,Paris,Du Pain et des Idées,,,,http://tour-pedia.org/api/getPlaceDetails?id=84440,http://tour-pedia.org/api/getReviewsByPlaceId?placeId=84440
"07 Avenue de Laumière, Paris, France",restaurant,84442,48.882975,2.381115,Paris,L'Atlantide,,,,http://tour-pedia.org/api/getPlaceDetails?id=84442,http://tour-pedia.org/api/getReviewsByPlaceId?placeId=84442
"32 Rue du Mont Thabor, Paris, France",restaurant,84447,48.866351,2.326723,Paris,Ferdi,,,,http://tour-pedia.org/api/getPlaceDetails?id=84447,http://tour-pedia.org/api/getReviewsByPlaceId?placeId=84447
"46 Rue de Maubeuge, Paris, France",restaurant,84449,48.878374,2.345376,Paris,Odette & Aimé,,,,http://tour-pedia.org/api/getPlaceDetails?id=84449,http://tour-pedia.org/api/getReviewsByPlaceId?placeId=84449
"29 Rue Monge, Paris, France",restaurant,84455,48.846683,2.351743,Paris,Le petit cardinal,,,,http://tour-pedia.org/api/getPlaceDetails?id=84455,http://tour-pedia.org/api/getReviewsByPlaceId?placeId=84455
"2 Rue Sorbier, France",restaurant,84456,48.868687,2.389688,Paris,Entrepot's,,,,http://tour-pedia.org/api/getPlaceDetails?id=84456,http://tour-pedia.org/api/getReviewsByPlaceId?placeId=84456
"192 Rue de la Convention, Paris, France",restaurant,84458,48.837436,2.29555,Paris,McDonald's,,,,http://tour-pedia.org/api/getPlaceDetails?id=84458,http://tour-pedia.org/api/getReviewsByPlaceId?placeId=84458
"22 Rue de la Terrasse, Paris, France",restaurant,84461,48.882608,2.314739,Paris,Le Village Café,,,,http://tour-pedia.org/api/getPlaceDetails?id=84461,http://tour-pedia.org/api/getReviewsByPlaceId?placeId=84461
"18 Rue Odessa, Paris, France",restaurant,84463,48.841909,2.324599,Paris,Creperie Manoir Breton,,,,http://tour-pedia.org/api/getPlaceDetails?id=84463,http://tour-pedia.org/api/getReviewsByPlaceId?placeId=84463
"23 Avenue de Choisy, Paris, France",restaurant,84476,48.821254,2.363497,Paris,Hao Hao,,,,http://tour-pedia.org/api/getPlaceDetails?id=84476,http://tour-pedia.org/api/getReviewsByPlaceId?placeId=84476
"76-80 Avenue du Général Leclerc, Paris, France",restaurant,84478,48.829132,2.327653,Paris,Starbucks,,,,http://tour-pedia.org/api/getPlaceDetails?id=84478,http://tour-pedia.org/api/getReviewsByPlaceId?placeId=84478
"7 Place de l'Alma, Paris, France",restaurant,84482,48.864992,2.301809,Paris,Chez Francis,,,,http://tour-pedia.org/api/getPlaceDetails?id=84482,http://tour-pedia.org/api/getReviewsByPlaceId?placeId=84482
"29 Boulevard des Italiens, Paris, France",restaurant,84488,48.870832,2.334992,Paris,Pizza Hut Opera,,,,http://tour-pedia.org/api/getPlaceDetails?id=84488,http://tour-pedia.org/api/getReviewsByPlaceId?placeId=84488
"6 Avenue du Trône, Paris, France",restaurant,84489,48.847855,2.397821,Paris,Quick de Nation,,,,http://tour-pedia.org/api/getPlaceDetails?id=84489,http://tour-pedia.org/api/getReviewsByPlaceId?placeId=84489
"6 Place de la Nation, Paris, France",restaurant,84490,48.847489,2.39485,Paris,Le Triomphe,,,,http://tour-pedia.org/api/getPlaceDetails?id=84490,http://tour-pedia.org/api/getReviewsByPlaceId?placeId=84490
"22 Rue du Plateau, Paris, France",restaurant,84493,48.878102,2.384088,Paris,Quedubon,,,,http://tour-pedia.org/api/getPlaceDetails?id=84493,http://tour-pedia.org/api/getReviewsByPlaceId?placeId=84493
"30 Boulevard des Italiens, Paris, France",restaurant,84502,48.871317,2.335507,Paris,Paradis du Fruit,,,,http://tour-pedia.org/api/getPlaceDetails?id=84502,http://tour-pedia.org/api/getReviewsByPlaceId?placeId=84502
"6 Rue Gassendi, Paris, France",restaurant,84504,48.835979,2.327409,Paris,Chez Papa,,,,http://tour-pedia.org/api/getPlaceDetails?id=84504,http://tour-pedia.org/api/getReviewsByPlaceId?placeId=84504
"13 Rue de la Butte aux Cailles, Paris, France",restaurant,84507,48.827594,2.350071,Paris,Taverne de la Butte,,,,http://tour-pedia.org/api/getPlaceDetails?id=84507,http://tour-pedia.org/api/getReviewsByPlaceId?placeId=84507
"49 Rue le Marois, Paris, France",restaurant,84508,48.837697,2.259249,Paris,L'Affiche,,,,http://tour-pedia.org/api/getPlaceDetails?id=84508,http://tour-pedia.org/api/getReviewsByPlaceId?placeId=84508
"407 Rue de Vaugirard, Paris, France",restaurant,84511,48.832774,2.28869,Paris,Chez Clément Porte de Versailles,,,,http://tour-pedia.org/api/getPlaceDetails?id=84511,http://tour-pedia.org/api/getReviewsByPlaceId?placeId=84511
"190 Rue de la Convention, Paris, France",restaurant,84515,48.837575,2.295435,Paris,Subway,,,,http://tour-pedia.org/api/getPlaceDetails?id=84515,http://tour-pedia.org/api/getReviewsByPlaceId?placeId=84515
"8 Place Félix Eboué, Paris, France",restaurant,84517,48.839287,2.396072,Paris,Au métro,,,,http://tour-pedia.org/api/getPlaceDetails?id=84517,http://tour-pedia.org/api/getReviewsByPlaceId?placeId=84517
"2 Rue de l'Échelle, Paris, France",restaurant,84520,48.863439,2.334101,Paris,Starbucks,,,,http://tour-pedia.org/api/getPlaceDetails?id=84520,http://tour-pedia.org/api/getReviewsByPlaceId?placeId=84520
"160-162 Avenue de France, Paris, France",restaurant,84522,48.833253,2.374636,Paris,Le Café Bibliothèque,,,,http://tour-pedia.org/api/getPlaceDetails?id=84522,http://tour-pedia.org/api/getReviewsByPlaceId?placeId=84522
"120 Avenue de France, Paris, France",restaurant,84530,48.831002,2.3766,Paris,Brasserie L'Avenue,,,,http://tour-pedia.org/api/getPlaceDetails?id=84530,http://tour-pedia.org/api/getReviewsByPlaceId?placeId=84530
"3 Rue des Rosiers, Paris, France",restaurant,84532,48.856234,2.361052,Paris,Le Loir dans la Théière,,,,http://tour-pedia.org/api/getPlaceDetails?id=84532,http://tour-pedia.org/api/getReviewsByPlaceId?placeId=84532
"185 Rue de Vaugirard, Paris, France",restaurant,84533,48.842691,2.312131,Paris,Pierre Hermé,,,,http://tour-pedia.org/api/getPlaceDetails?id=84533,http://tour-pedia.org/api/getReviewsByPlaceId?placeId=84533
"70 Boulevard Auguste Blanqui, Paris, France",restaurant,84537,48.83032,2.347382,Paris,Havane Café,,,,http://tour-pedia.org/api/getPlaceDetails?id=84537,http://tour-pedia.org/api/getReviewsByPlaceId?placeId=84537
"107 Rue Monge, Paris, France",restaurant,84538,48.840218,2.351721,Paris,La Comedia,,,,http://tour-pedia.org/api/getPlaceDetails?id=84538,http://tour-pedia.org/api/getReviewsByPlaceId?placeId=84538
"67 Rue de Tocqueville, Paris, France",restaurant,84543,48.886437,2.308782,Paris,le Bistrot Tocqueville,,,,http://tour-pedia.org/api/getPlaceDetails?id=84543,http://tour-pedia.org/api/getReviewsByPlaceId?placeId=84543
"1 Rue de Charonne, Paris, France",restaurant,84544,48.852115,2.373836,Paris,Morry's,,,,http://tour-pedia.org/api/getPlaceDetails?id=84544,http://tour-pedia.org/api/getReviewsByPlaceId?placeId=84544
"2 Place Michel Debré, Paris, France",restaurant,84556,48.852233,2.329792,Paris,Bar de la Croix-Rouge,,,,http://tour-pedia.org/api/getPlaceDetails?id=84556,http://tour-pedia.org/api/getReviewsByPlaceId?placeId=84556
"1 Rue d'Avron, Paris, France",restaurant,84559,48.85156,2.398644,Paris,L'Usine Charonne,,,,http://tour-pedia.org/api/getPlaceDetails?id=84559,http://tour-pedia.org/api/getReviewsByPlaceId?placeId=84559
"65 Boulevard de la Villette, Paris, France",restaurant,84560,48.876348,2.371811,Paris,La Maison Bistrot,,,,http://tour-pedia.org/api/getPlaceDetails?id=84560,http://tour-pedia.org/api/getReviewsByPlaceId?placeId=84560
"112 Boulevard du Montparnasse, Paris, France",restaurant,84561,48.841627,2.330136,Paris,Le Bar à Huîtres,,,,http://tour-pedia.org/api/getPlaceDetails?id=84561,http://tour-pedia.org/api/getReviewsByPlaceId?placeId=84561
"46 Avenue de la Bourdonnais, Paris, France",restaurant,84565,48.856872,2.301152,Paris,Au petit Sud Ouest,,,,http://tour-pedia.org/api/getPlaceDetails?id=84565,http://tour-pedia.org/api/getReviewsByPlaceId?placeId=84565
"29 Rue du Docteur Blanche, Paris, France",restaurant,84566,48.853886,2.265514,Paris,Le Brandevin,,,,http://tour-pedia.org/api/getPlaceDetails?id=84566,http://tour-pedia.org/api/getReviewsByPlaceId?placeId=84566
"4 Rue Bayen, Paris, France",restaurant,84568,48.878871,2.295684,Paris,Divay,,,,http://tour-pedia.org/api/getPlaceDetails?id=84568,http://tour-pedia.org/api/getReviewsByPlaceId?placeId=84568
"133 Avenue Victor Hugo, Paris, France",restaurant,84571,48.867601,2.280678,Paris,Le Stella,,,,http://tour-pedia.org/api/getPlaceDetails?id=84571,http://tour-pedia.org/api/getReviewsByPlaceId?placeId=84571
"189 Rue des Pyrénées, Paris, France",restaurant,84578,48.861419,2.4001,Paris,L'Ange Gardien,,,,http://tour-pedia.org/api/getPlaceDetails?id=84578,http://tour-pedia.org/api/getReviewsByPlaceId?placeId=84578
"48 Rue Louis Blanc, Paris, France",restaurant,84585,48.882045,2.363653,Paris,Resto La Bulle,,,,http://tour-pedia.org/api/getPlaceDetails?id=84585,http://tour-pedia.org/api/getReviewsByPlaceId?placeId=84585
"8 Chaussée de la Muette, Paris, France",restaurant,84589,48.858296,2.273593,Paris,Dino,,,,http://tour-pedia.org/api/getPlaceDetails?id=84589,http://tour-pedia.org/api/getReviewsByPlaceId?placeId=84589
"37 Avenue Kléber, Paris, France",restaurant,84595,48.869019,2.291908,Paris,Café Brassac,,,,http://tour-pedia.org/api/getPlaceDetails?id=84595,http://tour-pedia.org/api/getReviewsByPlaceId?placeId=84595
"80 Rue Monge, Paris, France",restaurant,84597,48.842221,2.351932,Paris,Le Foyer Viêtnam,,,,http://tour-pedia.org/api/getPlaceDetails?id=84597,http://tour-pedia.org/api/getReviewsByPlaceId?placeId=84597
"20 Rue Mirabeau, Paris, France",restaurant,84598,48.846715,2.271115,Paris,Sushi Marché,,,,http://tour-pedia.org/api/getPlaceDetails?id=84598,http://tour-pedia.org/api/getReviewsByPlaceId?placeId=84598
"70 Boulevard de Grenelle, Paris, France",restaurant,84599,48.850546,2.29313,Paris,Au Dernier Métro,,,,http://tour-pedia.org/api/getPlaceDetails?id=84599,http://tour-pedia.org/api/getReviewsByPlaceId?placeId=84599
"95 Boulevard Gouvion-Saint-Cyr, Paris, France",restaurant,84600,48.878724,2.284625,Paris,Léon de Bruxelles,,,,http://tour-pedia.org/api/getPlaceDetails?id=84600,http://tour-pedia.org/api/getReviewsByPlaceId?placeId=84600
"19 Rue Beaubourg, Paris, France",restaurant,84601,48.860948,2.352841,Paris,Georges,,,,http://tour-pedia.org/api/getPlaceDetails?id=84601,http://tour-pedia.org/api/getReviewsByPlaceId?placeId=84601
"79 Boulevard de Clichy, Paris, France",restaurant,84606,48.883719,2.328524,Paris,Indiana Café,,,,http://tour-pedia.org/api/getPlaceDetails?id=84606,http://tour-pedia.org/api/getReviewsByPlaceId?placeId=84606
"Rue Montorgueil, Paris, France",restaurant,84607,48.865127,2.346812,Paris,Café Marie Stuart,,,,http://tour-pedia.org/api/getPlaceDetails?id=84607,http://tour-pedia.org/api/getReviewsByPlaceId?placeId=84607
"24 Rue Cail, Paris, France",restaurant,84609,48.882915,2.359762,Paris,Krishna Bhavan,,,,http://tour-pedia.org/api/getPlaceDetails?id=84609,http://tour-pedia.org/api/getReviewsByPlaceId?placeId=84609
"67 Avenue de la Motte-Picquet, Paris, France",restaurant,84610,48.849183,2.298328,Paris,Café Le Pierrot,,,,http://tour-pedia.org/api/getPlaceDetails?id=84610,http://tour-pedia.org/api/getReviewsByPlaceId?placeId=84610
"20 Rue de la Roquette, Paris, France",restaurant,84612,48.853882,2.371056,Paris,Quick,,,,http://tour-pedia.org/api/getPlaceDetails?id=84612,http://tour-pedia.org/api/getReviewsByPlaceId?placeId=84612
"1 Rue Joseph de Maistre, Paris, France",restaurant,84613,48.886045,2.334361,Paris,Le Repaire de Bacchus,,,,http://tour-pedia.org/api/getPlaceDetails?id=84613,http://tour-pedia.org/api/getReviewsByPlaceId?placeId=84613
"27 Avenue Corentin Cariou, Paris, France",restaurant,84618,48.896903,2.384516,Paris,Moussa l'Africain,,,,http://tour-pedia.org/api/getPlaceDetails?id=84618,http://tour-pedia.org/api/getReviewsByPlaceId?placeId=84618
"8 Boulevard Saint-Michel, Paris, France",restaurant,84634,48.852687,2.343536,Paris,Le Lutèce,,,,http://tour-pedia.org/api/getPlaceDetails?id=84634,http://tour-pedia.org/api/getReviewsByPlaceId?placeId=84634
"10 Place de la Bataille de Stalingrad, Paris, France",restaurant,84636,48.883799,2.370697,Paris,25° Est,,,,http://tour-pedia.org/api/getPlaceDetails?id=84636,http://tour-pedia.org/api/getReviewsByPlaceId?placeId=84636
"2 Avenue de Lamballe, Paris, France",restaurant,84638,48.854634,2.283069,Paris,Le Tournesol,,,,http://tour-pedia.org/api/getPlaceDetails?id=84638,http://tour-pedia.org/api/getReviewsByPlaceId?placeId=84638
"59 Rue de Mouzaïa, Paris, France",restaurant,84640,48.88046,2.396036,Paris,Aux Petits Joueurs,,,,http://tour-pedia.org/api/getPlaceDetails?id=84640,http://tour-pedia.org/api/getReviewsByPlaceId?placeId=84640
"397 Rue de Vaugirard, Paris 15e arrondissement, France",restaurant,84642,48.833778,2.290193,Paris,Autour de,,,,http://tour-pedia.org/api/getPlaceDetails?id=84642,http://tour-pedia.org/api/getReviewsByPlaceId?placeId=84642
"59 Avenue Mozart, Paris, France",restaurant,84648,48.85462,2.269497,Paris,Bô Zinc (Le),,,,http://tour-pedia.org/api/getPlaceDetails?id=84648,http://tour-pedia.org/api/getReviewsByPlaceId?placeId=84648
"93 Rue Julien Lacroix, Paris, France",restaurant,84653,48.872343,2.382362,Paris,Krung Thep,,,,http://tour-pedia.org/api/getPlaceDetails?id=84653,http://tour-pedia.org/api/getReviewsByPlaceId?placeId=84653
"77 Avenue des Ternes, Paris 17e arrondissement, France",restaurant,84657,48.879615,2.289546,Paris,La Casa Di Sergio,,,,http://tour-pedia.org/api/getPlaceDetails?id=84657,http://tour-pedia.org/api/getReviewsByPlaceId?placeId=84657
"25 Avenue des Gobelins, Paris, France",restaurant,84659,48.836669,2.352081,Paris,Café Canon des Gobelins,,,,http://tour-pedia.org/api/getPlaceDetails?id=84659,http://tour-pedia.org/api/getReviewsByPlaceId?placeId=84659
"28 Rue Pierre Fontaine, Paris, France",restaurant,84663,48.882388,2.333634,Paris,Black pearl,,,,http://tour-pedia.org/api/getPlaceDetails?id=84663,http://tour-pedia.org/api/getReviewsByPlaceId?placeId=84663
"129 Avenue de Choisy, Paris, France",restaurant,84670,48.826673,2.359383,Paris,La Papaye Verte,,,,http://tour-pedia.org/api/getPlaceDetails?id=84670,http://tour-pedia.org/api/getReviewsByPlaceId?placeId=84670
"69 Rue des Dames, Paris, France",restaurant,84674,48.883603,2.320697,Paris,Ripaille,,,,http://tour-pedia.org/api/getPlaceDetails?id=84674,http://tour-pedia.org/api/getReviewsByPlaceId?placeId=84674
"51 Avenue de la Motte-Picquet, Paris, France",restaurant,84676,48.85029,2.300006,Paris,Le Père Claude,,,,http://tour-pedia.org/api/getPlaceDetails?id=84676,http://tour-pedia.org/api/getReviewsByPlaceId?placeId=84676
"41 Avenue Montaigne, Paris, France",restaurant,84677,48.867198,2.306245,Paris,L'Avenue,,,,http://tour-pedia.org/api/getPlaceDetails?id=84677,http://tour-pedia.org/api/getReviewsByPlaceId?placeId=84677
"71 Boulevard du Montparnasse, Paris, France",restaurant,84680,48.843792,2.324679,Paris,La Consigne,,,,http://tour-pedia.org/api/getPlaceDetails?id=84680,http://tour-pedia.org/api/getReviewsByPlaceId?placeId=84680
"35 Rue Sibuet, Paris, France",restaurant,84681,48.843437,2.402186,Paris,Le Picotin,,,,http://tour-pedia.org/api/getPlaceDetails?id=84681,http://tour-pedia.org/api/getReviewsByPlaceId?placeId=84681
"57 Rue Lacépède, Paris, France",restaurant,84683,48.844293,2.349586,Paris,La Contrescarpe,,,,http://tour-pedia.org/api/getPlaceDetails?id=84683,http://tour-pedia.org/api/getReviewsByPlaceId?placeId=84683
"197 Boulevard Brune, Paris, France",restaurant,84686,48.823543,2.324707,Paris,Auto Passion Café,,,,http://tour-pedia.org/api/getPlaceDetails?id=84686,http://tour-pedia.org/api/getReviewsByPlaceId?placeId=84686
"32 Avenue de Choisy, Paris, France",restaurant,84689,48.822221,2.363169,Paris,Impérial Choisy,,,,http://tour-pedia.org/api/getPlaceDetails?id=84689,http://tour-pedia.org/api/getReviewsByPlaceId?placeId=84689
"41 Avenue de la République, Paris, France",restaurant,84692,48.865324,2.37495,Paris,Les Anémones,,,,http://tour-pedia.org/api/getPlaceDetails?id=84692,http://tour-pedia.org/api/getReviewsByPlaceId?placeId=84692
"144 Rue Mouffetard, Paris, France",restaurant,84695,48.839231,2.34986,Paris,Cave La Bourgogne,,,,http://tour-pedia.org/api/getPlaceDetails?id=84695,http://tour-pedia.org/api/getReviewsByPlaceId?placeId=84695
"105 Boulevard du Montparnasse, Paris, France",restaurant,84696,48.842345,2.329172,Paris,La Rotonde,,,,http://tour-pedia.org/api/getPlaceDetails?id=84696,http://tour-pedia.org/api/getReviewsByPlaceId?placeId=84696
"102 Rue de Charonne, Paris, France",restaurant,84710,48.854367,2.384485,Paris,La Baraque,,,,http://tour-pedia.org/api/getPlaceDetails?id=84710,http://tour-pedia.org/api/getReviewsByPlaceId?placeId=84710
"11 Boulevard de Sébastopol, Paris, France",restaurant,84711,48.858918,2.348207,Paris,Starbucks,,,,http://tour-pedia.org/api/getPlaceDetails?id=84711,http://tour-pedia.org/api/getReviewsByPlaceId?placeId=84711
"1 Avenue Jean Jaurès, Paris, France",restaurant,84713,48.883076,2.370876,Paris,Le Jaurès Café,,,,http://tour-pedia.org/api/getPlaceDetails?id=84713,http://tour-pedia.org/api/getReviewsByPlaceId?placeId=84713
"23 Boulevard des Italiens, Paris, France",restaurant,84717,48.871092,2.335862,Paris,Moutarde street,,,,http://tour-pedia.org/api/getPlaceDetails?id=84717,http://tour-pedia.org/api/getReviewsByPlaceId?placeId=84717
"103 Avenue des Ternes, Paris, France",restaurant,84726,48.880606,2.285446,Paris,Le Ballon des Ternes,,,,http://tour-pedia.org/api/getPlaceDetails?id=84726,http://tour-pedia.org/api/getReviewsByPlaceId?placeId=84726
"2 Boulevard Poissonnière, Paris, France",restaurant,84730,48.870882,2.347777,Paris,McDonald's,,,,http://tour-pedia.org/api/getPlaceDetails?id=84730,http://tour-pedia.org/api/getReviewsByPlaceId?placeId=84730
"6 Rue de la Chapelle, Paris, France",restaurant,84737,48.890634,2.360205,Paris,McDonald's,,,,http://tour-pedia.org/api/getPlaceDetails?id=84737,http://tour-pedia.org/api/getReviewsByPlaceId?placeId=84737
"24 Boulevard Masséna, Paris, France",restaurant,84738,48.823143,2.37399,Paris,Lao Viet,,,,http://tour-pedia.org/api/getPlaceDetails?id=84738,http://tour-pedia.org/api/getReviewsByPlaceId?placeId=84738
"Bois de Vincennes, Paris, France",restaurant,84740,48.830455,2.413378,Paris,Chalet des Iles Daumesnil,,,,http://tour-pedia.org/api/getPlaceDetails?id=84740,http://tour-pedia.org/api/getReviewsByPlaceId?placeId=84740
"10 Avenue Richerand, Paris, France",restaurant,84742,48.872136,2.366186,Paris,Le Cambodge,,,,http://tour-pedia.org/api/getPlaceDetails?id=84742,http://tour-pedia.org/api/getReviewsByPlaceId?placeId=84742
"30 Place de la Nation, Paris, France",restaurant,84743,48.847826,2.397433,Paris,Le Dalou,,,,http://tour-pedia.org/api/getPlaceDetails?id=84743,http://tour-pedia.org/api/getReviewsByPlaceId?placeId=84743
"3 Avenue de la Grande Armée, Paris, France",restaurant,84744,48.874172,2.292445,Paris,La Grande Armée,,,,http://tour-pedia.org/api/getPlaceDetails?id=84744,http://tour-pedia.org/api/getReviewsByPlaceId?placeId=84744
"12 Rue des Envierges, Paris, France",restaurant,84746,48.871606,2.386437,Paris,Le Vieux Belleville,,,,http://tour-pedia.org/api/getPlaceDetails?id=84746,http://tour-pedia.org/api/getReviewsByPlaceId?placeId=84746
"77 Avenue du Maine, Paris, France",restaurant,84749,48.838389,2.322826,Paris,Indiana Club - Maine,,,,http://tour-pedia.org/api/getPlaceDetails?id=84749,http://tour-pedia.org/api/getReviewsByPlaceId?placeId=84749
"3 Rue de la Gaité, Paris, France",restaurant,84750,48.840106,2.324079,Paris,Le Plomb du Cantal,,,,http://tour-pedia.org/api/getPlaceDetails?id=84750,http://tour-pedia.org/api/getReviewsByPlaceId?placeId=84750
"99 Boulevard de Montmorency, Paris, France",restaurant,84753,48.848557,2.260698,Paris,Le Beaujolais d'Auteuil,,,,http://tour-pedia.org/api/getPlaceDetails?id=84753,http://tour-pedia.org/api/getReviewsByPlaceId?placeId=84753
"43 Rue de Cîteaux, Paris, France",restaurant,84755,48.84993,2.381139,Paris,L'Ebauchoir,,,,http://tour-pedia.org/api/getPlaceDetails?id=84755,http://tour-pedia.org/api/getReviewsByPlaceId?placeId=84755
"211 Rue de Tolbiac, Paris, France",restaurant,84756,48.825585,2.347638,Paris,La Montagne d'Or,,,,http://tour-pedia.org/api/getPlaceDetails?id=84756,http://tour-pedia.org/api/getReviewsByPlaceId?placeId=84756
"13 Rue Philibert Lucot, Paris, France",restaurant,84759,48.822096,2.361306,Paris,Pho Tai,,,,http://tour-pedia.org/api/getPlaceDetails?id=84759,http://tour-pedia.org/api/getReviewsByPlaceId?placeId=84759
"2 B Rue des Écoles, Paris 5e arrondissement, France",restaurant,84760,48.8477,2.352327,Paris,2 Bis Café,,,,http://tour-pedia.org/api/getPlaceDetails?id=84760,http://tour-pedia.org/api/getReviewsByPlaceId?placeId=84760
"83 Rue Lepic, Paris, France",restaurant,84763,48.887351,2.337196,Paris,Moulin de la Galette,,,,http://tour-pedia.org/api/getPlaceDetails?id=84763,http://tour-pedia.org/api/getReviewsByPlaceId?placeId=84763
"38 Rue Nationale, Paris, France",restaurant,84768,48.824342,2.3681,Paris,Pho Bida Viet Nam,,,,http://tour-pedia.org/api/getPlaceDetails?id=84768,http://tour-pedia.org/api/getReviewsByPlaceId?placeId=84768
"9 bis Boulevard Poissonnière, Paris, France",restaurant,84774,48.870819,2.346273,Paris,La croissanterie,,,,http://tour-pedia.org/api/getPlaceDetails?id=84774,http://tour-pedia.org/api/getReviewsByPlaceId?placeId=84774
"72 Rue Didot, Paris, France",restaurant,84775,48.8291,2.316937,Paris,Jeroboam,,,,http://tour-pedia.org/api/getPlaceDetails?id=84775,http://tour-pedia.org/api/getReviewsByPlaceId?placeId=84775
"19 Rue Soufflot, Paris, France",restaurant,84777,48.847062,2.34147,Paris,La Gueuze,,,,http://tour-pedia.org/api/getPlaceDetails?id=84777,http://tour-pedia.org/api/getReviewsByPlaceId?placeId=84777
"3 Place de Passy, Paris, France",restaurant,84778,48.857694,2.277882,Paris,Brasserie Aéro,,,,http://tour-pedia.org/api/getPlaceDetails?id=84778,http://tour-pedia.org/api/getReviewsByPlaceId?placeId=84778
"24 Rue Saint-Augustin, Paris, France",restaurant,84780,48.86892,2.334939,Paris,Kintaro,,,,http://tour-pedia.org/api/getPlaceDetails?id=84780,http://tour-pedia.org/api/getReviewsByPlaceId?placeId=84780
"35 Avenue des Ternes, Paris, France",restaurant,84787,48.878572,2.29414,Paris,A l'orée des Champs,,,,http://tour-pedia.org/api/getPlaceDetails?id=84787,http://tour-pedia.org/api/getReviewsByPlaceId?placeId=84787
"Place Léon Blum, Paris, France",restaurant,84788,48.857543,2.380268,Paris,McDonald's,,,,http://tour-pedia.org/api/getPlaceDetails?id=84788,http://tour-pedia.org/api/getReviewsByPlaceId?placeId=84788
"9 Rue L' Ambroisie, Paris, France",restaurant,84789,48.83385,2.385911,Paris,Le Cafe de Pauline,,,,http://tour-pedia.org/api/getPlaceDetails?id=84789,http://tour-pedia.org/api/getReviewsByPlaceId?placeId=84789
"97 Avenue Ivry, Paris, France",restaurant,84790,48.825012,2.362113,Paris,Pho Mui,,,,http://tour-pedia.org/api/getPlaceDetails?id=84790,http://tour-pedia.org/api/getReviewsByPlaceId?placeId=84790
"4 Avenue de Villiers, Paris, France",restaurant,84805,48.881626,2.315721,Paris,Café Monceau,,,,http://tour-pedia.org/api/getPlaceDetails?id=84805,http://tour-pedia.org/api/getReviewsByPlaceId?placeId=84805
"6 Place Edmond Rostand, Paris, France",restaurant,84806,48.847717,2.340232,Paris,Le Rostand,,,,http://tour-pedia.org/api/getPlaceDetails?id=84806,http://tour-pedia.org/api/getReviewsByPlaceId?placeId=84806
"10 Place de Clichy, Paris, France",restaurant,84811,48.88365,2.328403,Paris,KFC,,,,http://tour-pedia.org/api/getPlaceDetails?id=84811,http://tour-pedia.org/api/getReviewsByPlaceId?placeId=84811
"31 Rue Lepic, Paris, France",restaurant,84813,48.885594,2.33439,Paris,Berko,,,,http://tour-pedia.org/api/getPlaceDetails?id=84813,http://tour-pedia.org/api/getReviewsByPlaceId?placeId=84813
"145 Quai de Valmy, Paris, France",restaurant,84816,48.87761,2.365158,Paris,Le Valmy,,,,http://tour-pedia.org/api/getPlaceDetails?id=84816,http://tour-pedia.org/api/getReviewsByPlaceId?placeId=84816
"92 Boulevard de Courcelles, Paris, France",restaurant,84823,48.879435,2.303661,Paris,Le Courcelles,,,,http://tour-pedia.org/api/getPlaceDetails?id=84823,http://tour-pedia.org/api/getReviewsByPlaceId?placeId=84823
"1 Place de Mexico, Paris 16e, France",restaurant,84825,48.865386,2.283013,Paris,Di Vino,,,,http://tour-pedia.org/api/getPlaceDetails?id=84825,http://tour-pedia.org/api/getReviewsByPlaceId?placeId=84825
"81 Rue Alésia, Paris, France",restaurant,84827,48.827751,2.327762,Paris,Canteen Bus Alésia,,,,http://tour-pedia.org/api/getPlaceDetails?id=84827,http://tour-pedia.org/api/getReviewsByPlaceId?placeId=84827
"68 Avenue Kléber, Paris, France",restaurant,84828,48.867835,2.290368,Paris,Corner Café,,,,http://tour-pedia.org/api/getPlaceDetails?id=84828,http://tour-pedia.org/api/getReviewsByPlaceId?placeId=84828
"100 Rue Monge, Paris, France",restaurant,84831,48.840303,2.351477,Paris,Le comptoir des Arts,,,,http://tour-pedia.org/api/getPlaceDetails?id=84831,http://tour-pedia.org/api/getReviewsByPlaceId?placeId=84831
"163 Rue Saint-Honoré, Paris, France",restaurant,84832,48.863477,2.334902,Paris,Higuma,,,,http://tour-pedia.org/api/getPlaceDetails?id=84832,http://tour-pedia.org/api/getReviewsByPlaceId?placeId=84832
"213 Boulevard Vincent Auriol, Paris, France",restaurant,84833,48.830805,2.356715,Paris,KFC,,,,http://tour-pedia.org/api/getPlaceDetails?id=84833,http://tour-pedia.org/api/getReviewsByPlaceId?placeId=84833
"63 Rue Falguière, Paris, France",restaurant,84834,48.840695,2.313124,Paris,Aux Artistes,,,,http://tour-pedia.org/api/getPlaceDetails?id=84834,http://tour-pedia.org/api/getReviewsByPlaceId?placeId=84834
"39 Rue des Plantes, Paris, France",restaurant,84838,48.828582,2.322196,Paris,Les Petits Plats,,,,http://tour-pedia.org/api/getPlaceDetails?id=84838,http://tour-pedia.org/api/getReviewsByPlaceId?placeId=84838
"29 Rue Cler, Paris, France",restaurant,84839,48.857427,2.306153,Paris,Le Petit Cler,,,,http://tour-pedia.org/api/getPlaceDetails?id=84839,http://tour-pedia.org/api/getReviewsByPlaceId?placeId=84839
"13 Rue d'Avron, Paris, France",restaurant,84841,48.851579,2.399303,Paris,Chez Younice Restaurant Marocain,,,,http://tour-pedia.org/api/getPlaceDetails?id=84841,http://tour-pedia.org/api/getReviewsByPlaceId?placeId=84841
"42 Allée Vivaldi, Paris, France",restaurant,84843,48.841948,2.389709,Paris,Jodhpur Palace,,,,http://tour-pedia.org/api/getPlaceDetails?id=84843,http://tour-pedia.org/api/getReviewsByPlaceId?placeId=84843
"237 Rue du Faubourg Saint-Honoré, Paris, France",restaurant,84853,48.877481,2.298609,Paris,Indiana Ternes,,,,http://tour-pedia.org/api/getPlaceDetails?id=84853,http://tour-pedia.org/api/getReviewsByPlaceId?placeId=84853
"9 Place des Vosges, Paris, France",restaurant,84854,48.855391,2.364392,Paris,L'Ambroisie,,,,http://tour-pedia.org/api/getPlaceDetails?id=84854,http://tour-pedia.org/api/getReviewsByPlaceId?placeId=84854
"19 Place de la République, Paris, France",restaurant,84856,48.867694,2.362476,Paris,McDonald's,,,,http://tour-pedia.org/api/getPlaceDetails?id=84856,http://tour-pedia.org/api/getReviewsByPlaceId?placeId=84856
"50 Bis Rue Marx Dormoy, Paris, France",restaurant,84864,48.887952,2.360043,Paris,Restaurant Les Routiers,,,,http://tour-pedia.org/api/getPlaceDetails?id=84864,http://tour-pedia.org/api/getReviewsByPlaceId?placeId=84864
"16 Rue des Ecouffes, Paris, France",restaurant,84866,48.85696,2.358746,Paris,Schwartz's,,,,http://tour-pedia.org/api/getPlaceDetails?id=84866,http://tour-pedia.org/api/getReviewsByPlaceId?placeId=84866
"50 Rue de la Villette, Paris, France",restaurant,84868,48.87698,2.387912,Paris,L'Escargot,,,,http://tour-pedia.org/api/getPlaceDetails?id=84868,http://tour-pedia.org/api/getReviewsByPlaceId?placeId=84868
"199 Rue de Grenelle, Paris, France",restaurant,84869,48.856306,2.302898,Paris,Gusto Italia,,,,http://tour-pedia.org/api/getPlaceDetails?id=84869,http://tour-pedia.org/api/getReviewsByPlaceId?placeId=84869
"22 Rue Duban, Paris, France",restaurant,84872,48.857617,2.277686,Paris,McDonald's,,,,http://tour-pedia.org/api/getPlaceDetails?id=84872,http://tour-pedia.org/api/getReviewsByPlaceId?placeId=84872
"24 Rue des Abbesses, Paris, France",restaurant,84877,48.884882,2.337777,Paris,Coquelicot,,,,http://tour-pedia.org/api/getPlaceDetails?id=84877,http://tour-pedia.org/api/getReviewsByPlaceId?placeId=84877
"2 Boulevard Hôpital, Paris, France",restaurant,84878,48.843078,2.363709,Paris,McDonald's,,,,http://tour-pedia.org/api/getPlaceDetails?id=84878,http://tour-pedia.org/api/getReviewsByPlaceId?placeId=84878
"25 Rue Boissy d'Anglas, Paris, France",restaurant,84879,48.869241,2.322006,Paris,Bread & Roses,,,,http://tour-pedia.org/api/getPlaceDetails?id=84879,http://tour-pedia.org/api/getReviewsByPlaceId?placeId=84879
"35 Rue de Belleville, Paris, France",restaurant,84885,48.873019,2.379603,Paris,Le Pacifique,,,,http://tour-pedia.org/api/getPlaceDetails?id=84885,http://tour-pedia.org/api/getReviewsByPlaceId?placeId=84885
"19 Chaussée de la Muette, Paris, France",restaurant,84887,48.858153,2.272354,Paris,La Gare,,,,http://tour-pedia.org/api/getPlaceDetails?id=84887,http://tour-pedia.org/api/getReviewsByPlaceId?placeId=84887
"132 Rue de Tolbiac, Paris, France",restaurant,84892,48.826254,2.3587,Paris,Paradis Thai,,,,http://tour-pedia.org/api/getPlaceDetails?id=84892,http://tour-pedia.org/api/getReviewsByPlaceId?placeId=84892
"108 Boulevard du Montparnasse, Paris, France",restaurant,84893,48.841994,2.329153,Paris,Le Dôme Café,,,,http://tour-pedia.org/api/getPlaceDetails?id=84893,http://tour-pedia.org/api/getReviewsByPlaceId?placeId=84893
"15 Avenue de Choisy, Paris, France",restaurant,84894,48.820957,2.363636,Paris,Tricotin,,,,http://tour-pedia.org/api/getPlaceDetails?id=84894,http://tour-pedia.org/api/getReviewsByPlaceId?placeId=84894
"25 Rue de Buci, Paris, France",restaurant,84899,48.853621,2.336586,Paris,Germain,,,,http://tour-pedia.org/api/getPlaceDetails?id=84899,http://tour-pedia.org/api/getReviewsByPlaceId?placeId=84899
"9 Boulevard de Denain, Paris, France",restaurant,84900,48.879682,2.354359,Paris,Buffalo Grill,,,,http://tour-pedia.org/api/getPlaceDetails?id=84900,http://tour-pedia.org/api/getReviewsByPlaceId?placeId=84900
"8 Avenue de Taillebourg, Paris, France",restaurant,84902,48.849778,2.3981,Paris,Khun Akorn,,,,http://tour-pedia.org/api/getPlaceDetails?id=84902,http://tour-pedia.org/api/getReviewsByPlaceId?placeId=84902
"17 Rue des Batignolles, Paris, France",restaurant,84908,48.8842,2.321583,Paris,Terrasse 17,,,,http://tour-pedia.org/api/getPlaceDetails?id=84908,http://tour-pedia.org/api/getReviewsByPlaceId?placeId=84908
"101 Rue Chevaleret, Paris, France",restaurant,84916,48.830495,2.374868,Paris,L'Arobase,,,,http://tour-pedia.org/api/getPlaceDetails?id=84916,http://tour-pedia.org/api/getReviewsByPlaceId?placeId=84916
"4 Rue Violet, Paris, France",restaurant,84920,48.84966,2.294682,Paris,Darai,,,,http://tour-pedia.org/api/getPlaceDetails?id=84920,http://tour-pedia.org/api/getReviewsByPlaceId?placeId=84920
"25 Rue de Dunkerque, Paris, France",restaurant,84928,48.880006,2.353863,Paris,McDonald's France,,,,http://tour-pedia.org/api/getPlaceDetails?id=84928,http://tour-pedia.org/api/getReviewsByPlaceId?placeId=84928
"46 Avenue de Wagram, Paris, France",restaurant,84930,48.877764,2.29827,Paris,Hippopotamus,,,,http://tour-pedia.org/api/getPlaceDetails?id=84930,http://tour-pedia.org/api/getReviewsByPlaceId?placeId=84930
"43 Rue des Abbesses, Paris, France",restaurant,84933,48.885246,2.336351,Paris,La Cave des Abbesses,,,,http://tour-pedia.org/api/getPlaceDetails?id=84933,http://tour-pedia.org/api/getReviewsByPlaceId?placeId=84933
"24 Rue de Turenne, Paris, France",restaurant,84946,48.85656,2.36442,Paris,Le Royal Turenne,,,,http://tour-pedia.org/api/getPlaceDetails?id=84946,http://tour-pedia.org/api/getReviewsByPlaceId?placeId=84946
"17 Rue de la Roquette, Paris, France",restaurant,84952,48.854541,2.371724,Paris,La rotonde bastille,,,,http://tour-pedia.org/api/getPlaceDetails?id=84952,http://tour-pedia.org/api/getReviewsByPlaceId?placeId=84952
"1 Rue du Faubourg Saint-Antoine, Paris, France",restaurant,84960,48.853281,2.370536,Paris,Café Rey Bastille,,,,http://tour-pedia.org/api/getPlaceDetails?id=84960,http://tour-pedia.org/api/getReviewsByPlaceId?placeId=84960
"12 Boulevard de Denain, Paris, France",restaurant,84964,48.879646,2.354734,Paris,Au Baroudeur Patient,,,,http://tour-pedia.org/api/getPlaceDetails?id=84964,http://tour-pedia.org/api/getReviewsByPlaceId?placeId=84964
"14 Rue Rampon, Paris, France",restaurant,84967,48.866282,2.368038,Paris,Ossek Garden,,,,http://tour-pedia.org/api/getPlaceDetails?id=84967,http://tour-pedia.org/api/getReviewsByPlaceId?placeId=84967
"4 Rue de la Gaité, Paris, France",restaurant,84969,48.840865,2.324373,Paris,Taissei,,,,http://tour-pedia.org/api/getPlaceDetails?id=84969,http://tour-pedia.org/api/getReviewsByPlaceId?placeId=84969
"171 Rue de la Convention, Paris, France",restaurant,84970,48.838079,2.294601,Paris,Le Grand Venise,,,,http://tour-pedia.org/api/getPlaceDetails?id=84970,http://tour-pedia.org/api/getReviewsByPlaceId?placeId=84970
"6 Rue de Belzunce, Paris, France",restaurant,84977,48.879374,2.352616,Paris,Chez Casimir,,,,http://tour-pedia.org/api/getPlaceDetails?id=84977,http://tour-pedia.org/api/getReviewsByPlaceId?placeId=84977
"12 Rue Ravignan, Paris, France",restaurant,84979,48.885756,2.338098,Paris,Le Relais de la Butte,,,,http://tour-pedia.org/api/getPlaceDetails?id=84979,http://tour-pedia.org/api/getReviewsByPlaceId?placeId=84979
"2 Rue de la Chapelle, Paris, France",restaurant,84984,48.890258,2.360117,Paris,Au Roi du Café,,,,http://tour-pedia.org/api/getPlaceDetails?id=84984,http://tour-pedia.org/api/getReviewsByPlaceId?placeId=84984
"20 Rue du Débarcadère, Paris, France",restaurant,84985,48.878047,2.285546,Paris,India Restaurant,,,,http://tour-pedia.org/api/getPlaceDetails?id=84985,http://tour-pedia.org/api/getReviewsByPlaceId?placeId=84985
"1 Place de la République, Paris, France",restaurant,84999,48.866472,2.364686,Paris,Indiana Café - République,,,,http://tour-pedia.org/api/getPlaceDetails?id=84999,http://tour-pedia.org/api/getReviewsByPlaceId?placeId=84999
"80 Rue Traversière, Paris, France",restaurant,85000,48.851138,2.376182,Paris,McDonald's,,,,http://tour-pedia.org/api/getPlaceDetails?id=85000,http://tour-pedia.org/api/getReviewsByPlaceId?placeId=85000
"9 Rue Lassus, Paris, France",restaurant,85001,48.875501,2.38899,Paris,Nakagawa,,,,http://tour-pedia.org/api/getPlaceDetails?id=85001,http://tour-pedia.org/api/getReviewsByPlaceId?placeId=85001
"73 Rue Brancion, Paris, France",restaurant,85009,48.83203,2.303061,Paris,Les Tontons,,,,http://tour-pedia.org/api/getPlaceDetails?id=85009,http://tour-pedia.org/api/getReviewsByPlaceId?placeId=85009
"174 Avenue du Maine, Paris, France",restaurant,85010,48.832395,2.324794,Paris,Chez Félicie,,,,http://tour-pedia.org/api/getPlaceDetails?id=85010,http://tour-pedia.org/api/getReviewsByPlaceId?placeId=85010
"1 Rue de Bretagne, Paris, France",restaurant,85017,48.861881,2.364392,Paris,Le Progrès: the Bohemians' Canteen,,,,http://tour-pedia.org/api/getPlaceDetails?id=85017,http://tour-pedia.org/api/getReviewsByPlaceId?placeId=85017
"81 Rue Jean de la Fontaine, Paris, France",restaurant,85023,48.84858,2.265683,Paris,Pizzeria d'Auteuil,,,,http://tour-pedia.org/api/getPlaceDetails?id=85023,http://tour-pedia.org/api/getReviewsByPlaceId?placeId=85023
"6 Avenue Marceau, Paris, France",restaurant,85027,48.865716,2.300046,Paris,Le Baron,,,,http://tour-pedia.org/api/getPlaceDetails?id=85027,http://tour-pedia.org/api/getReviewsByPlaceId?placeId=85027
"21 Ter Boulevard Diderot, Paris, France",restaurant,85039,48.845902,2.373075,Paris,Aux Cadrans,,,,http://tour-pedia.org/api/getPlaceDetails?id=85039,http://tour-pedia.org/api/getReviewsByPlaceId?placeId=85039
"10 Place Gambetta, Paris, France",restaurant,85046,48.865265,2.398443,Paris,Bar du Métro,,,,http://tour-pedia.org/api/getPlaceDetails?id=85046,http://tour-pedia.org/api/getReviewsByPlaceId?placeId=85046
"81 Rue Lecourbe, Paris, France",restaurant,85048,48.843148,2.304829,Paris,Pizza Marino Pietro,,,,http://tour-pedia.org/api/getPlaceDetails?id=85048,http://tour-pedia.org/api/getReviewsByPlaceId?placeId=85048
"111 Cours de Vincennes, Paris, France",restaurant,85051,48.847468,2.410885,Paris,McDonald's,,,,http://tour-pedia.org/api/getPlaceDetails?id=85051,http://tour-pedia.org/api/getReviewsByPlaceId?placeId=85051
"62 Rue d'Alésia, Paris, France",restaurant,85058,48.828046,2.326442,Paris,Le Zeyer,,,,http://tour-pedia.org/api/getPlaceDetails?id=85058,http://tour-pedia.org/api/getReviewsByPlaceId?placeId=85058
"82 Boulevard du Montparnasse, Paris, France",restaurant,85059,48.842861,2.325962,Paris,Léon de Bruxelles,,,,http://tour-pedia.org/api/getPlaceDetails?id=85059,http://tour-pedia.org/api/getReviewsByPlaceId?placeId=85059
"44 Avenue Ivry, Paris, France",restaurant,85065,48.823722,2.365283,Paris,Chinatown Olympiades,,,,http://tour-pedia.org/api/getPlaceDetails?id=85065,http://tour-pedia.org/api/getReviewsByPlaceId?placeId=85065
"129-131 Boulevard Masséna, Paris, France",restaurant,85067,48.81903,2.361454,Paris,Lao Douang Paseuth - Paris,,,,http://tour-pedia.org/api/getPlaceDetails?id=85067,http://tour-pedia.org/api/getReviewsByPlaceId?placeId=85067
"46 Rue Raymond Losserand, Paris, France",restaurant,85068,48.834855,2.319647,Paris,Les Frangines,,,,http://tour-pedia.org/api/getPlaceDetails?id=85068,http://tour-pedia.org/api/getReviewsByPlaceId?placeId=85068
"54 Boulevard du Montparnasse, Paris, France",restaurant,85069,48.843492,2.323926,Paris,La Criée - Montparnasse,,,,http://tour-pedia.org/api/getPlaceDetails?id=85069,http://tour-pedia.org/api/getReviewsByPlaceId?placeId=85069
"11 Rue Dupont de l'Eure, Paris, France",restaurant,85070,48.868139,2.399982,Paris,Aux Petits Oignons,,,,http://tour-pedia.org/api/getPlaceDetails?id=85070,http://tour-pedia.org/api/getReviewsByPlaceId?placeId=85070
"72 Rue de la Colonie, Paris, France",restaurant,85071,48.823842,2.350715,Paris,Chez Yong,,,,http://tour-pedia.org/api/getPlaceDetails?id=85071,http://tour-pedia.org/api/getReviewsByPlaceId?placeId=85071
"14 Avenue Daumesnil, Paris, France",restaurant,85072,48.848412,2.372635,Paris,Les Artisans,,,,http://tour-pedia.org/api/getPlaceDetails?id=85072,http://tour-pedia.org/api/getReviewsByPlaceId?placeId=85072
"1 Rue Antoine Vollon, Paris, France",restaurant,85074,48.850176,2.37651,Paris,Le Square Trousseau,,,,http://tour-pedia.org/api/getPlaceDetails?id=85074,http://tour-pedia.org/api/getReviewsByPlaceId?placeId=85074
"Avenue d'Italie, Paris, France",restaurant,85082,48.828961,2.355028,Paris,McDonald's,,,,http://tour-pedia.org/api/getPlaceDetails?id=85082,http://tour-pedia.org/api/getReviewsByPlaceId?placeId=85082
"99 Rue Saint-Dominique, Paris 7e arrondissement, France",restaurant,85089,48.859519,2.306798,Paris,Bar du Central,,,,http://tour-pedia.org/api/getPlaceDetails?id=85089,http://tour-pedia.org/api/getReviewsByPlaceId?placeId=85089
"30 Avenue de Versailles, Paris, France",restaurant,85098,48.849925,2.276097,Paris,Firenze,,,,http://tour-pedia.org/api/getPlaceDetails?id=85098,http://tour-pedia.org/api/getReviewsByPlaceId?placeId=85098
"165 Avenue du Maine, Paris, France",restaurant,85100,48.833474,2.324851,Paris,Rubis,,,,http://tour-pedia.org/api/getPlaceDetails?id=85100,http://tour-pedia.org/api/getReviewsByPlaceId?placeId=85100
"84 Avenue des Ternes, Paris, France",restaurant,85103,48.880224,2.287729,Paris,Le Carré des Ternes,,,,http://tour-pedia.org/api/getPlaceDetails?id=85103,http://tour-pedia.org/api/getReviewsByPlaceId?placeId=85103
"6 Place du Trocadéro et du 11 Novembre, Paris, France",restaurant,85105,48.863537,2.287062,Paris,Café Le Malakoff,,,,http://tour-pedia.org/api/getPlaceDetails?id=85105,http://tour-pedia.org/api/getReviewsByPlaceId?placeId=85105
"253 Avenue Daumesnil, Paris, France",restaurant,85121,48.837271,2.402129,Paris,Au Tramway,,,,http://tour-pedia.org/api/getPlaceDetails?id=85121,http://tour-pedia.org/api/getReviewsByPlaceId?placeId=85121
"84 Boulevard de Magenta, Paris, France",restaurant,85124,48.876308,2.356218,Paris,McDonald's,,,,http://tour-pedia.org/api/getPlaceDetails?id=85124,http://tour-pedia.org/api/getReviewsByPlaceId?placeId=85124
"116 Avenue de France, Paris, France",restaurant,85130,48.831092,2.376514,Paris,EXKi,,,,http://tour-pedia.org/api/getPlaceDetails?id=85130,http://tour-pedia.org/api/getReviewsByPlaceId?placeId=85130
"40 Rue Gabriel Lamé, Paris, France",restaurant,85138,48.834823,2.386121,Paris,L'Auberge Aveyronnaise,,,,http://tour-pedia.org/api/getPlaceDetails?id=85138,http://tour-pedia.org/api/getReviewsByPlaceId?placeId=85138
"115 Rue de Belleville, Paris, France",restaurant,85142,48.874731,2.387375,Paris,L'Entre Deux,,,,http://tour-pedia.org/api/getPlaceDetails?id=85142,http://tour-pedia.org/api/getReviewsByPlaceId?placeId=85142
"135 Rue Saint-Dominique, Paris, France",restaurant,85147,48.858022,2.301944,Paris,Les Cocottes de Christian Constant,,,,http://tour-pedia.org/api/getPlaceDetails?id=85147,http://tour-pedia.org/api/getReviewsByPlaceId?placeId=85147
"50 Rue de Clignancourt, Paris, France",restaurant,85148,48.887542,2.347978,Paris,Marguerite,,,,http://tour-pedia.org/api/getPlaceDetails?id=85148,http://tour-pedia.org/api/getReviewsByPlaceId?placeId=85148
"59 Rue Saint-Charles, 75015 Paris, France",restaurant,85157,48.848797,2.287511,Paris,142 Crêperie Contemporaine,,,,http://tour-pedia.org/api/getPlaceDetails?id=85157,http://tour-pedia.org/api/getReviewsByPlaceId?placeId=85157
"119 Avenue Felix Faure, Paris, France",restaurant,85159,48.838261,2.281414,Paris,Le Buron,,,,http://tour-pedia.org/api/getPlaceDetails?id=85159,http://tour-pedia.org/api/getReviewsByPlaceId?placeId=85159
"6 Place Félix Eboué, Paris, France",restaurant,85160,48.839478,2.39579,Paris,Au Va et Vient,,,,http://tour-pedia.org/api/getPlaceDetails?id=85160,http://tour-pedia.org/api/getReviewsByPlaceId?placeId=85160
"226 Rue de Vaugirard, Paris, France",restaurant,85165,48.840991,2.304884,Paris,Le Toucan,,,,http://tour-pedia.org/api/getPlaceDetails?id=85165,http://tour-pedia.org/api/getReviewsByPlaceId?placeId=85165
"76 Avenue des Gobelins, Paris, France",restaurant,85171,48.832203,2.354892,Paris,Monte Cassino,,,,http://tour-pedia.org/api/getPlaceDetails?id=85171,http://tour-pedia.org/api/getReviewsByPlaceId?placeId=85171
"22 Rue Scheffer, Paris, France",restaurant,85174,48.861404,2.283057,Paris,Le Scheffer,,,,http://tour-pedia.org/api/getPlaceDetails?id=85174,http://tour-pedia.org/api/getReviewsByPlaceId?placeId=85174
"58 Rue de Charonne, Paris, France",restaurant,85180,48.853198,2.378517,Paris,Chalet Savoyard,,,,http://tour-pedia.org/api/getPlaceDetails?id=85180,http://tour-pedia.org/api/getReviewsByPlaceId?placeId=85180
"1 Boulevard des Capucines, Paris, France",restaurant,85183,48.870793,2.33409,Paris,Hippopotamus,,,,http://tour-pedia.org/api/getPlaceDetails?id=85183,http://tour-pedia.org/api/getReviewsByPlaceId?placeId=85183
"62 Boulevard de Grenelle, Paris, France",restaurant,85184,48.850582,2.292433,Paris,Bistro Dupleix,,,,http://tour-pedia.org/api/getPlaceDetails?id=85184,http://tour-pedia.org/api/getReviewsByPlaceId?placeId=85184
"107 Rue de Rivoli, Paris, France",restaurant,85187,48.863193,2.333385,Paris,Le Saut du Loup,,,,http://tour-pedia.org/api/getPlaceDetails?id=85187,http://tour-pedia.org/api/getReviewsByPlaceId?placeId=85187
"43 Rue de Seine, Paris, France",restaurant,85188,48.855398,2.336899,Paris,La Palette,,,,http://tour-pedia.org/api/getPlaceDetails?id=85188,http://tour-pedia.org/api/getReviewsByPlaceId?placeId=85188
"18 Rue Taine, Paris, France",restaurant,85191,48.838123,2.39265,Paris,Sourire d'Asie,,,,http://tour-pedia.org/api/getPlaceDetails?id=85191,http://tour-pedia.org/api/getReviewsByPlaceId?placeId=85191
"2 Place des Ternes, Paris, France",restaurant,85193,48.877962,2.298749,Paris,Brasserie La Lorraine,,,,http://tour-pedia.org/api/getPlaceDetails?id=85193,http://tour-pedia.org/api/getReviewsByPlaceId?placeId=85193
"24 Rue Taine, Paris, France",restaurant,85200,48.838458,2.393201,Paris,Goûter l'Instant,,,,http://tour-pedia.org/api/getPlaceDetails?id=85200,http://tour-pedia.org/api/getReviewsByPlaceId?placeId=85200
"116 Rue Oberkampf, Paris, France",restaurant,85201,48.866077,2.379422,Paris,L'Estaminet,,,,http://tour-pedia.org/api/getPlaceDetails?id=85201,http://tour-pedia.org/api/getReviewsByPlaceId?placeId=85201
"14 Rue des Dames, Paris, France",restaurant,85202,48.88525,2.325277,Paris,Le BB (Le Bouchon des Batignolles),,,,http://tour-pedia.org/api/getPlaceDetails?id=85202,http://tour-pedia.org/api/getReviewsByPlaceId?placeId=85202
"25 Rue de Dunkerque, Paris, France",restaurant,85207,48.879875,2.354292,Paris,Quick,,,,http://tour-pedia.org/api/getPlaceDetails?id=85207,http://tour-pedia.org/api/getReviewsByPlaceId?placeId=85207
"Bois de Boulogne, Route de Suresnes, Paris, France",restaurant,85210,48.865033,2.25068,Paris,Le Pré Catelan,,,,http://tour-pedia.org/api/getPlaceDetails?id=85210,http://tour-pedia.org/api/getReviewsByPlaceId?placeId=85210
"98 Boulevard Saint-Germain, Paris, France",restaurant,85212,48.851388,2.343726,Paris,McDonald's,,,,http://tour-pedia.org/api/getPlaceDetails?id=85212,http://tour-pedia.org/api/getReviewsByPlaceId?placeId=85212
"1 Place du Maréchal Juin, Paris, France",restaurant,85218,48.884644,2.297884,Paris,Royal Pereire,,,,http://tour-pedia.org/api/getPlaceDetails?id=85218,http://tour-pedia.org/api/getReviewsByPlaceId?placeId=85218
"17 Place du Tertre, Paris, France",restaurant,85225,48.886645,2.340519,Paris,Chez Eugène,,,,http://tour-pedia.org/api/getPlaceDetails?id=85225,http://tour-pedia.org/api/getReviewsByPlaceId?placeId=85225
"15 Avenue Montaigne, Paris, France",restaurant,85227,48.8655,2.302951,Paris,Maison Blanche Restaurant,,,,http://tour-pedia.org/api/getPlaceDetails?id=85227,http://tour-pedia.org/api/getReviewsByPlaceId?placeId=85227
"53 Rue Pierre Charron, Paris, France",restaurant,85231,48.869399,2.302856,Paris,Café La Belle Férronnière,,,,http://tour-pedia.org/api/getPlaceDetails?id=85231,http://tour-pedia.org/api/getReviewsByPlaceId?placeId=85231
"45 Avenue Victor Hugo, Paris, France",restaurant,85237,48.871311,2.289482,Paris,Nespresso Boutique,,,,http://tour-pedia.org/api/getPlaceDetails?id=85237,http://tour-pedia.org/api/getReviewsByPlaceId?placeId=85237
"9 Rue Jaucourt, Paris, France",restaurant,85240,48.847145,2.394721,Paris,Chibby's Diner,,,,http://tour-pedia.org/api/getPlaceDetails?id=85240,http://tour-pedia.org/api/getReviewsByPlaceId?placeId=85240
"19 Avenue de l'Opéra, Paris, France",restaurant,85243,48.866054,2.334043,Paris,Le Royal Opéra,,,,http://tour-pedia.org/api/getPlaceDetails?id=85243,http://tour-pedia.org/api/getReviewsByPlaceId?placeId=85243
"66 Rue Raymond Losserand, Paris, France",restaurant,85247,48.834106,2.318209,Paris,Au métro,,,,http://tour-pedia.org/api/getPlaceDetails?id=85247,http://tour-pedia.org/api/getReviewsByPlaceId?placeId=85247
"75 Avenue Daumesnil, Paris, France",restaurant,85251,48.8461,2.37814,Paris,L'Arrosoir,,,,http://tour-pedia.org/api/getPlaceDetails?id=85251,http://tour-pedia.org/api/getReviewsByPlaceId?placeId=85251
"2 Place Martin Nadaud, Paris, France",restaurant,85252,48.865108,2.395465,Paris,Café Martin,,,,http://tour-pedia.org/api/getPlaceDetails?id=85252,http://tour-pedia.org/api/getReviewsByPlaceId?placeId=85252
"Centre commercial Italie 2, 30 Avenue d'Italie, Paris, France",restaurant,85254,48.830517,2.355153,Paris,El Rancho Place d'Italie,,,,http://tour-pedia.org/api/getPlaceDetails?id=85254,http://tour-pedia.org/api/getReviewsByPlaceId?placeId=85254
"80 Avenue du Général Leclerc, Paris, France",restaurant,85265,48.828866,2.32762,Paris,Hippopotamus Alesia,,,,http://tour-pedia.org/api/getPlaceDetails?id=85265,http://tour-pedia.org/api/getReviewsByPlaceId?placeId=85265
"21 Boulevard Edgar Quinet, Paris, France",restaurant,85267,48.841399,2.323626,Paris,Le Paradis du Fruit - Montparnasse,,,,http://tour-pedia.org/api/getPlaceDetails?id=85267,http://tour-pedia.org/api/getReviewsByPlaceId?placeId=85267
"1 Place Balard, Paris, France",restaurant,85268,48.836817,2.278604,Paris,Le Terminus Balard,,,,http://tour-pedia.org/api/getPlaceDetails?id=85268,http://tour-pedia.org/api/getReviewsByPlaceId?placeId=85268
"31 Avenue Théophile Gautier, Paris, France",restaurant,85271,48.849853,2.272323,Paris,Bistrot 31,,,,http://tour-pedia.org/api/getPlaceDetails?id=85271,http://tour-pedia.org/api/getReviewsByPlaceId?placeId=85271
"16 Rue Brey, Paris 17e, France",restaurant,85272,48.87658,2.295707,Paris,Le Café d'Angel,,,,http://tour-pedia.org/api/getPlaceDetails?id=85272,http://tour-pedia.org/api/getReviewsByPlaceId?placeId=85272
"22-24 Rue du Champ de l'Alouette, Paris, France",restaurant,85282,48.831881,2.344593,Paris,L'Alouette,,,,http://tour-pedia.org/api/getPlaceDetails?id=85282,http://tour-pedia.org/api/getReviewsByPlaceId?placeId=85282
"56 Rue de Lancry, Paris, France",restaurant,85288,48.872398,2.363252,Paris,Mme Shawn,,,,http://tour-pedia.org/api/getPlaceDetails?id=85288,http://tour-pedia.org/api/getReviewsByPlaceId?placeId=85288
"4 Place du Tertre, Paris, France",restaurant,85289,48.886689,2.341158,Paris,Au Cadet de Gascogne,,,,http://tour-pedia.org/api/getPlaceDetails?id=85289,http://tour-pedia.org/api/getReviewsByPlaceId?placeId=85289
"39 Avenue de la Motte-Picquet, Paris, France",restaurant,85290,48.854721,2.306381,Paris,Comptoir Du 7ème,,,,http://tour-pedia.org/api/getPlaceDetails?id=85290,http://tour-pedia.org/api/getReviewsByPlaceId?placeId=85290
"58 Boulevard Garibaldi, Paris, France",restaurant,85292,48.846243,2.306552,Paris,Le Petit Zig,,,,http://tour-pedia.org/api/getPlaceDetails?id=85292,http://tour-pedia.org/api/getReviewsByPlaceId?placeId=85292
"15 Rue Washington, Paris, France",restaurant,85296,48.872821,2.302403,Paris,Mille Lire,,,,http://tour-pedia.org/api/getPlaceDetails?id=85296,http://tour-pedia.org/api/getReviewsByPlaceId?placeId=85296
"54 Rue du Faubourg Saint-Denis, Paris, France",restaurant,85298,48.872158,2.354127,Paris,Julhès Paris,,,,http://tour-pedia.org/api/getPlaceDetails?id=85298,http://tour-pedia.org/api/getReviewsByPlaceId?placeId=85298
"211 avenue Jean Jaurès, Parc de la Villette, Paris, France",restaurant,85303,48.892332,2.388003,Paris,My Boat,,,,http://tour-pedia.org/api/getPlaceDetails?id=85303,http://tour-pedia.org/api/getReviewsByPlaceId?placeId=85303
"64 Avenue de la Motte-Picquet, Paris, France",restaurant,85316,48.849672,2.298427,Paris,Le Primerose,,,,http://tour-pedia.org/api/getPlaceDetails?id=85316,http://tour-pedia.org/api/getReviewsByPlaceId?placeId=85316
"1 Rue George Balanchine, Paris, France",restaurant,85321,48.836618,2.374231,Paris,Quick de BNF,,,,http://tour-pedia.org/api/getPlaceDetails?id=85321,http://tour-pedia.org/api/getReviewsByPlaceId?placeId=85321
"25 Rue Cail, Paris, France",restaurant,85324,48.882754,2.359399,Paris,Dishny,,,,http://tour-pedia.org/api/getPlaceDetails?id=85324,http://tour-pedia.org/api/getReviewsByPlaceId?placeId=85324
"14 Rue Richer, Paris, France",restaurant,85326,48.874132,2.346679,Paris,Thaï Richer,,,,http://tour-pedia.org/api/getPlaceDetails?id=85326,http://tour-pedia.org/api/getReviewsByPlaceId?placeId=85326
"46 Avenue du Général de Gaulle, Vincennes, France",restaurant,85338,48.841773,2.432965,Paris,Olympe Sports Cafe,,,,http://tour-pedia.org/api/getPlaceDetails?id=85338,http://tour-pedia.org/api/getReviewsByPlaceId?placeId=85338
"83 Boulevard de Grenelle, Paris, France",restaurant,85339,48.850165,2.295089,Paris,Métropolitan,,,,http://tour-pedia.org/api/getPlaceDetails?id=85339,http://tour-pedia.org/api/getReviewsByPlaceId?placeId=85339
"62 Rue Legendre, Paris, France",restaurant,85350,48.885464,2.316578,Paris,Le Progrès,,,,http://tour-pedia.org/api/getPlaceDetails?id=85350,http://tour-pedia.org/api/getReviewsByPlaceId?placeId=85350
"145 Avenue de Villiers, Paris, France",restaurant,85355,48.885474,2.292107,Paris,McDonald's,,,,http://tour-pedia.org/api/getPlaceDetails?id=85355,http://tour-pedia.org/api/getReviewsByPlaceId?placeId=85355
"3 Place des 2 Écus, Paris, France",restaurant,85361,48.862922,2.341547,Paris,Le Café des Initiés,,,,http://tour-pedia.org/api/getPlaceDetails?id=85361,http://tour-pedia.org/api/getReviewsByPlaceId?placeId=85361
"3 Rue de la Gaité, Paris, France",restaurant,85365,48.84083,2.324659,Paris,La brasserie Gaité,,,,http://tour-pedia.org/api/getPlaceDetails?id=85365,http://tour-pedia.org/api/getReviewsByPlaceId?placeId=85365
"2 Passage Delessert, Paris, France",restaurant,85370,48.878848,2.366141,Paris,Le Chaland,,,,http://tour-pedia.org/api/getPlaceDetails?id=85370,http://tour-pedia.org/api/getReviewsByPlaceId?placeId=85370
"7 Rue Antoine Vollon, Paris, France",restaurant,85376,48.850612,2.376803,Paris,Blé Sucré,,,,http://tour-pedia.org/api/getPlaceDetails?id=85376,http://tour-pedia.org/api/getReviewsByPlaceId?placeId=85376
"104 Rue Aubervilliers, Paris, France",restaurant,85377,48.890462,2.368481,Paris,Café Caché,,,,http://tour-pedia.org/api/getPlaceDetails?id=85377,http://tour-pedia.org/api/getReviewsByPlaceId?placeId=85377
"131 Boulevard Saint-Germain, Paris, France",restaurant,85381,48.852966,2.336096,Paris,Léon de Bruxelles,,,,http://tour-pedia.org/api/getPlaceDetails?id=85381,http://tour-pedia.org/api/getReviewsByPlaceId?placeId=85381
"349 Rue de Vaugirard, Paris, France",restaurant,85388,48.837043,2.29631,Paris,KFC,,,,http://tour-pedia.org/api/getPlaceDetails?id=85388,http://tour-pedia.org/api/getReviewsByPlaceId?placeId=85388
"270 Rue du Faubourg Saint-Antoine, Paris, France",restaurant,85390,48.848655,2.39311,Paris,La Tête à Toto,,,,http://tour-pedia.org/api/getPlaceDetails?id=85390,http://tour-pedia.org/api/getReviewsByPlaceId?placeId=85390
"Port de Javel Haut, Paris, France",restaurant,85396,48.848127,2.278964,Paris,La Plage Parisienne,,,,http://tour-pedia.org/api/getPlaceDetails?id=85396,http://tour-pedia.org/api/getReviewsByPlaceId?placeId=85396
"20 Rue Baron le Roy, Paris, France",restaurant,85401,48.83481,2.387629,Paris,Sushi Yuki,,,,http://tour-pedia.org/api/getPlaceDetails?id=85401,http://tour-pedia.org/api/getReviewsByPlaceId?placeId=85401
"Place d'Italie, Centre Commercial Italie 2, Paris, France",restaurant,85404,48.831334,2.355344,Paris,Hippopotamus,,,,http://tour-pedia.org/api/getPlaceDetails?id=85404,http://tour-pedia.org/api/getReviewsByPlaceId?placeId=85404
"38 Rue des Abbesses, Paris, France",restaurant,85408,48.885292,2.336724,Paris,Grenier à Pain,,,,http://tour-pedia.org/api/getPlaceDetails?id=85408,http://tour-pedia.org/api/getReviewsByPlaceId?placeId=85408
"184 Rue Marcadet, Paris, France",restaurant,85413,48.891613,2.336398,Paris,La Popote du 18,,,,http://tour-pedia.org/api/getPlaceDetails?id=85413,http://tour-pedia.org/api/getReviewsByPlaceId?placeId=85413
"41 Rue Alain Chartier, Paris, France",restaurant,85414,48.837285,2.297119,Paris,Le Moka,,,,http://tour-pedia.org/api/getPlaceDetails?id=85414,http://tour-pedia.org/api/getReviewsByPlaceId?placeId=85414
"4 Place du Calvaire, Paris, France",restaurant,85416,48.886322,2.340341,Paris,Chez Plumeau,,,,http://tour-pedia.org/api/getPlaceDetails?id=85416,http://tour-pedia.org/api/getReviewsByPlaceId?placeId=85416
"52 Rue du Montparnasse, Paris, France",restaurant,85419,48.842292,2.325567,Paris,Crêperie de Port Manech,,,,http://tour-pedia.org/api/getPlaceDetails?id=85419,http://tour-pedia.org/api/getReviewsByPlaceId?placeId=85419
"51 Rue de la Harpe, Paris, France",restaurant,85420,48.851612,2.34383,Paris,La Taverne de Cluny,,,,http://tour-pedia.org/api/getPlaceDetails?id=85420,http://tour-pedia.org/api/getReviewsByPlaceId?placeId=85420
"36 Avenue de Choisy, Paris, France",restaurant,85421,48.822329,2.363086,Paris,La Lune,,,,http://tour-pedia.org/api/getPlaceDetails?id=85421,http://tour-pedia.org/api/getReviewsByPlaceId?placeId=85421
"Avenue Jean Jaurès, Paris, France",restaurant,85423,48.88317,2.37125,Paris,Les Délices d'amour,,,,http://tour-pedia.org/api/getPlaceDetails?id=85423,http://tour-pedia.org/api/getReviewsByPlaceId?placeId=85423
"21 Rue de Dunkerque, Paris, France",restaurant,85427,48.87963,2.355512,Paris,La maison blanche,,,,http://tour-pedia.org/api/getPlaceDetails?id=85427,http://tour-pedia.org/api/getReviewsByPlaceId?placeId=85427
"Bois de Boulogne, Allée de Longchamp, Paris, France",restaurant,85432,48.862757,2.240422,Paris,La Grande Cascade,,,,http://tour-pedia.org/api/getPlaceDetails?id=85432,http://tour-pedia.org/api/getReviewsByPlaceId?placeId=85432
"118 Rue de Bercy, Paris, France",restaurant,85436,48.839799,2.379803,Paris,Le Bercy Café,,,,http://tour-pedia.org/api/getPlaceDetails?id=85436,http://tour-pedia.org/api/getReviewsByPlaceId?placeId=85436
"35 Rue Annonciation, Paris, France",restaurant,85439,48.857196,2.278456,Paris,Family Café,,,,http://tour-pedia.org/api/getPlaceDetails?id=85439,http://tour-pedia.org/api/getReviewsByPlaceId?placeId=85439
"22 Place Denfert-Rochereau, Paris, France",restaurant,85454,48.83396,2.330966,Paris,Swann et Vincent,,,,http://tour-pedia.org/api/getPlaceDetails?id=85454,http://tour-pedia.org/api/getReviewsByPlaceId?placeId=85454
"97 Rue Raymond Losserand, Paris, France",restaurant,85459,48.83321,2.316959,Paris,Shiawase,,,,http://tour-pedia.org/api/getPlaceDetails?id=85459,http://tour-pedia.org/api/getReviewsByPlaceId?placeId=85459
"18 Rue Dufrenoy, Paris, France",restaurant,85460,48.866432,2.273185,Paris,Restaurant Lartigue,,,,http://tour-pedia.org/api/getPlaceDetails?id=85460,http://tour-pedia.org/api/getReviewsByPlaceId?placeId=85460
"132 Boulevard de Ménilmontant, Paris, France",restaurant,85469,48.866149,2.384182,Paris,Montagnard Le,,,,http://tour-pedia.org/api/getPlaceDetails?id=85469,http://tour-pedia.org/api/getReviewsByPlaceId?placeId=85469
"134 Rue Saint-Charles, Paris, France",restaurant,85473,48.843731,2.282838,Paris,Le Grenier à Pain,,,,http://tour-pedia.org/api/getPlaceDetails?id=85473,http://tour-pedia.org/api/getReviewsByPlaceId?placeId=85473
"71 Rue Brancion, Paris, France",restaurant,85474,48.831996,2.30304,Paris,Aux Cent Kilos,,,,http://tour-pedia.org/api/getPlaceDetails?id=85474,http://tour-pedia.org/api/getReviewsByPlaceId?placeId=85474
"80 Avenue Kléber, Paris, France",restaurant,85485,48.866956,2.289741,Paris,Le Kleber,,,,http://tour-pedia.org/api/getPlaceDetails?id=85485,http://tour-pedia.org/api/getReviewsByPlaceId?placeId=85485
"14 Passage Geffroy-Didelot, Paris, France",restaurant,85487,48.882688,2.316979,Paris,Bistrot du Passage,,,,http://tour-pedia.org/api/getPlaceDetails?id=85487,http://tour-pedia.org/api/getReviewsByPlaceId?placeId=85487
"17 Rue de Dunkerque, Paris, France",restaurant,85490,48.879586,2.357737,Paris,Paris Nord Café,,,,http://tour-pedia.org/api/getPlaceDetails?id=85490,http://tour-pedia.org/api/getReviewsByPlaceId?placeId=85490
"152 Boulevard de Ménilmontant, Paris, France",restaurant,85498,48.867033,2.383587,Paris,KFC,,,,http://tour-pedia.org/api/getPlaceDetails?id=85498,http://tour-pedia.org/api/getReviewsByPlaceId?placeId=85498
"3 Rue du Jourdain, Paris, France",restaurant,85500,48.874178,2.389373,Paris,Samsara,,,,http://tour-pedia.org/api/getPlaceDetails?id=85500,http://tour-pedia.org/api/getReviewsByPlaceId?placeId=85500
"196 Rue des Pyrénées, Paris, France",restaurant,85510,48.863894,2.39938,Paris,Gallet,,,,http://tour-pedia.org/api/getPlaceDetails?id=85510,http://tour-pedia.org/api/getReviewsByPlaceId?placeId=85510
"101 Rue de la Croix Nivert, Paris, France",restaurant,85512,48.84275,2.295085,Paris,Chez Papa,,,,http://tour-pedia.org/api/getPlaceDetails?id=85512,http://tour-pedia.org/api/getReviewsByPlaceId?placeId=85512
"56 Boulevard Edgar Quinet, Paris, France",restaurant,85515,48.841227,2.324736,Paris,Café Odessa,,,,http://tour-pedia.org/api/getPlaceDetails?id=85515,http://tour-pedia.org/api/getReviewsByPlaceId?placeId=85515
"22 Rue des Écoles, Paris, France",restaurant,85526,48.848765,2.34831,Paris,L'authre Bistrot,,,,http://tour-pedia.org/api/getPlaceDetails?id=85526,http://tour-pedia.org/api/getReviewsByPlaceId?placeId=85526
"155 Rue Lecourbe, Paris, France",restaurant,85528,48.841458,2.299044,Paris,Matsuyama,,,,http://tour-pedia.org/api/getPlaceDetails?id=85528,http://tour-pedia.org/api/getReviewsByPlaceId?placeId=85528
"19 Rue Daguerre, Paris, France",restaurant,85532,48.833816,2.329754,Paris,La Belle Ronde,,,,http://tour-pedia.org/api/getPlaceDetails?id=85532,http://tour-pedia.org/api/getReviewsByPlaceId?placeId=85532
"65 Boulevard Saint-Michel, Paris, France",restaurant,85546,48.847178,2.34097,Paris,McDonald's,,,,http://tour-pedia.org/api/getPlaceDetails?id=85546,http://tour-pedia.org/api/getReviewsByPlaceId?placeId=85546
"4 Place Victor Hugo, Paris, France",restaurant,85549,48.86995,2.285373,Paris,Café Victor Hugo,,,,http://tour-pedia.org/api/getPlaceDetails?id=85549,http://tour-pedia.org/api/getReviewsByPlaceId?placeId=85549
"61 Avenue de la Motte-Picquet, Paris, France",restaurant,85554,48.84955,2.298873,Paris,Le Zinc,,,,http://tour-pedia.org/api/getPlaceDetails?id=85554,http://tour-pedia.org/api/getReviewsByPlaceId?placeId=85554
"23 Boulevard Diderot, Paris, France",restaurant,85567,48.845991,2.37368,Paris,Les deux savoies,,,,http://tour-pedia.org/api/getPlaceDetails?id=85567,http://tour-pedia.org/api/getReviewsByPlaceId?placeId=85567
"20 Boulevard Montmartre, Paris, France",restaurant,85568,48.872115,2.34023,Paris,Indiana Café Richelieu Drouot,,,,http://tour-pedia.org/api/getPlaceDetails?id=85568,http://tour-pedia.org/api/getReviewsByPlaceId?placeId=85568
"1 Rue du Commerce, Paris, France",restaurant,85570,48.848824,2.297834,Paris,McDonald's,,,,http://tour-pedia.org/api/getPlaceDetails?id=85570,http://tour-pedia.org/api/getReviewsByPlaceId?placeId=85570
"116 Rue Mouffetard, Paris, France",restaurant,85571,48.840362,2.349599,Paris,Le Mouffetard,,,,http://tour-pedia.org/api/getPlaceDetails?id=85571,http://tour-pedia.org/api/getReviewsByPlaceId?placeId=85571
"132 Boulevard Saint-Germain, Paris, France",restaurant,85582,48.852545,2.339013,Paris,Le Relais Odéon,,,,http://tour-pedia.org/api/getPlaceDetails?id=85582,http://tour-pedia.org/api/getReviewsByPlaceId?placeId=85582
"47 Boulevard Saint-Germain, Paris, France",restaurant,85589,48.85004,2.348471,Paris,Le Village Ronsard,,,,http://tour-pedia.org/api/getPlaceDetails?id=85589,http://tour-pedia.org/api/getReviewsByPlaceId?placeId=85589
"92 Boulevard Saint-Germain, Paris, France",restaurant,85595,48.85132,2.343999,Paris,Le Latin Saint-Germain,,,,http://tour-pedia.org/api/getPlaceDetails?id=85595,http://tour-pedia.org/api/getReviewsByPlaceId?placeId=85595
"48 Avenue de Saint-Ouen, Paris, France",restaurant,85601,48.890352,2.32696,Paris,Barklays Café,,,,http://tour-pedia.org/api/getPlaceDetails?id=85601,http://tour-pedia.org/api/getReviewsByPlaceId?placeId=85601
"79 Rue la Fayette, Paris, France",restaurant,85604,48.8765,2.345895,Paris,Le Corail,,,,http://tour-pedia.org/api/getPlaceDetails?id=85604,http://tour-pedia.org/api/getReviewsByPlaceId?placeId=85604
"38 Rue Legendre, Paris, France",restaurant,85613,48.884504,2.314929,Paris,Tomiki,,,,http://tour-pedia.org/api/getPlaceDetails?id=85613,http://tour-pedia.org/api/getReviewsByPlaceId?placeId=85613
"2 Place Armand Carrel, Paris, France",restaurant,85616,48.882691,2.382785,Paris,La Kaskad',,,,http://tour-pedia.org/api/getPlaceDetails?id=85616,http://tour-pedia.org/api/getReviewsByPlaceId?placeId=85616
"208 Rue de la Croix Nivert, Paris, France",restaurant,85618,48.837217,2.289308,Paris,Jadis,,,,http://tour-pedia.org/api/getPlaceDetails?id=85618,http://tour-pedia.org/api/getReviewsByPlaceId?placeId=85618
"38 Rue Lepic, Paris, France",restaurant,85641,48.885959,2.334802,Paris,Un Zebra a Montmartre,,,,http://tour-pedia.org/api/getPlaceDetails?id=85641,http://tour-pedia.org/api/getReviewsByPlaceId?placeId=85641
"3 Rue Biot, Paris, France",restaurant,85642,48.88376,2.326586,Paris,Petro,,,,http://tour-pedia.org/api/getPlaceDetails?id=85642,http://tour-pedia.org/api/getReviewsByPlaceId?placeId=85642
"11 Place Denfert-Rochereau, Paris, France",restaurant,85643,48.833482,2.332222,Paris,Ayko Sushi,,,,http://tour-pedia.org/api/getPlaceDetails?id=85643,http://tour-pedia.org/api/getReviewsByPlaceId?placeId=85643
"74 Rue de la Folie Méricourt, Paris, France",restaurant,85651,48.865711,2.370562,Paris,American Bistrot,,,,http://tour-pedia.org/api/getPlaceDetails?id=85651,http://tour-pedia.org/api/getReviewsByPlaceId?placeId=85651
"5 Avenue de Suffren, Paris, France",restaurant,85664,48.856948,2.292076,Paris,Castel Cafe,,,,http://tour-pedia.org/api/getPlaceDetails?id=85664,http://tour-pedia.org/api/getReviewsByPlaceId?placeId=85664
"15 Place de la République, Paris, France",restaurant,85672,48.867569,2.362639,Paris,Buffalo Grill,,,,http://tour-pedia.org/api/getPlaceDetails?id=85672,http://tour-pedia.org/api/getReviewsByPlaceId?placeId=85672
"5 Rue du 8 Mai 1945, Paris, France",restaurant,85673,48.875956,2.358655,Paris,La Strasbourgeoise,,,,http://tour-pedia.org/api/getPlaceDetails?id=85673,http://tour-pedia.org/api/getReviewsByPlaceId?placeId=85673
"15 Rue du Surmelin, Paris, France",restaurant,85675,48.868061,2.403276,Paris,Le Quinze,,,,http://tour-pedia.org/api/getPlaceDetails?id=85675,http://tour-pedia.org/api/getReviewsByPlaceId?placeId=85675
"101 Boulevard du Montparnasse, Paris, France",restaurant,85676,48.84247,2.328593,Paris,Le Relais de l'Entrecôte Montparnasse,,,,http://tour-pedia.org/api/getPlaceDetails?id=85676,http://tour-pedia.org/api/getReviewsByPlaceId?placeId=85676
"85 Boulevard Flandrin, Paris, France",restaurant,85689,48.870263,2.275267,Paris,Le Dauphine,,,,http://tour-pedia.org/api/getPlaceDetails?id=85689,http://tour-pedia.org/api/getReviewsByPlaceId?placeId=85689
"119 Avenue Victor Hugo, Paris, France",restaurant,85693,48.868191,2.282109,Paris,Matsuri,,,,http://tour-pedia.org/api/getPlaceDetails?id=85693,http://tour-pedia.org/api/getReviewsByPlaceId?placeId=85693
"75 Avenue des Champs-Élysées, Paris, France",restaurant,85697,48.870834,2.303144,Paris,Ladurée,,,,http://tour-pedia.org/api/getPlaceDetails?id=85697,http://tour-pedia.org/api/getReviewsByPlaceId?placeId=85697
"101 Rue Caulaincourt, Paris, France",restaurant,85711,48.889731,2.338744,Paris,Chez Ginette,,,,http://tour-pedia.org/api/getPlaceDetails?id=85711,http://tour-pedia.org/api/getReviewsByPlaceId?placeId=85711
"3 Boulevard Beaumarchais, Paris, France",restaurant,85714,48.854124,2.368404,Paris,Léon de Bruxelles,,,,http://tour-pedia.org/api/getPlaceDetails?id=85714,http://tour-pedia.org/api/getReviewsByPlaceId?placeId=85714
"81 Avenue Mozart, Paris, France",restaurant,85721,48.852654,2.26841,Paris,nana-ya,,,,http://tour-pedia.org/api/getPlaceDetails?id=85721,http://tour-pedia.org/api/getReviewsByPlaceId?placeId=85721
"7 Avenue de Suffren, Paris, France",restaurant,85726,48.856775,2.292346,Paris,Le Bailli de Suffren,,,,http://tour-pedia.org/api/getPlaceDetails?id=85726,http://tour-pedia.org/api/getReviewsByPlaceId?placeId=85726
"37 Avenue de Friedland, Paris, France",restaurant,85728,48.874043,2.299469,Paris,La Villa,,,,http://tour-pedia.org/api/getPlaceDetails?id=85728,http://tour-pedia.org/api/getReviewsByPlaceId?placeId=85728
"37 Avenue Corentin Cariou, Paris, France",restaurant,85734,48.897696,2.385357,Paris,Matsuba,,,,http://tour-pedia.org/api/getPlaceDetails?id=85734,http://tour-pedia.org/api/getReviewsByPlaceId?placeId=85734
"85 Bis Rue de Charenton, Paris, France",restaurant,85769,48.848896,2.375183,Paris,Bazin Jacques,,,,http://tour-pedia.org/api/getPlaceDetails?id=85769,http://tour-pedia.org/api/getReviewsByPlaceId?placeId=85769
"15 Rue de la Reynie, Paris, France",restaurant,85778,48.859908,2.349569,Paris,Les agités,,,,http://tour-pedia.org/api/getPlaceDetails?id=85778,http://tour-pedia.org/api/getReviewsByPlaceId?placeId=85778
"33 Rue Saint-Jacques, Paris, France",restaurant,85786,48.850997,2.345803,Paris,Le Bar à Huîtres,,,,http://tour-pedia.org/api/getPlaceDetails?id=85786,http://tour-pedia.org/api/getReviewsByPlaceId?placeId=85786
"7 Rue Boursault, Paris, France",restaurant,85787,48.883008,2.320527,Paris,Le Wagon Bleu,,,,http://tour-pedia.org/api/getPlaceDetails?id=85787,http://tour-pedia.org/api/getReviewsByPlaceId?placeId=85787
"89 Rue Mouffetard, Paris, France",restaurant,85789,48.841781,2.34979,Paris,Au Petit Bistrot,,,,http://tour-pedia.org/api/getPlaceDetails?id=85789,http://tour-pedia.org/api/getReviewsByPlaceId?placeId=85789
"43 Rue Gabriel Lamé, Paris, France",restaurant,85792,48.834988,2.385513,Paris,Zendo,,,,http://tour-pedia.org/api/getPlaceDetails?id=85792,http://tour-pedia.org/api/getReviewsByPlaceId?placeId=85792
"3 Avenue Matignon, Paris, France",restaurant,85793,48.869717,2.311255,Paris,Matignon,,,,http://tour-pedia.org/api/getPlaceDetails?id=85793,http://tour-pedia.org/api/getReviewsByPlaceId?placeId=85793
"253 Boulevard Voltaire, Paris, France",restaurant,85805,48.850498,2.392647,Paris,Le Café,,,,http://tour-pedia.org/api/getPlaceDetails?id=85805,http://tour-pedia.org/api/getReviewsByPlaceId?placeId=85805
"82 Boulevard de Clichy, Paris, France",restaurant,85810,48.884081,2.332556,Paris,Quick,,,,http://tour-pedia.org/api/getPlaceDetails?id=85810,http://tour-pedia.org/api/getReviewsByPlaceId?placeId=85810
"159 Rue de Crimée, Paris, France",restaurant,85814,48.888467,2.379164,Paris,Belushi's,,,,http://tour-pedia.org/api/getPlaceDetails?id=85814,http://tour-pedia.org/api/getReviewsByPlaceId?placeId=85814
"3 Place de l'École Militaire, Paris, France",restaurant,85816,48.854307,2.306395,Paris,Café des officiers,,,,http://tour-pedia.org/api/getPlaceDetails?id=85816,http://tour-pedia.org/api/getReviewsByPlaceId?placeId=85816
"79 Avenue Mozart, Paris, France",restaurant,85826,48.852948,2.268568,Paris,Eric Kayser,,,,http://tour-pedia.org/api/getPlaceDetails?id=85826,http://tour-pedia.org/api/getReviewsByPlaceId?placeId=85826
"Route de Sèvres à Neuilly, Paris, France",restaurant,85832,48.870044,2.245669,Paris,Les jardins de Bagatelle,,,,http://tour-pedia.org/api/getPlaceDetails?id=85832,http://tour-pedia.org/api/getReviewsByPlaceId?placeId=85832
"4 Avenue Jean Moulin, Paris, France",restaurant,85842,48.827661,2.326116,Paris,KFC,,,,http://tour-pedia.org/api/getPlaceDetails?id=85842,http://tour-pedia.org/api/getReviewsByPlaceId?placeId=85842
"36 Cour Saint-Emilion, Paris, France",restaurant,85843,48.833202,2.386535,Paris,Partie de Campagne,,,,http://tour-pedia.org/api/getPlaceDetails?id=85843,http://tour-pedia.org/api/getReviewsByPlaceId?placeId=85843
"Musée du Louvre, 101 Rue de Rivoli, Paris, France",restaurant,85850,48.862654,2.334769,Paris,Starbucks,,,,http://tour-pedia.org/api/getPlaceDetails?id=85850,http://tour-pedia.org/api/getReviewsByPlaceId?placeId=85850
"40 Rue d'Auteuil, Paris, France",restaurant,85872,48.847764,2.265888,Paris,Le Mouton Blanc,,,,http://tour-pedia.org/api/getPlaceDetails?id=85872,http://tour-pedia.org/api/getReviewsByPlaceId?placeId=85872
"1 Rue Assomption, Paris, France",restaurant,85887,48.852971,2.275489,Paris,Sushi Gourmet,,,,http://tour-pedia.org/api/getPlaceDetails?id=85887,http://tour-pedia.org/api/getReviewsByPlaceId?placeId=85887
"261 Rue de Belleville, Paris, France",restaurant,85895,48.87565,2.398962,Paris,Le Télégraphe,,,,http://tour-pedia.org/api/getPlaceDetails?id=85895,http://tour-pedia.org/api/getReviewsByPlaceId?placeId=85895
"13 Rue de Clignancourt, Paris, France",restaurant,85898,48.884612,2.347215,Paris,Le Café du Commerce,,,,http://tour-pedia.org/api/getPlaceDetails?id=85898,http://tour-pedia.org/api/getReviewsByPlaceId?placeId=85898
"204 Rue de Tolbiac, Paris, France",restaurant,85904,48.825761,2.347179,Paris,Le Circus,,,,http://tour-pedia.org/api/getPlaceDetails?id=85904,http://tour-pedia.org/api/getReviewsByPlaceId?placeId=85904
"68 Quai de la Seine, Paris, France",restaurant,85909,48.888169,2.378519,Paris,La Criée,,,,http://tour-pedia.org/api/getPlaceDetails?id=85909,http://tour-pedia.org/api/getReviewsByPlaceId?placeId=85909
"39 Avenue de Choisy, Paris, France",restaurant,85910,48.822275,2.362821,Paris,Likafo,,,,http://tour-pedia.org/api/getPlaceDetails?id=85910,http://tour-pedia.org/api/getReviewsByPlaceId?placeId=85910
"8 Place de Clichy, Paris, France",restaurant,85911,48.883511,2.328152,Paris,Léon de Bruxelles,,,,http://tour-pedia.org/api/getPlaceDetails?id=85911,http://tour-pedia.org/api/getReviewsByPlaceId?placeId=85911
"46 Rue des Vignoles, Paris, France",restaurant,85915,48.854524,2.400729,Paris,Le Vingtième Art,,,,http://tour-pedia.org/api/getPlaceDetails?id=85915,http://tour-pedia.org/api/getReviewsByPlaceId?placeId=85915
"33 Rue Lepic, Paris, France",restaurant,85916,48.886215,2.334014,Paris,Le Basilic,,,,http://tour-pedia.org/api/getPlaceDetails?id=85916,http://tour-pedia.org/api/getReviewsByPlaceId?placeId=85916
"35 Boulevard Pasteur, Paris, France",restaurant,85933,48.842945,2.313237,Paris,Café Pasteur,,,,http://tour-pedia.org/api/getPlaceDetails?id=85933,http://tour-pedia.org/api/getReviewsByPlaceId?placeId=85933
"5 Rue Soufflot, Paris, France",restaurant,85934,48.846562,2.343862,Paris,Le Comptoir du Panthéon,,,,http://tour-pedia.org/api/getPlaceDetails?id=85934,http://tour-pedia.org/api/getReviewsByPlaceId?placeId=85934
"159 Boulevard Vincent Auriol, Paris, France",restaurant,85942,48.832312,2.361194,Paris,Nouveau Village Tao-Tao,,,,http://tour-pedia.org/api/getPlaceDetails?id=85942,http://tour-pedia.org/api/getReviewsByPlaceId?placeId=85942
"1 Boulevard Beaumarchais, Paris, France",restaurant,85946,48.853892,2.368707,Paris,Hippopotamus - Bastille,,,,http://tour-pedia.org/api/getPlaceDetails?id=85946,http://tour-pedia.org/api/getReviewsByPlaceId?placeId=85946
"43 Avenue du Général Leclerc, Paris, France",restaurant,85989,48.830219,2.329089,Paris,Café d'Orléans,,,,http://tour-pedia.org/api/getPlaceDetails?id=85989,http://tour-pedia.org/api/getReviewsByPlaceId?placeId=85989
"15 Rue Desnouettes, Paris, France",restaurant,85996,48.836015,2.291527,Paris,Afaria,,,,http://tour-pedia.org/api/getPlaceDetails?id=85996,http://tour-pedia.org/api/getReviewsByPlaceId?placeId=85996
"173 Boulevard Saint-Germain, Paris, France",restaurant,85997,48.854147,2.33066,Paris,Ralph's,,,,http://tour-pedia.org/api/getPlaceDetails?id=85997,http://tour-pedia.org/api/getReviewsByPlaceId?placeId=85997
"90 Avenue Victor Hugo, Paris, France",restaurant,86004,48.869195,2.283931,Paris,Starbucks,,,,http://tour-pedia.org/api/getPlaceDetails?id=86004,http://tour-pedia.org/api/getReviewsByPlaceId?placeId=86004
"40 Rue de Belleville, Paris, France",restaurant,86009,48.872964,2.380674,Paris,Chez Yu,,,,http://tour-pedia.org/api/getPlaceDetails?id=86009,http://tour-pedia.org/api/getReviewsByPlaceId?placeId=86009
"12 Bis Rue de la Villette, Paris, France",restaurant,86017,48.875302,2.387539,Paris,Les 400 Coups,,,,http://tour-pedia.org/api/getPlaceDetails?id=86017,http://tour-pedia.org/api/getReviewsByPlaceId?placeId=86017
"82 Avenue Marceau, Paris, France",restaurant,86022,48.872219,2.296604,Paris,Casa Luca,,,,http://tour-pedia.org/api/getPlaceDetails?id=86022,http://tour-pedia.org/api/getReviewsByPlaceId?placeId=86022
"78 Rue de Bagnolet, Paris, France",restaurant,86029,48.85831,2.40083,Paris,Tomato Bistro,,,,http://tour-pedia.org/api/getPlaceDetails?id=86029,http://tour-pedia.org/api/getReviewsByPlaceId?placeId=86029
"66 Rue Rebeval, Paris, France",restaurant,86030,48.874617,2.381004,Paris,Zoé Bouillon,,,,http://tour-pedia.org/api/getPlaceDetails?id=86030,http://tour-pedia.org/api/getReviewsByPlaceId?placeId=86030
"104 Boulevard Poniatowski, Paris, France",restaurant,86032,48.834655,2.40507,Paris,Pizza Cosi,,,,http://tour-pedia.org/api/getPlaceDetails?id=86032,http://tour-pedia.org/api/getReviewsByPlaceId?placeId=86032
"124 Rue de Tolbiac, Paris, France",restaurant,86034,48.826268,2.359888,Paris,Le Coche,,,,http://tour-pedia.org/api/getPlaceDetails?id=86034,http://tour-pedia.org/api/getReviewsByPlaceId?placeId=86034
"128 Boulevard de Clichy, Paris, France",restaurant,86042,48.884819,2.32943,Paris,Palace Café,,,,http://tour-pedia.org/api/getPlaceDetails?id=86042,http://tour-pedia.org/api/getReviewsByPlaceId?placeId=86042
"1 Rue Mansart, Paris, France",restaurant,86052,48.882236,2.333381,Paris,Le mansart,,,,http://tour-pedia.org/api/getPlaceDetails?id=86052,http://tour-pedia.org/api/getReviewsByPlaceId?placeId=86052
"4 Avenue du Président Wilson, Paris, France",restaurant,86062,48.86513,2.300486,Paris,Bert's,,,,http://tour-pedia.org/api/getPlaceDetails?id=86062,http://tour-pedia.org/api/getReviewsByPlaceId?placeId=86062
"2 Avenue Secrétan, Paris, France",restaurant,86089,48.882251,2.370621,Paris,McDonald's,,,,http://tour-pedia.org/api/getPlaceDetails?id=86089,http://tour-pedia.org/api/getReviewsByPlaceId?placeId=86089
"Quai Anatole France, Paris, France",restaurant,86093,48.861385,2.324835,Paris,Le Quai,,,,http://tour-pedia.org/api/getPlaceDetails?id=86093,http://tour-pedia.org/api/getReviewsByPlaceId?placeId=86093
"64 Boulevard Haussmann, Paris, France",restaurant,86094,48.873834,2.327737,Paris,Ladurée Printemps,,,,http://tour-pedia.org/api/getPlaceDetails?id=86094,http://tour-pedia.org/api/getReviewsByPlaceId?placeId=86094
"29 bis Rue Saint-Didier, Paris, France",restaurant,86095,48.866428,2.28549,Paris,Ozio,,,,http://tour-pedia.org/api/getPlaceDetails?id=86095,http://tour-pedia.org/api/getReviewsByPlaceId?placeId=86095
"11 Avenue de Wagram, Paris, France",restaurant,86096,48.87553,2.296101,Paris,McDonald's,,,,http://tour-pedia.org/api/getPlaceDetails?id=86096,http://tour-pedia.org/api/getReviewsByPlaceId?placeId=86096
"63 Boulevard de Reuilly, Paris, France",restaurant,86099,48.839811,2.398568,Paris,Raimo,,,,http://tour-pedia.org/api/getPlaceDetails?id=86099,http://tour-pedia.org/api/getReviewsByPlaceId?placeId=86099
"4 Boulevard Richard Lenoir, Paris, France",restaurant,86101,48.853974,2.369672,Paris,McDonald's Bastille,,,,http://tour-pedia.org/api/getPlaceDetails?id=86101,http://tour-pedia.org/api/getReviewsByPlaceId?placeId=86101
"24 Rue Pierre Fontaine, Paris, France",restaurant,86116,48.881921,2.334101,Paris,Long Island Bar-Brasserie,,,,http://tour-pedia.org/api/getPlaceDetails?id=86116,http://tour-pedia.org/api/getReviewsByPlaceId?placeId=86116
"16 Rue Beaugrenelle, Paris, France",restaurant,86123,48.847362,2.285978,Paris,Le Pareloup,,,,http://tour-pedia.org/api/getPlaceDetails?id=86123,http://tour-pedia.org/api/getReviewsByPlaceId?placeId=86123
"144 Avenue de Versailles, Paris, France",restaurant,86124,48.84159,2.266483,Paris,Pasta Oro,,,,http://tour-pedia.org/api/getPlaceDetails?id=86124,http://tour-pedia.org/api/getReviewsByPlaceId?placeId=86124
"169 Boulevard Lefebvre, Paris, France",restaurant,86147,48.82872,2.301503,Paris,Le Petrin Alsacien,,,,http://tour-pedia.org/api/getPlaceDetails?id=86147,http://tour-pedia.org/api/getReviewsByPlaceId?placeId=86147
"22 Avenue de l'Observatoire, Paris, France",restaurant,86153,48.839465,2.336455,Paris,Le Bal Bullier,,,,http://tour-pedia.org/api/getPlaceDetails?id=86153,http://tour-pedia.org/api/getReviewsByPlaceId?placeId=86153
"70 Boulevard du Montparnasse, Paris, France",restaurant,86154,48.843343,2.324969,Paris,Starbucks,,,,http://tour-pedia.org/api/getPlaceDetails?id=86154,http://tour-pedia.org/api/getReviewsByPlaceId?placeId=86154
"144 Avenue des Champs-Élysées, Paris, France",restaurant,86156,48.873005,2.298564,Paris,La Brioche Dorée,,,,http://tour-pedia.org/api/getPlaceDetails?id=86156,http://tour-pedia.org/api/getReviewsByPlaceId?placeId=86156
"5 Bis Rue Alésia, Paris, France",restaurant,86163,48.82672,2.339297,Paris,Pizza Caravelle,,,,http://tour-pedia.org/api/getPlaceDetails?id=86163,http://tour-pedia.org/api/getReviewsByPlaceId?placeId=86163
"20 Rue de la Pierre Levée, Paris, France",restaurant,86164,48.868089,2.37015,Paris,Soya,,,,http://tour-pedia.org/api/getPlaceDetails?id=86164,http://tour-pedia.org/api/getReviewsByPlaceId?placeId=86164
"56 Rue Balard, Paris, France",restaurant,86173,48.84117,2.277715,Paris,Restaurant Fiori,,,,http://tour-pedia.org/api/getPlaceDetails?id=86173,http://tour-pedia.org/api/getReviewsByPlaceId?placeId=86173
"4 Rue Mathis, Paris, France",restaurant,86175,48.890822,2.37639,Paris,Chamroueun-Crimée,,,,http://tour-pedia.org/api/getPlaceDetails?id=86175,http://tour-pedia.org/api/getReviewsByPlaceId?placeId=86175
"17 Place de la Madeleine, Paris, France",restaurant,86177,48.870587,2.32392,Paris,Caviar Kaspia,,,,http://tour-pedia.org/api/getPlaceDetails?id=86177,http://tour-pedia.org/api/getReviewsByPlaceId?placeId=86177
"15 Avenue de Choisy, Paris, France",restaurant,86186,48.820804,2.3634,Paris,New Hoa Khoan,,,,http://tour-pedia.org/api/getPlaceDetails?id=86186,http://tour-pedia.org/api/getReviewsByPlaceId?placeId=86186
"42 Rue de Tourtille, Paris, France",restaurant,86195,48.872406,2.380286,Paris,Rouleau de Printemps,,,,http://tour-pedia.org/api/getPlaceDetails?id=86195,http://tour-pedia.org/api/getReviewsByPlaceId?placeId=86195
"65 Rue Manin, Paris, France",restaurant,86201,48.881848,2.381043,Paris,Le Gange,,,,http://tour-pedia.org/api/getPlaceDetails?id=86201,http://tour-pedia.org/api/getReviewsByPlaceId?placeId=86201
"24 Place Étienne Pernet, Paris, France",restaurant,86224,48.842851,2.291902,Paris,Banyan,,,,http://tour-pedia.org/api/getPlaceDetails?id=86224,http://tour-pedia.org/api/getReviewsByPlaceId?placeId=86224
"4 Place Armand Carrel, Paris, France",restaurant,86232,48.880782,2.381039,Paris,Le Pavillon du Lac,,,,http://tour-pedia.org/api/getPlaceDetails?id=86232,http://tour-pedia.org/api/getReviewsByPlaceId?placeId=86232
"56 Avenue Mozart, Paris, France",restaurant,86258,48.854733,2.269278,Paris,La Baguette de Mozart,,,,http://tour-pedia.org/api/getPlaceDetails?id=86258,http://tour-pedia.org/api/getReviewsByPlaceId?placeId=86258
"35 Rue du Commandant René Mouchotte, Paris, France",restaurant,86259,48.837688,2.319214,Paris,Le France,,,,http://tour-pedia.org/api/getPlaceDetails?id=86259,http://tour-pedia.org/api/getReviewsByPlaceId?placeId=86259
"330 Rue du Marché Saint-Honoré, Paris, France",restaurant,86266,48.865636,2.330825,Paris,La Coupe d'Or,,,,http://tour-pedia.org/api/getPlaceDetails?id=86266,http://tour-pedia.org/api/getReviewsByPlaceId?placeId=86266
"1 Place Armand Carrel, Paris, France",restaurant,86267,48.882205,2.381659,Paris,Le Napoléon III,,,,http://tour-pedia.org/api/getPlaceDetails?id=86267,http://tour-pedia.org/api/getReviewsByPlaceId?placeId=86267
"55 Boulevard Gouvion-Saint-Cyr, Paris, France",restaurant,86280,48.882393,2.286264,Paris,Oresto,,,,http://tour-pedia.org/api/getPlaceDetails?id=86280,http://tour-pedia.org/api/getReviewsByPlaceId?placeId=86280
"7 Rue Norvins, Paris, France",restaurant,86291,48.887063,2.340004,Paris,La Pétaudière,,,,http://tour-pedia.org/api/getPlaceDetails?id=86291,http://tour-pedia.org/api/getReviewsByPlaceId?placeId=86291
"8 Rue Beaurepaire, Paris, France",restaurant,86293,48.869477,2.363586,Paris,Ari's Bagels,,,,http://tour-pedia.org/api/getPlaceDetails?id=86293,http://tour-pedia.org/api/getReviewsByPlaceId?placeId=86293
"13 Rue des Sablons, Paris, France",restaurant,86300,48.865776,2.28368,Paris,Sgabetti,,,,http://tour-pedia.org/api/getPlaceDetails?id=86300,http://tour-pedia.org/api/getReviewsByPlaceId?placeId=86300
"58 Boulevard Saint-Michel, Paris, France",restaurant,86312,48.847565,2.340813,Paris,Café Le Luxembourg,,,,http://tour-pedia.org/api/getPlaceDetails?id=86312,http://tour-pedia.org/api/getReviewsByPlaceId?placeId=86312
"94 Boulevard Malesherbes, Paris, France",restaurant,86321,48.881103,2.312493,Paris,Rimal,,,,http://tour-pedia.org/api/getPlaceDetails?id=86321,http://tour-pedia.org/api/getReviewsByPlaceId?placeId=86321
"8 Rue l'Olive, Paris, France",restaurant,86325,48.890659,2.361407,Paris,Brasserie L'Olive,,,,http://tour-pedia.org/api/getPlaceDetails?id=86325,http://tour-pedia.org/api/getReviewsByPlaceId?placeId=86325
"15 Rue de la Terrasse, Paris, France",restaurant,86350,48.882366,2.314134,Paris,L'Auberge Rouge,,,,http://tour-pedia.org/api/getPlaceDetails?id=86350,http://tour-pedia.org/api/getReviewsByPlaceId?placeId=86350
"1 Avenue Simon Bolivar, Paris, France",restaurant,86369,48.873867,2.384826,Paris,McDonald's,,,,http://tour-pedia.org/api/getPlaceDetails?id=86369,http://tour-pedia.org/api/getReviewsByPlaceId?placeId=86369
"127 Avenue du Général Leclerc, Paris, France",restaurant,86370,48.823454,2.325802,Paris,Cafe Creperie Rouge Pomme,,,,http://tour-pedia.org/api/getPlaceDetails?id=86370,http://tour-pedia.org/api/getReviewsByPlaceId?placeId=86370
"32 Rue de Berri, Paris, France",restaurant,86378,48.873473,2.306332,Paris,Annapurna,,,,http://tour-pedia.org/api/getPlaceDetails?id=86378,http://tour-pedia.org/api/getReviewsByPlaceId?placeId=86378
"5 Place Blanche, Paris, France",restaurant,86390,48.883604,2.332098,Paris,Starbucks,,,,http://tour-pedia.org/api/getPlaceDetails?id=86390,http://tour-pedia.org/api/getReviewsByPlaceId?placeId=86390
"10 Rue de la Gaité, Paris, France",restaurant,86404,48.840425,2.324082,Paris,Absolut' café,,,,http://tour-pedia.org/api/getPlaceDetails?id=86404,http://tour-pedia.org/api/getReviewsByPlaceId?placeId=86404
"31 Rue des Vignoles, Paris, France",restaurant,86413,48.853928,2.399556,Paris,Les mondes Bohèmes,,,,http://tour-pedia.org/api/getPlaceDetails?id=86413,http://tour-pedia.org/api/getReviewsByPlaceId?placeId=86413
"45 Rue Oberkampf, Paris, France",restaurant,86421,48.864652,2.372434,Paris,Aux Deux Amis,,,,http://tour-pedia.org/api/getPlaceDetails?id=86421,http://tour-pedia.org/api/getReviewsByPlaceId?placeId=86421
"60 Avenue des Gobelins, Paris, France",restaurant,86422,48.833477,2.354007,Paris,Pizza Del Navona,,,,http://tour-pedia.org/api/getPlaceDetails?id=86422,http://tour-pedia.org/api/getReviewsByPlaceId?placeId=86422
"6 Rue de Mont-Louis, Paris, France",restaurant,86428,48.858103,2.388323,Paris,Yard,,,,http://tour-pedia.org/api/getPlaceDetails?id=86428,http://tour-pedia.org/api/getReviewsByPlaceId?placeId=86428
"84 Avenue des Champs-Élysées, Paris, France",restaurant,86435,48.871259,2.303968,Paris,Paul,,,,http://tour-pedia.org/api/getPlaceDetails?id=86435,http://tour-pedia.org/api/getReviewsByPlaceId?placeId=86435
"142 Avenue des Champs-Élysées, Paris, France",restaurant,86437,48.872908,2.298869,Paris,Butik,,,,http://tour-pedia.org/api/getPlaceDetails?id=86437,http://tour-pedia.org/api/getReviewsByPlaceId?placeId=86437
"99 Boulevard Gouvion-Saint-Cyr, Paris, France",restaurant,86461,48.878344,2.284504,Paris,Chez Clement,,,,http://tour-pedia.org/api/getPlaceDetails?id=86461,http://tour-pedia.org/api/getReviewsByPlaceId?placeId=86461
"22 Rue Desnouettes, Paris, France",restaurant,86473,48.83615,2.291408,Paris,Le Vingt 2,,,,http://tour-pedia.org/api/getPlaceDetails?id=86473,http://tour-pedia.org/api/getReviewsByPlaceId?placeId=86473
"3 Place du Tertre, Paris, France",restaurant,86474,48.88662,2.341187,Paris,Au Clairon des Chasseurs,,,,http://tour-pedia.org/api/getPlaceDetails?id=86474,http://tour-pedia.org/api/getReviewsByPlaceId?placeId=86474
"1 Rue Mouffetard, Paris, France",restaurant,86477,48.84496,2.349343,Paris,Latin Quartier,,,,http://tour-pedia.org/api/getPlaceDetails?id=86477,http://tour-pedia.org/api/getReviewsByPlaceId?placeId=86477
"105 Quai Branly, Paris, France",restaurant,86508,48.854568,2.28913,Paris,Pizza Iolanda,,,,http://tour-pedia.org/api/getPlaceDetails?id=86508,http://tour-pedia.org/api/getReviewsByPlaceId?placeId=86508
"198 Rue de la Convention, Paris, France",restaurant,86512,48.837247,2.296163,Paris,Dupont Café,,,,http://tour-pedia.org/api/getPlaceDetails?id=86512,http://tour-pedia.org/api/getReviewsByPlaceId?placeId=86512
"111 Rue de Longchamp, Paris, France",restaurant,86516,48.866671,2.279518,Paris,La Pâtisserie des Rêves,,,,http://tour-pedia.org/api/getPlaceDetails?id=86516,http://tour-pedia.org/api/getReviewsByPlaceId?placeId=86516
"1 Boulevard Saint-Jacques, Paris, France",restaurant,86518,48.831552,2.341156,Paris,Villa Saint-Jacques,,,,http://tour-pedia.org/api/getPlaceDetails?id=86518,http://tour-pedia.org/api/getReviewsByPlaceId?placeId=86518
"15 Rue de Belleville, Paris, France",restaurant,86527,48.872584,2.378468,Paris,Bubble Tea,,,,http://tour-pedia.org/api/getPlaceDetails?id=86527,http://tour-pedia.org/api/getReviewsByPlaceId?placeId=86527
"22 Avenue Pierre Mendès-France, Paris 13e arrondissement, France",restaurant,86534,48.838175,2.370562,Paris,Factory & Co,,,,http://tour-pedia.org/api/getPlaceDetails?id=86534,http://tour-pedia.org/api/getReviewsByPlaceId?placeId=86534
"207 Rue du Faubourg Saint-Denis, Paris, France",restaurant,86540,48.883954,2.359236,Paris,muniyandi vilas,,,,http://tour-pedia.org/api/getPlaceDetails?id=86540,http://tour-pedia.org/api/getReviewsByPlaceId?placeId=86540
"44 Rue de Tolbiac, Paris, France",restaurant,86548,48.82788,2.371588,Paris,Maki Sushi Tokyo,,,,http://tour-pedia.org/api/getPlaceDetails?id=86548,http://tour-pedia.org/api/getReviewsByPlaceId?placeId=86548
"56 Avenue de Choisy, Paris, France",restaurant,86557,48.823037,2.362526,Paris,Thai-Vien,,,,http://tour-pedia.org/api/getPlaceDetails?id=86557,http://tour-pedia.org/api/getReviewsByPlaceId?placeId=86557
"7 Rue Mouffetard, Paris, France",restaurant,86560,48.844862,2.349215,Paris,Oi Sushi,,,,http://tour-pedia.org/api/getPlaceDetails?id=86560,http://tour-pedia.org/api/getReviewsByPlaceId?placeId=86560
"86 Rue Botzaris, Paris, France",restaurant,86566,48.879406,2.389572,Paris,La Pelouse,,,,http://tour-pedia.org/api/getPlaceDetails?id=86566,http://tour-pedia.org/api/getReviewsByPlaceId?placeId=86566
"57 Rue des Batignolles, Paris, France",restaurant,86573,48.885954,2.319041,Paris,Le Club Des 5,,,,http://tour-pedia.org/api/getPlaceDetails?id=86573,http://tour-pedia.org/api/getReviewsByPlaceId?placeId=86573
"194 Avenue de Choisy, Paris, France",restaurant,86575,48.830819,2.356417,Paris,La Place,,,,http://tour-pedia.org/api/getPlaceDetails?id=86575,http://tour-pedia.org/api/getReviewsByPlaceId?placeId=86575
"123 Avenue des Champs-Élysées, Paris, France",restaurant,86596,48.872695,2.298177,Paris,Chez Clément - Elysées,,,,http://tour-pedia.org/api/getPlaceDetails?id=86596,http://tour-pedia.org/api/getReviewsByPlaceId?placeId=86596
"2 Rue Eugène Sue, Paris, France",restaurant,86602,48.89084,2.345864,Paris,Piccolo Rosso Trattoria Pulcinella,,,,http://tour-pedia.org/api/getPlaceDetails?id=86602,http://tour-pedia.org/api/getReviewsByPlaceId?placeId=86602
"16 Rue Gabriel Lamé, Paris, France",restaurant,86606,48.834109,2.387378,Paris,L'Italia In Bocca,,,,http://tour-pedia.org/api/getPlaceDetails?id=86606,http://tour-pedia.org/api/getReviewsByPlaceId?placeId=86606
"15 Bis Boulevard Victor, Paris, France",restaurant,86618,48.834926,2.282922,Paris,Okyama,,,,http://tour-pedia.org/api/getPlaceDetails?id=86618,http://tour-pedia.org/api/getReviewsByPlaceId?placeId=86618
"218 Rue des Pyrénées, Paris, France",restaurant,86619,48.866119,2.397658,Paris,Boulangerie Paul,,,,http://tour-pedia.org/api/getPlaceDetails?id=86619,http://tour-pedia.org/api/getReviewsByPlaceId?placeId=86619
"Ile De Puteaux - Voie de L Ecluse, Puteaux, France",restaurant,86622,48.871546,2.236941,Paris,le Cinquième 7,,,,http://tour-pedia.org/api/getPlaceDetails?id=86622,http://tour-pedia.org/api/getReviewsByPlaceId?placeId=86622
"39 Rue des Entrepreneurs, Paris, France",restaurant,86624,48.846276,2.286671,Paris,Macis et Muscade,,,,http://tour-pedia.org/api/getPlaceDetails?id=86624,http://tour-pedia.org/api/getReviewsByPlaceId?placeId=86624
"2 Rue du Petit Pont, Paris, France",restaurant,86633,48.852769,2.34648,Paris,Restaurant Jardin Notre-Dame,,,,http://tour-pedia.org/api/getPlaceDetails?id=86633,http://tour-pedia.org/api/getReviewsByPlaceId?placeId=86633
"19 Rue du Télégraphe, Paris, France",restaurant,86636,48.872402,2.399351,Paris,Aarchna,,,,http://tour-pedia.org/api/getPlaceDetails?id=86636,http://tour-pedia.org/api/getReviewsByPlaceId?placeId=86636
"2 Avenue Gordon Bennett, Paris, France",restaurant,86658,48.8472,2.250958,Paris,Restaurant Le Roland Garros,,,,http://tour-pedia.org/api/getPlaceDetails?id=86658,http://tour-pedia.org/api/getReviewsByPlaceId?placeId=86658
"2 Rue de la Gaité, Paris, France",restaurant,86664,48.841163,2.324626,Paris,Amorino / Gaité,,,,http://tour-pedia.org/api/getPlaceDetails?id=86664,http://tour-pedia.org/api/getReviewsByPlaceId?placeId=86664
"48 Avenue Victor Hugo, Paris, France",restaurant,86697,48.871071,2.288391,Paris,Lenôtre,,,,http://tour-pedia.org/api/getPlaceDetails?id=86697,http://tour-pedia.org/api/getReviewsByPlaceId?placeId=86697
"68 Rue du Cardinal Lemoine, Paris, France",restaurant,86702,48.845324,2.349934,Paris,Sugarplum Cake Shop,,,,http://tour-pedia.org/api/getPlaceDetails?id=86702,http://tour-pedia.org/api/getReviewsByPlaceId?placeId=86702
"29 Rue du Faubourg Saint-Antoine, Paris, France",restaurant,86708,48.852636,2.371704,Paris,Starbucks Coffee,,,,http://tour-pedia.org/api/getPlaceDetails?id=86708,http://tour-pedia.org/api/getReviewsByPlaceId?placeId=86708
"3 Place Blanche, Paris, France",restaurant,86712,48.883479,2.332523,Paris,Buffalo Grill,,,,http://tour-pedia.org/api/getPlaceDetails?id=86712,http://tour-pedia.org/api/getReviewsByPlaceId?placeId=86712
"18 Avenue Ledru-Rollin, Paris, France",restaurant,86716,48.846466,2.36902,Paris,Café Barjot,,,,http://tour-pedia.org/api/getPlaceDetails?id=86716,http://tour-pedia.org/api/getReviewsByPlaceId?placeId=86716
"84 Avenue des Champs-Élysées, Paris, France",restaurant,86723,48.871318,2.303883,Paris,McDonald's,,,,http://tour-pedia.org/api/getPlaceDetails?id=86723,http://tour-pedia.org/api/getReviewsByPlaceId?placeId=86723
"7 Rue Véronèse, Paris, France",restaurant,86729,48.833679,2.354854,Paris,Izu,,,,http://tour-pedia.org/api/getPlaceDetails?id=86729,http://tour-pedia.org/api/getReviewsByPlaceId?placeId=86729
"20 Rue de la Gaité, Paris, France",restaurant,86734,48.840013,2.323737,Paris,Le Bistrot de l'Echanson,,,,http://tour-pedia.org/api/getPlaceDetails?id=86734,http://tour-pedia.org/api/getReviewsByPlaceId?placeId=86734
"17 Rue Alexandre Dumas, Paris, France",restaurant,86738,48.853214,2.390451,Paris,Pizza e fichi,,,,http://tour-pedia.org/api/getPlaceDetails?id=86738,http://tour-pedia.org/api/getReviewsByPlaceId?placeId=86738
"160 Rue Oberkampf, Paris, France",restaurant,86739,48.866833,2.382439,Paris,Les Courtilles,,,,http://tour-pedia.org/api/getPlaceDetails?id=86739,http://tour-pedia.org/api/getReviewsByPlaceId?placeId=86739
"33 bis Rue Saint-Amand, Paris, France",restaurant,86749,48.834046,2.309014,Paris,Le Grenier A Pain Saint Amand,,,,http://tour-pedia.org/api/getPlaceDetails?id=86749,http://tour-pedia.org/api/getReviewsByPlaceId?placeId=86749
"10 Place Paul Verlaine, Paris, France",restaurant,86752,48.827483,2.351914,Paris,Le Bouche à Oreille,,,,http://tour-pedia.org/api/getPlaceDetails?id=86752,http://tour-pedia.org/api/getReviewsByPlaceId?placeId=86752
"38 Rue Balard, Paris, France",restaurant,86753,48.84312,2.277359,Paris,Ogimi,,,,http://tour-pedia.org/api/getPlaceDetails?id=86753,http://tour-pedia.org/api/getReviewsByPlaceId?placeId=86753
"141 Avenue de Malakoff, Paris, France",restaurant,86769,48.875404,2.283718,Paris,La Villa Corse,,,,http://tour-pedia.org/api/getPlaceDetails?id=86769,http://tour-pedia.org/api/getReviewsByPlaceId?placeId=86769
"125 Avenue Gambetta, Paris, France",restaurant,86778,48.868126,2.401114,Paris,Chez Papa,,,,http://tour-pedia.org/api/getPlaceDetails?id=86778,http://tour-pedia.org/api/getReviewsByPlaceId?placeId=86778
"73 Rue du Faubourg du Temple, Paris, France",restaurant,86783,48.870137,2.371082,Paris,Le Floréal,,,,http://tour-pedia.org/api/getPlaceDetails?id=86783,http://tour-pedia.org/api/getReviewsByPlaceId?placeId=86783
"10 Rue de Rivoli, Paris, France",restaurant,86796,48.855532,2.360417,Paris,Starbucks,,,,http://tour-pedia.org/api/getPlaceDetails?id=86796,http://tour-pedia.org/api/getReviewsByPlaceId?placeId=86796
"50 Rue Desbordes-Valmore, Paris, France",restaurant,86827,48.859482,2.276096,Paris,Domino's Pizza Paris 16,,,,http://tour-pedia.org/api/getPlaceDetails?id=86827,http://tour-pedia.org/api/getReviewsByPlaceId?placeId=86827
"153 Rue de la Roquette, Paris, France",restaurant,86831,48.859268,2.386908,Paris,L'Artiste,,,,http://tour-pedia.org/api/getPlaceDetails?id=86831,http://tour-pedia.org/api/getReviewsByPlaceId?placeId=86831
"10 Boulevard Jourdan, Paris, France",restaurant,86835,48.819729,2.343035,Paris,Le Fleurus,,,,http://tour-pedia.org/api/getPlaceDetails?id=86835,http://tour-pedia.org/api/getReviewsByPlaceId?placeId=86835
"354 Bis Rue de Vaugirard, Paris, France",restaurant,86860,48.835951,2.293424,Paris,Le Comptoir,,,,http://tour-pedia.org/api/getPlaceDetails?id=86860,http://tour-pedia.org/api/getReviewsByPlaceId?placeId=86860
"101 Avenue des Ternes, Paris, France",restaurant,86877,48.880476,2.285828,Paris,Bellagio,,,,http://tour-pedia.org/api/getPlaceDetails?id=86877,http://tour-pedia.org/api/getReviewsByPlaceId?placeId=86877
"35 Rue Didot, Paris, France",restaurant,86887,48.832423,2.320692,Paris,L'imprévu,,,,http://tour-pedia.org/api/getPlaceDetails?id=86887,http://tour-pedia.org/api/getReviewsByPlaceId?placeId=86887
"133 Avenue des Champs-Élysées, Paris, France",restaurant,86903,48.872931,2.297431,Paris,Pierre Hermé,,,,http://tour-pedia.org/api/getPlaceDetails?id=86903,http://tour-pedia.org/api/getReviewsByPlaceId?placeId=86903
"13 Rue de la Butte aux Cailles, Paris, France",restaurant,86937,48.827594,2.350071,Paris,Des Crêpes et des Cailles,,,,http://tour-pedia.org/api/getPlaceDetails?id=86937,http://tour-pedia.org/api/getReviewsByPlaceId?placeId=86937
"6 Impasse de la Défense, Paris, France",restaurant,86965,48.885273,2.327311,Paris,Le Bal Café,,,,http://tour-pedia.org/api/getPlaceDetails?id=86965,http://tour-pedia.org/api/getReviewsByPlaceId?placeId=86965
"23 Rue Melingue, Paris, France",restaurant,86978,48.875773,2.385713,Paris,L'Hermes,,,,http://tour-pedia.org/api/getPlaceDetails?id=86978,http://tour-pedia.org/api/getReviewsByPlaceId?placeId=86978
"6 Place Saint-Michel, Paris, France",restaurant,87001,48.853451,2.343491,Paris,Le rive gauche,,,,http://tour-pedia.org/api/getPlaceDetails?id=87001,http://tour-pedia.org/api/getReviewsByPlaceId?placeId=87001
"34bis Rue des Plantes, Paris, France",restaurant,87032,48.829849,2.322967,Paris,Au Moulin Vert,,,,http://tour-pedia.org/api/getPlaceDetails?id=87032,http://tour-pedia.org/api/getReviewsByPlaceId?placeId=87032
"7 Rue Francis de Pressensé, Paris, France",restaurant,87043,48.833723,2.316593,Paris,Restaurant de L'Entrepôt,,,,http://tour-pedia.org/api/getPlaceDetails?id=87043,http://tour-pedia.org/api/getReviewsByPlaceId?placeId=87043
"12 Rue Norvins, Paris, France",restaurant,87046,48.886956,2.340449,Paris,Chez Ma Cousine,,,,http://tour-pedia.org/api/getPlaceDetails?id=87046,http://tour-pedia.org/api/getReviewsByPlaceId?placeId=87046
"14 Avenue Jean Moulin, Paris, France",restaurant,87060,48.827362,2.325463,Paris,Au Four au Moulin,,,,http://tour-pedia.org/api/getPlaceDetails?id=87060,http://tour-pedia.org/api/getReviewsByPlaceId?placeId=87060
"3 Rue Eugène Varlin, Paris, France",restaurant,87072,48.877852,2.365065,Paris,El Nopal,,,,http://tour-pedia.org/api/getPlaceDetails?id=87072,http://tour-pedia.org/api/getReviewsByPlaceId?placeId=87072
"3 Avenue Winston Churchill, Paris, France",restaurant,87073,48.865226,2.312896,Paris,Minipalais,,,,http://tour-pedia.org/api/getPlaceDetails?id=87073,http://tour-pedia.org/api/getReviewsByPlaceId?placeId=87073
"10 Rue des Frères d'Astier de la Vigerie, Paris, France",restaurant,87083,48.823902,2.362257,Paris,Boeuf Grillé,,,,http://tour-pedia.org/api/getPlaceDetails?id=87083,http://tour-pedia.org/api/getReviewsByPlaceId?placeId=87083
"22 Avenue Raymond Poincaré, Paris, France",restaurant,87086,48.865196,2.286606,Paris,Le PoinCaré,,,,http://tour-pedia.org/api/getPlaceDetails?id=87086,http://tour-pedia.org/api/getReviewsByPlaceId?placeId=87086
"50 Avenue des Gobelins, Paris, France",restaurant,87093,48.834008,2.353639,Paris,Pizza Cesar,,,,http://tour-pedia.org/api/getPlaceDetails?id=87093,http://tour-pedia.org/api/getReviewsByPlaceId?placeId=87093
"10 Rue du Général Brunet, Paris, France",restaurant,87110,48.88045,2.390889,Paris,La Table de Botzaris,,,,http://tour-pedia.org/api/getPlaceDetails?id=87110,http://tour-pedia.org/api/getReviewsByPlaceId?placeId=87110
"4 Avenue Victor Hugo, Paris, France",restaurant,87114,48.873018,2.292992,Paris,L'Aventure,,,,http://tour-pedia.org/api/getPlaceDetails?id=87114,http://tour-pedia.org/api/getReviewsByPlaceId?placeId=87114
"121 Avenue d'Ivry, Paris, France",restaurant,87119,48.826047,2.360033,Paris,Le Lotus,,,,http://tour-pedia.org/api/getPlaceDetails?id=87119,http://tour-pedia.org/api/getReviewsByPlaceId?placeId=87119
"127 Rue Mouffetard, Paris, France",restaurant,87122,48.84014,2.349846,Paris,Bocamexa,,,,http://tour-pedia.org/api/getPlaceDetails?id=87122,http://tour-pedia.org/api/getReviewsByPlaceId?placeId=87122
"115 Rue Oberkampf, Paris, France",restaurant,87133,48.866,2.37856,Paris,L'esprit Tchai,,,,http://tour-pedia.org/api/getPlaceDetails?id=87133,http://tour-pedia.org/api/getReviewsByPlaceId?placeId=87133
"5 Quai de la Seine, Paris, France",restaurant,87153,48.884537,2.370047,Paris,Coté Canal,,,,http://tour-pedia.org/api/getPlaceDetails?id=87153,http://tour-pedia.org/api/getReviewsByPlaceId?placeId=87153
"Boulevard de Grenelle, Paris, France",restaurant,87154,48.854166,2.289429,Paris,Pizza Fiorentina,,,,http://tour-pedia.org/api/getPlaceDetails?id=87154,http://tour-pedia.org/api/getReviewsByPlaceId?placeId=87154
"8 Rue Saint-Lazare, Paris 9e, France",restaurant,87170,48.876909,2.338296,Paris,Jean,,,,http://tour-pedia.org/api/getPlaceDetails?id=87170,http://tour-pedia.org/api/getReviewsByPlaceId?placeId=87170
"33 Rue Annonciation, Paris, France",restaurant,87191,48.857046,2.278661,Paris,Crêperie Chez Yannick,,,,http://tour-pedia.org/api/getPlaceDetails?id=87191,http://tour-pedia.org/api/getReviewsByPlaceId?placeId=87191
"156 Rue Raymond Losserand, Paris, France",restaurant,87200,48.830755,2.311681,Paris,Au Paradis du Gourmand,,,,http://tour-pedia.org/api/getPlaceDetails?id=87200,http://tour-pedia.org/api/getReviewsByPlaceId?placeId=87200
"70 Rue Baudricourt, Paris, France",restaurant,87209,48.825222,2.362453,Paris,Le Bambou,,,,http://tour-pedia.org/api/getPlaceDetails?id=87209,http://tour-pedia.org/api/getReviewsByPlaceId?placeId=87209
"15Bis Rue de Tolbiac, Paris, France",restaurant,87220,48.829235,2.374568,Paris,La Zygothèque,,,,http://tour-pedia.org/api/getPlaceDetails?id=87220,http://tour-pedia.org/api/getReviewsByPlaceId?placeId=87220
"32 Boulevard Jourdan, Paris, France",restaurant,87236,48.821555,2.333609,Paris,Bistrot 32,,,,http://tour-pedia.org/api/getPlaceDetails?id=87236,http://tour-pedia.org/api/getReviewsByPlaceId?placeId=87236
"5 Rue Curial, Paris, France",restaurant,87248,48.890183,2.370541,Paris,Les Grandes Tables du 104,,,,http://tour-pedia.org/api/getPlaceDetails?id=87248,http://tour-pedia.org/api/getReviewsByPlaceId?placeId=87248
"153 Boulevard Malesherbes, Paris, France",restaurant,87259,48.885014,2.307226,Paris,Les Délices de Monceau,,,,http://tour-pedia.org/api/getPlaceDetails?id=87259,http://tour-pedia.org/api/getReviewsByPlaceId?placeId=87259
"27 Quai de Grenelle, Paris, France",restaurant,87293,48.852904,2.28674,Paris,Okito,,,,http://tour-pedia.org/api/getPlaceDetails?id=87293,http://tour-pedia.org/api/getReviewsByPlaceId?placeId=87293
"12 Avenue Mozart, Paris, France",restaurant,87302,48.857468,2.27311,Paris,Le Mozart,,,,http://tour-pedia.org/api/getPlaceDetails?id=87302,http://tour-pedia.org/api/getReviewsByPlaceId?placeId=87302
"63 Avenue des Champs-Élysées, Paris, France",restaurant,87314,48.870456,2.304361,Paris,Léon de Bruxelles,,,,http://tour-pedia.org/api/getPlaceDetails?id=87314,http://tour-pedia.org/api/getReviewsByPlaceId?placeId=87314
"96 Rue Oberkampf, Paris, France",restaurant,87348,48.865673,2.377687,Paris,Chez Justine,,,,http://tour-pedia.org/api/getPlaceDetails?id=87348,http://tour-pedia.org/api/getReviewsByPlaceId?placeId=87348
"360 Rue de Vaugirard, Paris, France",restaurant,87365,48.835356,2.29234,Paris,Tokyo Sushi,,,,http://tour-pedia.org/api/getPlaceDetails?id=87365,http://tour-pedia.org/api/getReviewsByPlaceId?placeId=87365
"33 Rue de Torcy, Paris, France",restaurant,87404,48.891218,2.360894,Paris,Mandarin du Marché Sté,,,,http://tour-pedia.org/api/getPlaceDetails?id=87404,http://tour-pedia.org/api/getReviewsByPlaceId?placeId=87404
"47 Rue de Belleville, Paris, France",restaurant,87442,48.873095,2.38073,Paris,"Guo Xin, Restaurant raviolis",,,,http://tour-pedia.org/api/getPlaceDetails?id=87442,http://tour-pedia.org/api/getReviewsByPlaceId?placeId=87442
"79 Rue du Mont Cenis, Paris, France",restaurant,87447,48.892618,2.34423,Paris,Le Nord Sud,,,,http://tour-pedia.org/api/getPlaceDetails?id=87447,http://tour-pedia.org/api/getReviewsByPlaceId?placeId=87447
"131 Avenue Parmentier, Paris, France",restaurant,87468,48.869361,2.371751,Paris,Le Dauphin,,,,http://tour-pedia.org/api/getPlaceDetails?id=87468,http://tour-pedia.org/api/getReviewsByPlaceId?placeId=87468
"29 Avenue Secrétan, France",restaurant,87485,48.881443,2.372987,Paris,Portolan Boris,,,,http://tour-pedia.org/api/getPlaceDetails?id=87485,http://tour-pedia.org/api/getReviewsByPlaceId?placeId=87485
"27 Avenue Carnot, Paris, France",restaurant,87498,48.876976,2.291992,Paris,Arc Cafe,,,,http://tour-pedia.org/api/getPlaceDetails?id=87498,http://tour-pedia.org/api/getReviewsByPlaceId?placeId=87498
"4 Rue de Navarin, Paris, France",restaurant,87503,48.87952,2.339659,Paris,La Maison Mère,,,,http://tour-pedia.org/api/getPlaceDetails?id=87503,http://tour-pedia.org/api/getReviewsByPlaceId?placeId=87503
"1 Villa Léandre, Paris, France",restaurant,87511,48.8884,2.33552,Paris,Marcel,,,,http://tour-pedia.org/api/getPlaceDetails?id=87511,http://tour-pedia.org/api/getReviewsByPlaceId?placeId=87511
"22 Rue Caulaincourt, Paris, France",restaurant,87545,48.887345,2.333388,Paris,Boulangerie Gontran Cherrier,,,,http://tour-pedia.org/api/getPlaceDetails?id=87545,http://tour-pedia.org/api/getReviewsByPlaceId?placeId=87545
"44 Boulevard de Ménilmontant, Paris, France",restaurant,87547,48.863157,2.387502,Paris,Aux Tables du Père Lachaise,,,,http://tour-pedia.org/api/getPlaceDetails?id=87547,http://tour-pedia.org/api/getReviewsByPlaceId?placeId=87547
"30 Passage Saint-Emilion, Paris, France",restaurant,87550,48.833209,2.386526,Paris,La Compagnie des Crêpes,,,,http://tour-pedia.org/api/getPlaceDetails?id=87550,http://tour-pedia.org/api/getReviewsByPlaceId?placeId=87550
"3 Rue Sainte-Croix de la Bretonnerie, Paris, France",restaurant,87552,48.857637,2.357283,Paris,Jaja,,,,http://tour-pedia.org/api/getPlaceDetails?id=87552,http://tour-pedia.org/api/getReviewsByPlaceId?placeId=87552
"2 Place du Tertre, Paris, France",restaurant,87553,48.886701,2.341101,Paris,La Bohême du Tertre,,,,http://tour-pedia.org/api/getPlaceDetails?id=87553,http://tour-pedia.org/api/getReviewsByPlaceId?placeId=87553
"97 Avenue d'Ivry, Paris, France",restaurant,87558,48.825032,2.36204,Paris,Thai Royal,,,,http://tour-pedia.org/api/getPlaceDetails?id=87558,http://tour-pedia.org/api/getReviewsByPlaceId?placeId=87558
"133 Avenue des Champs-Élysées, Paris, France",restaurant,87559,48.87291,2.297406,Paris,L'Atelier de Joël Robuchon,,,,http://tour-pedia.org/api/getPlaceDetails?id=87559,http://tour-pedia.org/api/getReviewsByPlaceId?placeId=87559
"50 Avenue d'Ivry, Paris, France",restaurant,87577,48.823658,2.365268,Paris,Thieng Heng,,,,http://tour-pedia.org/api/getPlaceDetails?id=87577,http://tour-pedia.org/api/getReviewsByPlaceId?placeId=87577
"3 ter Rue Marcadet, Paris, France",restaurant,87581,48.890336,2.355218,Paris,le café Lomi,,,,http://tour-pedia.org/api/getPlaceDetails?id=87581,http://tour-pedia.org/api/getReviewsByPlaceId?placeId=87581
"86 Rue Montmartre, Paris, France",restaurant,87616,48.866805,2.344335,Paris,Café Père & fils,,,,http://tour-pedia.org/api/getPlaceDetails?id=87616,http://tour-pedia.org/api/getReviewsByPlaceId?placeId=87616
"20 Rue du 4 Septembre, Paris, France",restaurant,87676,48.8698,2.335837,Paris,La bombe,,,,http://tour-pedia.org/api/getPlaceDetails?id=87676,http://tour-pedia.org/api/getReviewsByPlaceId?placeId=87676
"66 Avenue de la Motte-Picquet, Paris, France",restaurant,87685,48.849511,2.298191,Paris,Starbucks,,,,http://tour-pedia.org/api/getPlaceDetails?id=87685,http://tour-pedia.org/api/getReviewsByPlaceId?placeId=87685
"37 Rue de Cotte, Paris, France",restaurant,87687,48.850555,2.378368,Paris,Le Chat Bossu,,,,http://tour-pedia.org/api/getPlaceDetails?id=87687,http://tour-pedia.org/api/getReviewsByPlaceId?placeId=87687
"7 Avenue Eylau, Paris, France",restaurant,87721,48.863758,2.285623,Paris,Schwartz's,,,,http://tour-pedia.org/api/getPlaceDetails?id=87721,http://tour-pedia.org/api/getReviewsByPlaceId?placeId=87721
"55 Rue du Cardinal Lemoine, Paris 05, France",restaurant,87728,48.846699,2.351945,Paris,Cardinal Sushi,,,,http://tour-pedia.org/api/getPlaceDetails?id=87728,http://tour-pedia.org/api/getReviewsByPlaceId?placeId=87728
"34 Cour Saint-Emilion, Paris, France",restaurant,87729,48.833198,2.386529,Paris,Saint M',,,,http://tour-pedia.org/api/getPlaceDetails?id=87729,http://tour-pedia.org/api/getReviewsByPlaceId?placeId=87729
"73 Place du Docteur Félix Lobligeois, Paris, France",restaurant,87735,48.886705,2.317359,Paris,Le Tout Petit,,,,http://tour-pedia.org/api/getPlaceDetails?id=87735,http://tour-pedia.org/api/getReviewsByPlaceId?placeId=87735
"5 Boulevard des Batignolles, Paris, France",restaurant,87744,48.88342,2.325962,Paris,hippopotamus,,,,http://tour-pedia.org/api/getPlaceDetails?id=87744,http://tour-pedia.org/api/getReviewsByPlaceId?placeId=87744
"177 Quai de Valmy, Paris, France",restaurant,87763,48.87995,2.366947,Paris,Les gamins,,,,http://tour-pedia.org/api/getPlaceDetails?id=87763,http://tour-pedia.org/api/getReviewsByPlaceId?placeId=87763
"49 Bis Avenue du Général Michel Bizot, Paris, France",restaurant,87778,48.83516,2.401279,Paris,L'escale de Marrakech,,,,http://tour-pedia.org/api/getPlaceDetails?id=87778,http://tour-pedia.org/api/getReviewsByPlaceId?placeId=87778
"10 Chaussée de la Muette, Paris, France",restaurant,87799,48.858308,2.273483,Paris,Bistro de la Muette,,,,http://tour-pedia.org/api/getPlaceDetails?id=87799,http://tour-pedia.org/api/getReviewsByPlaceId?placeId=87799
"9 Rue Norvins, Paris, France",restaurant,87800,48.886933,2.33966,Paris,Le Tire Bouchon,,,,http://tour-pedia.org/api/getPlaceDetails?id=87800,http://tour-pedia.org/api/getReviewsByPlaceId?placeId=87800
"209 Rue du Faubourg Saint-Martin, Paris, France",restaurant,87809,48.88045,2.364156,Paris,Restaurant Nooï,,,,http://tour-pedia.org/api/getPlaceDetails?id=87809,http://tour-pedia.org/api/getReviewsByPlaceId?placeId=87809
"3 Place Denfert-Rochereau, Paris, France",restaurant,87814,48.833347,2.333789,Paris,"Café Oz, Denfert",,,,http://tour-pedia.org/api/getPlaceDetails?id=87814,http://tour-pedia.org/api/getReviewsByPlaceId?placeId=87814
"52 Rue de Saintonge, Paris, France",restaurant,87818,48.863007,2.364018,Paris,Candelaria,,,,http://tour-pedia.org/api/getPlaceDetails?id=87818,http://tour-pedia.org/api/getReviewsByPlaceId?placeId=87818
"6 Rue de Wattignies, Paris, France",restaurant,87833,48.836723,2.392487,Paris,Casa da Naktel,,,,http://tour-pedia.org/api/getPlaceDetails?id=87833,http://tour-pedia.org/api/getReviewsByPlaceId?placeId=87833
"229 Avenue Gambetta, Paris, France",restaurant,87835,48.874741,2.405438,Paris,La Recoleta,,,,http://tour-pedia.org/api/getPlaceDetails?id=87835,http://tour-pedia.org/api/getReviewsByPlaceId?placeId=87835
"91 Boulevard Beaumarchais, Paris, France",restaurant,87839,48.859376,2.367501,Paris,Grazie,,,,http://tour-pedia.org/api/getPlaceDetails?id=87839,http://tour-pedia.org/api/getReviewsByPlaceId?placeId=87839
"54 Rue du Docteur Finlay, Paris, France",restaurant,87850,48.850947,2.291721,Paris,Restaurant Taki,,,,http://tour-pedia.org/api/getPlaceDetails?id=87850,http://tour-pedia.org/api/getReviewsByPlaceId?placeId=87850
"155 Boulevard Saint-Germain, Paris, France",restaurant,87883,48.853867,2.332068,Paris,Café Louise,,,,http://tour-pedia.org/api/getPlaceDetails?id=87883,http://tour-pedia.org/api/getReviewsByPlaceId?placeId=87883
"5 Boulevard Soult, Paris, France",restaurant,87887,48.835973,2.406791,Paris,Bistrot de la Porte Dorée,,,,http://tour-pedia.org/api/getPlaceDetails?id=87887,http://tour-pedia.org/api/getReviewsByPlaceId?placeId=87887
"1 Rue de la Bucherie, Paris, France",restaurant,87946,48.851347,2.349066,Paris,Beaurepaire,,,,http://tour-pedia.org/api/getPlaceDetails?id=87946,http://tour-pedia.org/api/getReviewsByPlaceId?placeId=87946
"29 Rue de l'Annonciation, Paris, France",restaurant,87986,48.856816,2.278852,Paris,Aux Merveilleux de Fred,,,,http://tour-pedia.org/api/getPlaceDetails?id=87986,http://tour-pedia.org/api/getReviewsByPlaceId?placeId=87986
"14 Rue Washington, Paris, France",restaurant,87990,48.872568,2.302236,Paris,Jet Set,,,,http://tour-pedia.org/api/getPlaceDetails?id=87990,http://tour-pedia.org/api/getReviewsByPlaceId?placeId=87990
"57 Rue Charlot, Paris, France",restaurant,87999,48.863434,2.363132,Paris,Nanashi,,,,http://tour-pedia.org/api/getPlaceDetails?id=87999,http://tour-pedia.org/api/getReviewsByPlaceId?placeId=87999
"46 Rue de Rivoli, Paris, France",restaurant,88011,48.857276,2.353365,Paris,Starbucks Coffee,,,,http://tour-pedia.org/api/getPlaceDetails?id=88011,http://tour-pedia.org/api/getReviewsByPlaceId?placeId=88011
"12 Boulevard Vincent Auriol, Paris, France",restaurant,88022,48.83716,2.372582,Paris,Comptoir K,,,,http://tour-pedia.org/api/getPlaceDetails?id=88022,http://tour-pedia.org/api/getReviewsByPlaceId?placeId=88022
"47 Rue Balard, Paris, France",restaurant,88050,48.841807,2.277874,Paris,R-wan,,,,http://tour-pedia.org/api/getPlaceDetails?id=88050,http://tour-pedia.org/api/getReviewsByPlaceId?placeId=88050
"16 Avenue Bugeaud, Paris, France",restaurant,88058,48.870301,2.283063,Paris,Les Tablettes de Jean-Louis Nomicos,,,,http://tour-pedia.org/api/getPlaceDetails?id=88058,http://tour-pedia.org/api/getReviewsByPlaceId?placeId=88058
"18 Rue Norvins, Paris, France",restaurant,88062,48.887069,2.339965,Paris,Le Consulat Restaurant,,,,http://tour-pedia.org/api/getPlaceDetails?id=88062,http://tour-pedia.org/api/getReviewsByPlaceId?placeId=88062
"71 Quai de la Seine, Paris, France",restaurant,88063,48.888181,2.37742,Paris,Le Bellerive,,,,http://tour-pedia.org/api/getPlaceDetails?id=88063,http://tour-pedia.org/api/getReviewsByPlaceId?placeId=88063
"20 Rue Gazan, Paris, France",restaurant,88094,48.82212,2.340508,Paris,Pavillon Montsouris,,,,http://tour-pedia.org/api/getPlaceDetails?id=88094,http://tour-pedia.org/api/getReviewsByPlaceId?placeId=88094
"119bis Rue Monge, Paris, France",restaurant,88097,48.83904,2.351165,Paris,Dans Les Landes,,,,http://tour-pedia.org/api/getPlaceDetails?id=88097,http://tour-pedia.org/api/getReviewsByPlaceId?placeId=88097
"19 Rue Keller, Paris, France",restaurant,88100,48.854874,2.375608,Paris,Cafe Moderne,,,,http://tour-pedia.org/api/getPlaceDetails?id=88100,http://tour-pedia.org/api/getReviewsByPlaceId?placeId=88100
"2 Place du Trocadéro et du 11 Novembre, Paris, France",restaurant,88108,48.863347,2.287865,Paris,Le Wilson,,,,http://tour-pedia.org/api/getPlaceDetails?id=88108,http://tour-pedia.org/api/getReviewsByPlaceId?placeId=88108
"6 Rue des Abbesses, Paris, France",restaurant,88109,48.884008,2.339098,Paris,Au Levain d'Antan,,,,http://tour-pedia.org/api/getPlaceDetails?id=88109,http://tour-pedia.org/api/getReviewsByPlaceId?placeId=88109
"4 Rue Blainville, Paris, France",restaurant,88138,48.844542,2.348912,Paris,La Truffière,,,,http://tour-pedia.org/api/getPlaceDetails?id=88138,http://tour-pedia.org/api/getReviewsByPlaceId?placeId=88138
"2 Place Édouard Renard, Paris, France",restaurant,88147,48.835243,2.408005,Paris,Brasserie Les Cascades,,,,http://tour-pedia.org/api/getPlaceDetails?id=88147,http://tour-pedia.org/api/getReviewsByPlaceId?placeId=88147
"80 Rue de Charonne, Paris, France",restaurant,88166,48.853608,2.380767,Paris,Septime,,,,http://tour-pedia.org/api/getPlaceDetails?id=88166,http://tour-pedia.org/api/getReviewsByPlaceId?placeId=88166
"80 Boulevard de Rochechouart, Paris, France",restaurant,88168,48.882856,2.343053,Paris,Le Petit Trianon,,,,http://tour-pedia.org/api/getPlaceDetails?id=88168,http://tour-pedia.org/api/getReviewsByPlaceId?placeId=88168
"19 Rue Duranton, Paris, France",restaurant,88172,48.840091,2.286446,Paris,Le Granite,,,,http://tour-pedia.org/api/getPlaceDetails?id=88172,http://tour-pedia.org/api/getReviewsByPlaceId?placeId=88172
"6 Place Jacques Froment, Paris, France",restaurant,88174,48.891058,2.331304,Paris,Le 6 Bis,,,,http://tour-pedia.org/api/getPlaceDetails?id=88174,http://tour-pedia.org/api/getReviewsByPlaceId?placeId=88174
"52 Rue Saint-Maur, Paris, France",restaurant,88176,48.862684,2.379764,Paris,L'Altra,,,,http://tour-pedia.org/api/getPlaceDetails?id=88176,http://tour-pedia.org/api/getReviewsByPlaceId?placeId=88176
"43 Avenue Felix Faure, Paris, France",restaurant,88187,48.840934,2.287743,Paris,Starbucks,,,,http://tour-pedia.org/api/getPlaceDetails?id=88187,http://tour-pedia.org/api/getReviewsByPlaceId?placeId=88187
"90 Quai de Jemmapes, Paris, France",restaurant,88218,48.872845,2.364646,Paris,Café Marcel,,,,http://tour-pedia.org/api/getPlaceDetails?id=88218,http://tour-pedia.org/api/getReviewsByPlaceId?placeId=88218
"54 Avenue Felix Faure, Paris, France",restaurant,88247,48.840771,2.286798,Paris,Axuria,,,,http://tour-pedia.org/api/getPlaceDetails?id=88247,http://tour-pedia.org/api/getReviewsByPlaceId?placeId=88247
"8 Avenue du Trône, Paris, France",restaurant,88253,48.847811,2.398113,Paris,Café Marco Polo,,,,http://tour-pedia.org/api/getPlaceDetails?id=88253,http://tour-pedia.org/api/getReviewsByPlaceId?placeId=88253
"3 Rue de Prague, Paris, France",restaurant,88293,48.848865,2.375845,Paris,Les Banquettes,,,,http://tour-pedia.org/api/getPlaceDetails?id=88293,http://tour-pedia.org/api/getReviewsByPlaceId?placeId=88293
"73 Quai Panhard et Levassor, Paris, France",restaurant,88303,48.830849,2.381162,Paris,The Bootlagers,,,,http://tour-pedia.org/api/getPlaceDetails?id=88303,http://tour-pedia.org/api/getReviewsByPlaceId?placeId=88303
"14 Boulevard Saint-Michel, Paris, France",restaurant,88360,48.852159,2.343815,Paris,Paul,,,,http://tour-pedia.org/api/getPlaceDetails?id=88360,http://tour-pedia.org/api/getReviewsByPlaceId?placeId=88360
"129 Avenue du Général Leclerc, Paris, France",restaurant,88422,48.823417,2.325794,Paris,Paris Orléans,,,,http://tour-pedia.org/api/getPlaceDetails?id=88422,http://tour-pedia.org/api/getReviewsByPlaceId?placeId=88422
"297 Rue de Vaugirard, Paris, France",restaurant,88427,48.839076,2.300267,Paris,Starbucks,,,,http://tour-pedia.org/api/getPlaceDetails?id=88427,http://tour-pedia.org/api/getReviewsByPlaceId?placeId=88427
"Tour Eiffel,Champ de Mars, Paris, France",restaurant,88434,48.858278,2.294254,Paris,58 Tour Eiffel,,,,http://tour-pedia.org/api/getPlaceDetails?id=88434,http://tour-pedia.org/api/getReviewsByPlaceId?placeId=88434
"1 Cour des Petites Écuries, Paris, France",restaurant,88448,48.87243,2.353217,Paris,Lucky Luciano,,,,http://tour-pedia.org/api/getPlaceDetails?id=88448,http://tour-pedia.org/api/getReviewsByPlaceId?placeId=88448
"6 Rue Victor Letalle, Paris, France",restaurant,88458,48.867203,2.385318,Paris,Chatomat,,,,http://tour-pedia.org/api/getPlaceDetails?id=88458,http://tour-pedia.org/api/getReviewsByPlaceId?placeId=88458
"1 Place Jacques Rouché, Paris, France",restaurant,88484,48.872087,2.332297,Paris,L'Opéra Restaurant,,,,http://tour-pedia.org/api/getPlaceDetails?id=88484,http://tour-pedia.org/api/getReviewsByPlaceId?placeId=88484
"Rue de Lyon, Paris, France",restaurant,88487,48.849045,2.371154,Paris,US Ateliers,,,,http://tour-pedia.org/api/getPlaceDetails?id=88487,http://tour-pedia.org/api/getReviewsByPlaceId?placeId=88487
"7 Rue de Jarente, Paris, France",restaurant,88498,48.855704,2.362802,Paris,La Mangerie,,,,http://tour-pedia.org/api/getPlaceDetails?id=88498,http://tour-pedia.org/api/getReviewsByPlaceId?placeId=88498
"Avenue Paul Doumer, Paris, France",restaurant,88516,48.859875,2.279992,Paris,Planet Sushi Doumer,,,,http://tour-pedia.org/api/getPlaceDetails?id=88516,http://tour-pedia.org/api/getReviewsByPlaceId?placeId=88516
"14 Rue Nélaton, Paris, France",restaurant,88519,48.853163,2.287736,Paris,Le Concert de Cuisine,,,,http://tour-pedia.org/api/getPlaceDetails?id=88519,http://tour-pedia.org/api/getReviewsByPlaceId?placeId=88519
"6-8 Place de la Bataille de Stalingrad, Paris, France",restaurant,88628,48.883557,2.369719,Paris,La Rotonde,,,,http://tour-pedia.org/api/getPlaceDetails?id=88628,http://tour-pedia.org/api/getReviewsByPlaceId?placeId=88628
"205 Rue du Faubourg Saint-Honoré, Paris, France",restaurant,88630,48.876402,2.30179,Paris,Le Hoche,,,,http://tour-pedia.org/api/getPlaceDetails?id=88630,http://tour-pedia.org/api/getReviewsByPlaceId?placeId=88630
"7 Rue André Lefebvre, Paris, France",restaurant,88638,48.842932,2.278232,Paris,Kaiseki,,,,http://tour-pedia.org/api/getPlaceDetails?id=88638,http://tour-pedia.org/api/getReviewsByPlaceId?placeId=88638
"37 Rue Yves Toudic, Paris, France",restaurant,88660,48.871318,2.362182,Paris,El guacamole,,,,http://tour-pedia.org/api/getPlaceDetails?id=88660,http://tour-pedia.org/api/getReviewsByPlaceId?placeId=88660
"227 Bis Rue Marcadet, Paris, France",restaurant,88684,48.892251,2.331346,Paris,Le Square,,,,http://tour-pedia.org/api/getPlaceDetails?id=88684,http://tour-pedia.org/api/getReviewsByPlaceId?placeId=88684
"77 Rue Rambuteau, Paris, France",restaurant,88726,48.862094,2.349399,Paris,Starbucks,,,,http://tour-pedia.org/api/getPlaceDetails?id=88726,http://tour-pedia.org/api/getReviewsByPlaceId?placeId=88726
"39 Rue Geoffroy-Saint-Hilaire, Paris, France",restaurant,88792,48.841824,2.355076,Paris,Complexe Commercial de la Mosquée de Paris,,,,http://tour-pedia.org/api/getPlaceDetails?id=88792,http://tour-pedia.org/api/getReviewsByPlaceId?placeId=88792
"20 Rue Alibert, Paris, France",restaurant,88829,48.871706,2.368223,Paris,Le Petit Cambodge,,,,http://tour-pedia.org/api/getPlaceDetails?id=88829,http://tour-pedia.org/api/getReviewsByPlaceId?placeId=88829
"144 Boulevard Exelmans, Paris, France",restaurant,88891,48.847813,2.259822,Paris,Congrès d'Auteuil,,,,http://tour-pedia.org/api/getPlaceDetails?id=88891,http://tour-pedia.org/api/getReviewsByPlaceId?placeId=88891
"15 Rue du Mont Cenis, Paris, France",restaurant,88899,48.887298,2.341352,Paris,Tartempion,,,,http://tour-pedia.org/api/getPlaceDetails?id=88899,http://tour-pedia.org/api/getReviewsByPlaceId?placeId=88899
"34 Rue Sainte-Marthe, Paris, France",restaurant,88916,48.874312,2.372726,Paris,Le Galopin,,,,http://tour-pedia.org/api/getPlaceDetails?id=88916,http://tour-pedia.org/api/getReviewsByPlaceId?placeId=88916
"44 Boulevard Saint-Germain, Paris, France",restaurant,88928,48.84972,2.350808,Paris,Chez Gladines,,,,http://tour-pedia.org/api/getPlaceDetails?id=88928,http://tour-pedia.org/api/getReviewsByPlaceId?placeId=88928
"81 Avenue Bosquet, Paris, France",restaurant,88942,48.855337,2.305488,Paris,Les Crocs de l'ogre,,,,http://tour-pedia.org/api/getPlaceDetails?id=88942,http://tour-pedia.org/api/getReviewsByPlaceId?placeId=88942
"2 Place de la Porte Maillot, Paris, France",restaurant,88961,48.87874,2.28206,Paris,Starbucks,,,,http://tour-pedia.org/api/getPlaceDetails?id=88961,http://tour-pedia.org/api/getReviewsByPlaceId?placeId=88961
"1 Rue des Envierges, Paris, France",restaurant,89005,48.871603,2.385891,Paris,O'Paris,,,,http://tour-pedia.org/api/getPlaceDetails?id=89005,http://tour-pedia.org/api/getReviewsByPlaceId?placeId=89005
"84 Avenue Secrétan, Paris, France",restaurant,89010,48.878929,2.378109,Paris,Danny Hills,,,,http://tour-pedia.org/api/getPlaceDetails?id=89010,http://tour-pedia.org/api/getReviewsByPlaceId?placeId=89010
"24 Rue Saint-Ambroise, Paris, France",restaurant,89038,48.862572,2.378791,Paris,Le Square Gardette,,,,http://tour-pedia.org/api/getPlaceDetails?id=89038,http://tour-pedia.org/api/getReviewsByPlaceId?placeId=89038
"13 Bis Avenue du Père Lachaise, Paris, France",restaurant,89047,48.864319,2.397797,Paris,Pizza Clip,,,,http://tour-pedia.org/api/getPlaceDetails?id=89047,http://tour-pedia.org/api/getReviewsByPlaceId?placeId=89047
"Bercy Village, 42 Cour Saint-Emilion, Paris, France",restaurant,89048,48.833214,2.386514,Paris,Espressamente Illy,,,,http://tour-pedia.org/api/getPlaceDetails?id=89048,http://tour-pedia.org/api/getReviewsByPlaceId?placeId=89048
"58 Avenue de Wagram, Paris, France",restaurant,89059,48.879128,2.299136,Paris,PlayOff Wagram,,,,http://tour-pedia.org/api/getPlaceDetails?id=89059,http://tour-pedia.org/api/getReviewsByPlaceId?placeId=89059
"5 Place Victor Hugo, Paris, France",restaurant,89100,48.869461,2.285532,Paris,La Ferme d'Hugo,,,,http://tour-pedia.org/api/getPlaceDetails?id=89100,http://tour-pedia.org/api/getReviewsByPlaceId?placeId=89100
"33 Rue des Alouettes, Paris, France",restaurant,89114,48.87808,2.385355,Paris,Les Comédiens,,,,http://tour-pedia.org/api/getPlaceDetails?id=89114,http://tour-pedia.org/api/getReviewsByPlaceId?placeId=89114
"44 Rue d'Argout, Paris, France",restaurant,89121,48.865869,2.34364,Paris,Blend,,,,http://tour-pedia.org/api/getPlaceDetails?id=89121,http://tour-pedia.org/api/getReviewsByPlaceId?placeId=89121
"150 Avenue Victor Hugo, Paris, France",restaurant,89164,48.866968,2.278705,Paris,Le Pain Quotidien,,,,http://tour-pedia.org/api/getPlaceDetails?id=89164,http://tour-pedia.org/api/getReviewsByPlaceId?placeId=89164
"112 Rue Championnet, Paris, France",restaurant,89167,48.895841,2.33965,Paris,Bistrot La Renaissance,,,,http://tour-pedia.org/api/getPlaceDetails?id=89167,http://tour-pedia.org/api/getReviewsByPlaceId?placeId=89167
"174 Avenue Jean Jaurès, Paris, France",restaurant,89174,48.887656,2.389214,Paris,TonTon Jaurès,,,,http://tour-pedia.org/api/getPlaceDetails?id=89174,http://tour-pedia.org/api/getReviewsByPlaceId?placeId=89174
"92 Rue du Faubourg Poissonnière, Paris, France",restaurant,89200,48.877871,2.349286,Paris,Abri,,,,http://tour-pedia.org/api/getPlaceDetails?id=89200,http://tour-pedia.org/api/getReviewsByPlaceId?placeId=89200
"24 Rue Paul Bert, Paris, France",restaurant,89206,48.852589,2.38508,Paris,La Pâtisserie Cyril Lignac,,,,http://tour-pedia.org/api/getPlaceDetails?id=89206,http://tour-pedia.org/api/getReviewsByPlaceId?placeId=89206
"138 Rue de la Pompe, Paris, France",restaurant,89207,48.868626,2.281772,Paris,La Pizzeria di Rebellato,,,,http://tour-pedia.org/api/getPlaceDetails?id=89207,http://tour-pedia.org/api/getReviewsByPlaceId?placeId=89207
"101 Boulevard Poniatowski, Paris, France",restaurant,89215,48.834595,2.404599,Paris,Sushi Bar,,,,http://tour-pedia.org/api/getPlaceDetails?id=89215,http://tour-pedia.org/api/getReviewsByPlaceId?placeId=89215
"96 Rue Jean-Pierre Timbaud, Paris, France",restaurant,89258,48.867797,2.378047,Paris,La Cerise sur la Pizza de Belleville,,,,http://tour-pedia.org/api/getPlaceDetails?id=89258,http://tour-pedia.org/api/getReviewsByPlaceId?placeId=89258
"67 Rue la Fayette, Paris, France",restaurant,89265,48.876113,2.344456,Paris,Starbucks,,,,http://tour-pedia.org/api/getPlaceDetails?id=89265,http://tour-pedia.org/api/getReviewsByPlaceId?placeId=89265
"15 Rue la Vieuville, Paris, France",restaurant,89267,48.884775,2.340114,Paris,Koff,,,,http://tour-pedia.org/api/getPlaceDetails?id=89267,http://tour-pedia.org/api/getReviewsByPlaceId?placeId=89267
"4 Rue du Faubourg Poissonnière, Paris, France",restaurant,89277,48.871073,2.347967,Paris,Le Bonne Nouvelle,,,,http://tour-pedia.org/api/getPlaceDetails?id=89277,http://tour-pedia.org/api/getReviewsByPlaceId?placeId=89277
"7 Rue Brochant, Paris, France",restaurant,89293,48.888369,2.317012,Paris,Le Clan des Jules,,,,http://tour-pedia.org/api/getPlaceDetails?id=89293,http://tour-pedia.org/api/getReviewsByPlaceId?placeId=89293
"4 Rue Belgrand, Paris, France",restaurant,89318,48.864774,2.39932,Paris,Café Charlotte,,,,http://tour-pedia.org/api/getPlaceDetails?id=89318,http://tour-pedia.org/api/getReviewsByPlaceId?placeId=89318
"55 Rue du Faubourg Poissonnière, Paris, France",restaurant,89321,48.874837,2.347932,Paris,Big Fernand,,,,http://tour-pedia.org/api/getPlaceDetails?id=89321,http://tour-pedia.org/api/getReviewsByPlaceId?placeId=89321
"23 Rue Boyer, Paris, France",restaurant,89323,48.868574,2.392119,Paris,La Maroquinerie,,,,http://tour-pedia.org/api/getPlaceDetails?id=89323,http://tour-pedia.org/api/getReviewsByPlaceId?placeId=89323
"36 Rue Bichat, Paris, France",restaurant,89331,48.871557,2.368172,Paris,helmut newcake,,,,http://tour-pedia.org/api/getPlaceDetails?id=89331,http://tour-pedia.org/api/getReviewsByPlaceId?placeId=89331
"301 Rue du Faubourg Saint-Antoine, Paris, France",restaurant,89369,48.849168,2.391574,Paris,God Save the Kitchen,,,,http://tour-pedia.org/api/getPlaceDetails?id=89369,http://tour-pedia.org/api/getReviewsByPlaceId?placeId=89369
"9 Rue d'Argenteuil, Paris, France",restaurant,89379,48.864718,2.333787,Paris,Sanukiya,,,,http://tour-pedia.org/api/getPlaceDetails?id=89379,http://tour-pedia.org/api/getReviewsByPlaceId?placeId=89379
"65 Boulevard Pasteur, Paris, France",restaurant,89399,48.841149,2.314921,Paris,Les montparnos,,,,http://tour-pedia.org/api/getPlaceDetails?id=89399,http://tour-pedia.org/api/getReviewsByPlaceId?placeId=89399
"53 Boulevard de Grenelle, Paris, France",restaurant,89428,48.8516,2.29207,Paris,Cantine du Troquet Dupleix,,,,http://tour-pedia.org/api/getPlaceDetails?id=89428,http://tour-pedia.org/api/getReviewsByPlaceId?placeId=89428
"91 Boulevard Saint-Germain, Paris, France",restaurant,89459,48.852,2.339424,Paris,Starbucks,,,,http://tour-pedia.org/api/getPlaceDetails?id=89459,http://tour-pedia.org/api/getReviewsByPlaceId?placeId=89459
"8 Rue Vicq d'Azir, France",restaurant,89543,48.876044,2.369588,Paris,Youpi et Voilà,,,,http://tour-pedia.org/api/getPlaceDetails?id=89543,http://tour-pedia.org/api/getReviewsByPlaceId?placeId=89543
"48 Rue Bichat, Paris, France",restaurant,89552,48.873907,2.36448,Paris,La Chambre aux Oiseaux,,,,http://tour-pedia.org/api/getPlaceDetails?id=89552,http://tour-pedia.org/api/getReviewsByPlaceId?placeId=89552
"20 Rue Saint-Victor, Paris, France",restaurant,89567,48.84846,2.350853,Paris,Terroir Parisien,,,,http://tour-pedia.org/api/getPlaceDetails?id=89567,http://tour-pedia.org/api/getReviewsByPlaceId?placeId=89567
"6 Rue de Rivoli, Paris 4e arrondissement, France",restaurant,89569,48.855284,2.361236,Paris,La Favorite,,,,http://tour-pedia.org/api/getPlaceDetails?id=89569,http://tour-pedia.org/api/getReviewsByPlaceId?placeId=89569
"22 Avenue Niel, Paris, France",restaurant,89597,48.880558,2.295364,Paris,Schwartz's Deli,,,,http://tour-pedia.org/api/getPlaceDetails?id=89597,http://tour-pedia.org/api/getReviewsByPlaceId?placeId=89597
"12 Rue Rottembourg, Paris, France",restaurant,89598,48.837935,2.404974,Paris,Don Diego,,,,http://tour-pedia.org/api/getPlaceDetails?id=89598,http://tour-pedia.org/api/getReviewsByPlaceId?placeId=89598
"34 Rue Lemercier, Paris, France",restaurant,89631,48.886862,2.32336,Paris,Colonna Créateur de Pizza,,,,http://tour-pedia.org/api/getPlaceDetails?id=89631,http://tour-pedia.org/api/getReviewsByPlaceId?placeId=89631
"142 Rue Saint-Denis, Paris, France",restaurant,89678,48.865275,2.3505,Paris,La Cordonnerie,,,,http://tour-pedia.org/api/getPlaceDetails?id=89678,http://tour-pedia.org/api/getReviewsByPlaceId?placeId=89678
"2 Rue de Londres, Paris, France",restaurant,89686,48.87675,2.33063,Paris,Vert tulipe,,,,http://tour-pedia.org/api/getPlaceDetails?id=89686,http://tour-pedia.org/api/getReviewsByPlaceId?placeId=89686
"35 Place du Marché Saint-Honoré, Paris, France",restaurant,89695,48.867558,2.331967,Paris,Très Honoré,,,,http://tour-pedia.org/api/getPlaceDetails?id=89695,http://tour-pedia.org/api/getReviewsByPlaceId?placeId=89695
"44 Rue de Torcy, Paris, France",restaurant,89720,48.89139,2.361445,Paris,New Thay San,,,,http://tour-pedia.org/api/getPlaceDetails?id=89720,http://tour-pedia.org/api/getReviewsByPlaceId?placeId=89720
"14 Boulevard de Courcelles, Paris, France",restaurant,89730,48.881194,2.31385,Paris,Mum Dim Sum,,,,http://tour-pedia.org/api/getPlaceDetails?id=89730,http://tour-pedia.org/api/getReviewsByPlaceId?placeId=89730
"63 Avenue Gambetta, Paris, France",restaurant,89849,48.865082,2.396145,Paris,Shingané,,,,http://tour-pedia.org/api/getPlaceDetails?id=89849,http://tour-pedia.org/api/getReviewsByPlaceId?placeId=89849
"55 Rue Oberkampf, Paris, France",restaurant,89889,48.864729,2.372524,Paris,Pierre Sang in Oberkampf,,,,http://tour-pedia.org/api/getPlaceDetails?id=89889,http://tour-pedia.org/api/getReviewsByPlaceId?placeId=89889
"32 Rue de Dantzig, Paris, France",restaurant,89900,48.833615,2.298668,Paris,GreenPizz,,,,http://tour-pedia.org/api/getPlaceDetails?id=89900,http://tour-pedia.org/api/getReviewsByPlaceId?placeId=89900
"15 Rue Lamennais, Paris, France",restaurant,89901,48.874118,2.302566,Paris,Taillevent,,,,http://tour-pedia.org/api/getPlaceDetails?id=89901,http://tour-pedia.org/api/getReviewsByPlaceId?placeId=89901
"49 Rue Bichat, Paris, France",restaurant,89929,48.872795,2.366282,Paris,American Kitchen,,,,http://tour-pedia.org/api/getPlaceDetails?id=89929,http://tour-pedia.org/api/getReviewsByPlaceId?placeId=89929
"26 Rue de Cotte, Paris, France",restaurant,89930,48.850321,2.378348,Paris,Vilia,,,,http://tour-pedia.org/api/getPlaceDetails?id=89930,http://tour-pedia.org/api/getReviewsByPlaceId?placeId=89930
"25 Avenue du Général Michel Bizot, Paris, France",restaurant,89962,48.833449,2.398982,Paris,Daisy Miller,,,,http://tour-pedia.org/api/getPlaceDetails?id=89962,http://tour-pedia.org/api/getReviewsByPlaceId?placeId=89962
"232 Boulevard Raspail, Paris, France",restaurant,89979,48.839548,2.33031,Paris,Le Jockey,,,,http://tour-pedia.org/api/getPlaceDetails?id=89979,http://tour-pedia.org/api/getReviewsByPlaceId?placeId=89979
"118 Boulevard Diderot, Paris, France",restaurant,90029,48.847307,2.387178,Paris,Le Globe Diderot,,,,http://tour-pedia.org/api/getPlaceDetails?id=90029,http://tour-pedia.org/api/getReviewsByPlaceId?placeId=90029
"25 Boulevard des Italiens, Paris, France",restaurant,90030,48.871066,2.335693,Paris,HD diner,,,,http://tour-pedia.org/api/getPlaceDetails?id=90030,http://tour-pedia.org/api/getReviewsByPlaceId?placeId=90030
"5 Rue Pouchet, Paris, France",restaurant,90050,48.891999,2.318685,Paris,Restaurant Le Petit Indien,,,,http://tour-pedia.org/api/getPlaceDetails?id=90050,http://tour-pedia.org/api/getReviewsByPlaceId?placeId=90050
"14 Rue du Ruisseau, Paris, France",restaurant,90082,48.892196,2.34009,Paris,Il Brigante,,,,http://tour-pedia.org/api/getPlaceDetails?id=90082,http://tour-pedia.org/api/getReviewsByPlaceId?placeId=90082
"85 Rue d'Hauteville, Paris, France",restaurant,90085,48.876812,2.351208,Paris,Ma Kitchen,,,,http://tour-pedia.org/api/getPlaceDetails?id=90085,http://tour-pedia.org/api/getReviewsByPlaceId?placeId=90085
"1 Rue d'Eupatoria, Paris, France",restaurant,90111,48.868604,2.386218,Paris,Roseval,,,,http://tour-pedia.org/api/getPlaceDetails?id=90111,http://tour-pedia.org/api/getReviewsByPlaceId?placeId=90111
"6 Rue du Général Estienne, Paris, France",restaurant,90128,48.844038,2.284285,Paris,Kohyang,,,,http://tour-pedia.org/api/getPlaceDetails?id=90128,http://tour-pedia.org/api/getReviewsByPlaceId?placeId=90128
"21 Rue Bréa, Paris, France",restaurant,90142,48.84273,2.32986,Paris,Starbucks,,,,http://tour-pedia.org/api/getPlaceDetails?id=90142,http://tour-pedia.org/api/getReviewsByPlaceId?placeId=90142
"29 Avenue Corentin Cariou, Paris, France",restaurant,90146,48.897239,2.384881,Paris,Park Avenue,,,,http://tour-pedia.org/api/getPlaceDetails?id=90146,http://tour-pedia.org/api/getReviewsByPlaceId?placeId=90146
"31 Rue Lepic, Paris, France",restaurant,90158,48.885721,2.334508,Paris,Le Pain Quotidien,,,,http://tour-pedia.org/api/getPlaceDetails?id=90158,http://tour-pedia.org/api/getReviewsByPlaceId?placeId=90158
"10 Rue de la Grange aux Belles, Paris, France",restaurant,90211,48.873503,2.364797,Paris,Ten Belles,,,,http://tour-pedia.org/api/getPlaceDetails?id=90211,http://tour-pedia.org/api/getReviewsByPlaceId?placeId=90211
"117 Rue Marcadet, Paris, France",restaurant,90248,48.891177,2.342207,Paris,Pires,,,,http://tour-pedia.org/api/getPlaceDetails?id=90248,http://tour-pedia.org/api/getReviewsByPlaceId?placeId=90248
"50 Boulevard de Charonne, Paris, France",restaurant,90334,48.851824,2.398281,Paris,La Marine,,,,http://tour-pedia.org/api/getPlaceDetails?id=90334,http://tour-pedia.org/api/getReviewsByPlaceId?placeId=90334
"7 Rue Froissart, Paris, France",restaurant,90456,48.861429,2.366746,Paris,Beaucoup,,,,http://tour-pedia.org/api/getPlaceDetails?id=90456,http://tour-pedia.org/api/getReviewsByPlaceId?placeId=90456
"33 Rue Lamarck, Paris, France",restaurant,90478,48.889122,2.342287,Paris,Soul Kitchen,,,,http://tour-pedia.org/api/getPlaceDetails?id=90478,http://tour-pedia.org/api/getReviewsByPlaceId?placeId=90478
"83 Rue Vaneau, Paris, France",restaurant,90481,48.848871,2.320405,Paris,Gemini,,,,http://tour-pedia.org/api/getPlaceDetails?id=90481,http://tour-pedia.org/api/getReviewsByPlaceId?placeId=90481
"169 Boulevard Saint-Germain, Paris, France",restaurant,90513,48.854096,2.33114,Paris,Restaurant Razowski,,,,http://tour-pedia.org/api/getPlaceDetails?id=90513,http://tour-pedia.org/api/getReviewsByPlaceId?placeId=90513
"13 Rue Lucien Sampaix, Paris, France",restaurant,90536,48.871939,2.360502,Paris,Tuck Shop,,,,http://tour-pedia.org/api/getPlaceDetails?id=90536,http://tour-pedia.org/api/getReviewsByPlaceId?placeId=90536
"4 Rue Chaligny, Paris, France",restaurant,90540,48.845191,2.383575,Paris,Restaurant Porta da Selva,,,,http://tour-pedia.org/api/getPlaceDetails?id=90540,http://tour-pedia.org/api/getReviewsByPlaceId?placeId=90540
"86 Rue Réaumur, Paris, France",restaurant,90546,48.866844,2.350096,Paris,Belmont Restaurant,,,,http://tour-pedia.org/api/getPlaceDetails?id=90546,http://tour-pedia.org/api/getReviewsByPlaceId?placeId=90546
"11 Rue Augereau, Paris, France",restaurant,90555,48.857361,2.302042,Paris,Le Café de Mars,,,,http://tour-pedia.org/api/getPlaceDetails?id=90555,http://tour-pedia.org/api/getReviewsByPlaceId?placeId=90555
"14 Rue Pavée, Paris, France",restaurant,90637,48.856189,2.360603,Paris,L'éclair de Génie,,,,http://tour-pedia.org/api/getPlaceDetails?id=90637,http://tour-pedia.org/api/getReviewsByPlaceId?placeId=90637
"144 Boulevard Voltaire, Paris, France",restaurant,90757,48.857087,2.381483,Paris,Moses,,,,http://tour-pedia.org/api/getPlaceDetails?id=90757,http://tour-pedia.org/api/getReviewsByPlaceId?placeId=90757
"16 Rue Joubert, Paris, France",restaurant,90786,48.87471,2.330313,Paris,Bagelstein,,,,http://tour-pedia.org/api/getPlaceDetails?id=90786,http://tour-pedia.org/api/getReviewsByPlaceId?placeId=90786
"12 Rue Perrée, Paris, France",restaurant,90787,48.864667,2.361466,Paris,The Broken Arm,,,,http://tour-pedia.org/api/getPlaceDetails?id=90787,http://tour-pedia.org/api/getReviewsByPlaceId?placeId=90787
"16 Avenue de Friedland, Paris, France",restaurant,90794,48.874581,2.301094,Paris,The Bistrologist,,,,http://tour-pedia.org/api/getPlaceDetails?id=90794,http://tour-pedia.org/api/getReviewsByPlaceId?placeId=90794
"1 Rue Commines, Paris, France",restaurant,90801,48.861714,2.365047,Paris,Mary Celeste,,,,http://tour-pedia.org/api/getPlaceDetails?id=90801,http://tour-pedia.org/api/getReviewsByPlaceId?placeId=90801
"61 Rue Lepic, Paris, France",restaurant,90856,48.887787,2.334475,Paris,Jeanne B,,,,http://tour-pedia.org/api/getPlaceDetails?id=90856,http://tour-pedia.org/api/getReviewsByPlaceId?placeId=90856
"31 Avenue de Versailles, Paris, France",restaurant,90866,48.849507,2.276009,Paris,Miniatures,,,,http://tour-pedia.org/api/getPlaceDetails?id=90866,http://tour-pedia.org/api/getReviewsByPlaceId?placeId=90866
"Le Méridien Etoile, 81 Boulevard Gouvion-Saint-Cyr, Paris, France",restaurant,90896,48.879399,2.284913,Paris,Ma Chère & Tendre,,,,http://tour-pedia.org/api/getPlaceDetails?id=90896,http://tour-pedia.org/api/getReviewsByPlaceId?placeId=90896
"109 Avenue Mozart, Paris, France",restaurant,90909,48.851,2.267204,Paris,Le Polo,,,,http://tour-pedia.org/api/getPlaceDetails?id=90909,http://tour-pedia.org/api/getReviewsByPlaceId?placeId=90909
"24 Rue de Sèvres, Paris, France",restaurant,90985,48.850458,2.324126,Paris,Rose Bakery Tea Room au Bon Marché,,,,http://tour-pedia.org/api/getPlaceDetails?id=90985,http://tour-pedia.org/api/getReviewsByPlaceId?placeId=90985
"20 Avenue de New York, Paris, France",restaurant,90986,48.863592,2.296955,Paris,Monsieur Bleu,,,,http://tour-pedia.org/api/getPlaceDetails?id=90986,http://tour-pedia.org/api/getReviewsByPlaceId?placeId=90986
"8 Rue Tournefort, Paris, France",restaurant,91014,48.843921,2.348038,Paris,Le Resto,,,,http://tour-pedia.org/api/getPlaceDetails?id=91014,http://tour-pedia.org/api/getReviewsByPlaceId?placeId=91014
"60 Boulevard Voltaire, Paris, France",restaurant,91040,48.861857,2.373094,Paris,East Side Burgers,,,,http://tour-pedia.org/api/getPlaceDetails?id=91040,http://tour-pedia.org/api/getReviewsByPlaceId?placeId=91040
"8 Rue de Belzunce, Paris, France",restaurant,91093,48.879205,2.352514,Paris,La Pointe du Grouin,,,,http://tour-pedia.org/api/getPlaceDetails?id=91093,http://tour-pedia.org/api/getReviewsByPlaceId?placeId=91093
"24 Rue Keller, Paris, France",restaurant,91122,48.854981,2.375832,Paris,Manger,,,,http://tour-pedia.org/api/getPlaceDetails?id=91122,http://tour-pedia.org/api/getReviewsByPlaceId?placeId=91122
"54 Rue Sainte-Croix de la Bretonnerie, Paris, France",restaurant,91152,48.858979,2.353947,Paris,Tata Burger,,,,http://tour-pedia.org/api/getPlaceDetails?id=91152,http://tour-pedia.org/api/getReviewsByPlaceId?placeId=91152
"40 Rue Friant, Paris, France",restaurant,91206,48.824469,2.323455,Paris,Les Vendanges,,,,http://tour-pedia.org/api/getPlaceDetails?id=91206,http://tour-pedia.org/api/getReviewsByPlaceId?placeId=91206
"9 Rue Julien Lacroix, Paris, France",restaurant,91207,48.868653,2.386011,Paris,Demain C'est Loin,,,,http://tour-pedia.org/api/getPlaceDetails?id=91207,http://tour-pedia.org/api/getReviewsByPlaceId?placeId=91207
"19 Rue du Faubourg Saint-Antoine, Paris, France",restaurant,91215,48.852825,2.371231,Paris,Frogburger,,,,http://tour-pedia.org/api/getPlaceDetails?id=91215,http://tour-pedia.org/api/getReviewsByPlaceId?placeId=91215
"34 Quai d'Austerlitz, Paris, France",restaurant,91271,48.840722,2.369754,Paris,M.O.B.,,,,http://tour-pedia.org/api/getPlaceDetails?id=91271,http://tour-pedia.org/api/getReviewsByPlaceId?placeId=91271
"85 Boulevard Flandrin, Paris, France",restaurant,91321,48.87047,2.275423,Paris,K'Fé Court,,,,http://tour-pedia.org/api/getPlaceDetails?id=91321,http://tour-pedia.org/api/getReviewsByPlaceId?placeId=91321
"29 Boulevard Arago, Paris, France",restaurant,91357,48.835614,2.348478,Paris,Le Salon,,,,http://tour-pedia.org/api/getPlaceDetails?id=91357,http://tour-pedia.org/api/getReviewsByPlaceId?placeId=91357
"1 Boulevard des Filles du Calvaire, Paris, France",restaurant,91382,48.860259,2.367184,Paris,Blend,,,,http://tour-pedia.org/api/getPlaceDetails?id=91382,http://tour-pedia.org/api/getReviewsByPlaceId?placeId=91382
"3 Rue Monge, Paris, France",restaurant,91391,48.849431,2.349252,Paris,La Pâtisserie du Ciel,,,,http://tour-pedia.org/api/getPlaceDetails?id=91391,http://tour-pedia.org/api/getReviewsByPlaceId?placeId=91391
"31 Boulevard Auguste Blanqui, Paris, France",restaurant,91402,48.82995,2.351899,Paris,La butte aux piafs,,,,http://tour-pedia.org/api/getPlaceDetails?id=91402,http://tour-pedia.org/api/getReviewsByPlaceId?placeId=91402
"27 rue Pierre Fontaine, 27 Rue Pierre Fontaine, Paris, France",restaurant,91424,48.88225,2.33329,Paris,Le Dépanneur Pigalle,,,,http://tour-pedia.org/api/getPlaceDetails?id=91424,http://tour-pedia.org/api/getReviewsByPlaceId?placeId=91424
"22 Rue Crespin du Gast, Paris, France",restaurant,91450,48.865186,2.38211,Paris,Freddie's Deli,,,,http://tour-pedia.org/api/getPlaceDetails?id=91450,http://tour-pedia.org/api/getReviewsByPlaceId?placeId=91450
"4 Rue Mouffetard, Paris, France",restaurant,91452,48.844802,2.3491,Paris,Rosa Kiwi,,,,http://tour-pedia.org/api/getPlaceDetails?id=91452,http://tour-pedia.org/api/getReviewsByPlaceId?placeId=91452
"39 Rue des Vinaigriers, Paris, France",restaurant,91469,48.873086,2.36171,Paris,The Sunken Chip,,,,http://tour-pedia.org/api/getPlaceDetails?id=91469,http://tour-pedia.org/api/getReviewsByPlaceId?placeId=91469
"18 Place de la République, Paris, France",restaurant,91473,48.867924,2.363162,Paris,Le Café Monde et Médias,,,,http://tour-pedia.org/api/getPlaceDetails?id=91473,http://tour-pedia.org/api/getReviewsByPlaceId?placeId=91473
"18 Avenue Claude Vellefaux, Paris, France",restaurant,91683,48.873256,2.37032,Paris,Le Bar à Burger (BAB),,,,http://tour-pedia.org/api/getPlaceDetails?id=91683,http://tour-pedia.org/api/getReviewsByPlaceId?placeId=91683
"28 Avenue Trudaine, Paris, France",restaurant,91797,48.880983,2.340905,Paris,Le Paprika,,,,http://tour-pedia.org/api/getPlaceDetails?id=91797,http://tour-pedia.org/api/getReviewsByPlaceId?placeId=91797
"19 Rue Lucien Sampaix, Paris, France",restaurant,91855,48.872461,2.360847,Paris,Holybelly,,,,http://tour-pedia.org/api/getPlaceDetails?id=91855,http://tour-pedia.org/api/getReviewsByPlaceId?placeId=91855
"3 Place du Général Kœnig, Paris, France",restaurant,220622,48.880532,2.284569,Paris,La Vue,,,,http://tour-pedia.org/api/getPlaceDetails?id=220622,http://tour-pedia.org/api/getReviewsByPlaceId?placeId=220622
"119 Boulevard Raspail, Paris, France",restaurant,220627,48.845511,2.328746,Paris,Ikra,,,,http://tour-pedia.org/api/getPlaceDetails?id=220627,http://tour-pedia.org/api/getReviewsByPlaceId?placeId=220627
"3 Passage de la Petite Boucherie, Paris, France",restaurant,220632,48.853753,2.33576,Paris,La Pena Saint Germain,,,,http://tour-pedia.org/api/getPlaceDetails?id=220632,http://tour-pedia.org/api/getReviewsByPlaceId?placeId=220632
"12 Rue Jacob, Paris, France",restaurant,220633,48.854867,2.335919,Paris,L'Echelle de Jacob,,,,http://tour-pedia.org/api/getPlaceDetails?id=220633,http://tour-pedia.org/api/getReviewsByPlaceId?placeId=220633
"1 Rue Delambre, Paris, France",restaurant,220636,48.841722,2.329005,Paris,Bistrot du Dôme,,,,http://tour-pedia.org/api/getPlaceDetails?id=220636,http://tour-pedia.org/api/getReviewsByPlaceId?placeId=220636
"23 Boulevard Poissonnière, Paris, France",restaurant,220644,48.871111,2.344133,Paris,Hotel Des Grands Boulevards,,,,http://tour-pedia.org/api/getPlaceDetails?id=220644,http://tour-pedia.org/api/getReviewsByPlaceId?placeId=220644
"37 Rue des Jeuneurs, Paris, France",restaurant,220646,48.869801,2.343634,Paris,United Friends Chicha,,,,http://tour-pedia.org/api/getPlaceDetails?id=220646,http://tour-pedia.org/api/getReviewsByPlaceId?placeId=220646
"33 Rue Berger, Paris, France",restaurant,220647,48.861739,2.344078,Paris,Indiana Café - Les Halles,,,,http://tour-pedia.org/api/getPlaceDetails?id=220647,http://tour-pedia.org/api/getReviewsByPlaceId?placeId=220647
"2 Place Saint-Michel, Paris, France",restaurant,220650,48.85381,2.343862,Paris,Paradis du Fruit,,,,http://tour-pedia.org/api/getPlaceDetails?id=220650,http://tour-pedia.org/api/getReviewsByPlaceId?placeId=220650
"163 Rue Saint-Jacques, Paris, France",restaurant,220655,48.846033,2.34304,Paris,Au Port du Salut,,,,http://tour-pedia.org/api/getPlaceDetails?id=220655,http://tour-pedia.org/api/getReviewsByPlaceId?placeId=220655
"16 Rue du Simplon, Paris, France",restaurant,220656,48.893746,2.350839,Paris,Zavicaj au Pays Natal,,,,http://tour-pedia.org/api/getPlaceDetails?id=220656,http://tour-pedia.org/api/getReviewsByPlaceId?placeId=220656
"36 Rue de Paradis, Paris, France",restaurant,220658,48.875389,2.35101,Paris,Le Fantôme,,,,http://tour-pedia.org/api/getPlaceDetails?id=220658,http://tour-pedia.org/api/getReviewsByPlaceId?placeId=220658
"141 Rue Saint-Martin, Paris, France",restaurant,220663,48.861454,2.351491,Paris,Riad Nejma,,,,http://tour-pedia.org/api/getPlaceDetails?id=220663,http://tour-pedia.org/api/getReviewsByPlaceId?placeId=220663
"173 Rue Saint-Martin, Paris, France",restaurant,220664,48.86263,2.352084,Paris,Workshop Paris,,,,http://tour-pedia.org/api/getPlaceDetails?id=220664,http://tour-pedia.org/api/getReviewsByPlaceId?placeId=220664
"51 Rue Quincampoix, Paris, France",restaurant,220666,48.861318,2.350572,Paris,Dans le Noir ?,,,,http://tour-pedia.org/api/getPlaceDetails?id=220666,http://tour-pedia.org/api/getReviewsByPlaceId?placeId=220666
"48 Rue Monge, Paris, France",restaurant,220668,48.845108,2.352016,Paris,Little Barcelona,,,,http://tour-pedia.org/api/getPlaceDetails?id=220668,http://tour-pedia.org/api/getReviewsByPlaceId?placeId=220668
"21 Rue de la Collégiale, Paris, France",restaurant,220669,48.838146,2.351777,Paris,Au Bon Coin,,,,http://tour-pedia.org/api/getPlaceDetails?id=220669,http://tour-pedia.org/api/getReviewsByPlaceId?placeId=220669
"3 Avenue des Gobelins, Paris, France",restaurant,220670,48.838388,2.35091,Paris,A Verse Toujours,,,,http://tour-pedia.org/api/getPlaceDetails?id=220670,http://tour-pedia.org/api/getReviewsByPlaceId?placeId=220670
"78 Boulevard de Strasbourg, Paris, France",restaurant,220674,48.876008,2.358331,Paris,Café de l'Est,,,,http://tour-pedia.org/api/getPlaceDetails?id=220674,http://tour-pedia.org/api/getReviewsByPlaceId?placeId=220674
"16 Rue Michel le Comte, Paris, France",restaurant,220675,48.862162,2.356298,Paris,Le Café des Chats,,,,http://tour-pedia.org/api/getPlaceDetails?id=220675,http://tour-pedia.org/api/getReviewsByPlaceId?placeId=220675
"105 Rue Amelot, Paris, France",restaurant,220681,48.861459,2.367482,Paris,Pop In,,,,http://tour-pedia.org/api/getPlaceDetails?id=220681,http://tour-pedia.org/api/getReviewsByPlaceId?placeId=220681
"11 Rue des Tournelles, Paris, France",restaurant,220683,48.854282,2.367217,Paris,Le Follow's,,,,http://tour-pedia.org/api/getPlaceDetails?id=220683,http://tour-pedia.org/api/getReviewsByPlaceId?placeId=220683
"200 Quai de Valmy, Paris, France",restaurant,220687,48.881189,2.368243,Paris,Point Éphémère,,,,http://tour-pedia.org/api/getPlaceDetails?id=220687,http://tour-pedia.org/api/getReviewsByPlaceId?placeId=220687
"43 Avenue Daumesnil, Paris, France",restaurant,220690,48.847558,2.375013,Paris,Viaduc Café,,,,http://tour-pedia.org/api/getPlaceDetails?id=220690,http://tour-pedia.org/api/getReviewsByPlaceId?placeId=220690
"110 Avenue de France, Paris, France",restaurant,220693,48.830293,2.377261,Paris,Pret A Manger,,,,http://tour-pedia.org/api/getPlaceDetails?id=220693,http://tour-pedia.org/api/getReviewsByPlaceId?placeId=220693
"143 Boulevard de Ménilmontant, Paris, France",restaurant,220699,48.866762,2.382708,Paris,Café Ménilmontant,,,,http://tour-pedia.org/api/getPlaceDetails?id=220699,http://tour-pedia.org/api/getReviewsByPlaceId?placeId=220699
"34 Rue Servan, Paris, France",restaurant,220700,48.861519,2.382689,Paris,Le Royal,,,,http://tour-pedia.org/api/getPlaceDetails?id=220700,http://tour-pedia.org/api/getReviewsByPlaceId?placeId=220700
"69 Rue de la Folie-Regnault, Paris, France",restaurant,220701,48.861987,2.385269,Paris,Juanchito,,,,http://tour-pedia.org/api/getPlaceDetails?id=220701,http://tour-pedia.org/api/getReviewsByPlaceId?placeId=220701
"131 Rue Oberkampf, Paris, France",restaurant,220702,48.86638,2.380044,Paris,Le Berimbar,,,,http://tour-pedia.org/api/getPlaceDetails?id=220702,http://tour-pedia.org/api/getReviewsByPlaceId?placeId=220702
"41 Rue Servan, Paris, France",restaurant,220703,48.861707,2.382386,Paris,Le Petit Bécot,,,,http://tour-pedia.org/api/getPlaceDetails?id=220703,http://tour-pedia.org/api/getReviewsByPlaceId?placeId=220703
"94 Rue de Menilmontant, Paris, France",restaurant,220708,48.869163,2.392083,Paris,Le Café Des Sports,,,,http://tour-pedia.org/api/getPlaceDetails?id=220708,http://tour-pedia.org/api/getReviewsByPlaceId?placeId=220708
"108 Rue de Menilmontant, Paris, France",restaurant,220709,48.869566,2.393467,Paris,Chez Luna,,,,http://tour-pedia.org/api/getPlaceDetails?id=220709,http://tour-pedia.org/api/getReviewsByPlaceId?placeId=220709
"84 Rue de Menilmontant, Paris, France",restaurant,220712,48.868971,2.391141,Paris,Le Lapin Blanc,,,,http://tour-pedia.org/api/getPlaceDetails?id=220712,http://tour-pedia.org/api/getReviewsByPlaceId?placeId=220712
"132 Rue Pelleport, Paris, France",restaurant,220713,48.870845,2.399291,Paris,Au Nid Créole,,,,http://tour-pedia.org/api/getPlaceDetails?id=220713,http://tour-pedia.org/api/getReviewsByPlaceId?placeId=220713
"42 Rue des Vignoles, Paris, France",restaurant,220714,48.853998,2.400043,Paris,Paris Polska,,,,http://tour-pedia.org/api/getPlaceDetails?id=220714,http://tour-pedia.org/api/getReviewsByPlaceId?placeId=220714
"38 Rue des Ormeaux, Paris, France",restaurant,220715,48.851163,2.4006,Paris,White Dream,,,,http://tour-pedia.org/api/getPlaceDetails?id=220715,http://tour-pedia.org/api/getReviewsByPlaceId?placeId=220715
"122 Rue de Rennes, Paris, France",restaurant,220728,48.846869,2.326606,Paris,Le Trait d'Union,,,,http://tour-pedia.org/api/getPlaceDetails?id=220728,http://tour-pedia.org/api/getReviewsByPlaceId?placeId=220728
"4 Rue Saint-Honoré, Paris, France",restaurant,220729,48.861101,2.345008,Paris,Le Paradis du Fruit,,,,http://tour-pedia.org/api/getPlaceDetails?id=220729,http://tour-pedia.org/api/getReviewsByPlaceId?placeId=220729
"7 Place Vauban, Paris, France",restaurant,220744,48.853068,2.311787,Paris,Le Vauban,,,,http://tour-pedia.org/api/getPlaceDetails?id=220744,http://tour-pedia.org/api/getReviewsByPlaceId?placeId=220744
"3 Place de Breteuil, Paris, France",restaurant,220746,48.847397,2.312103,Paris,Le Grand Bistro de Breteuil,,,,http://tour-pedia.org/api/getPlaceDetails?id=220746,http://tour-pedia.org/api/getReviewsByPlaceId?placeId=220746
"131 Avenue Victor Hugo, Paris, France",restaurant,220752,48.867874,2.281366,Paris,McDonald's Paris Victor Hugo,,,,http://tour-pedia.org/api/getPlaceDetails?id=220752,http://tour-pedia.org/api/getReviewsByPlaceId?placeId=220752
"1 Rue de la Convention, Paris, France",restaurant,220755,48.845983,2.277395,Paris,Le Régalia,,,,http://tour-pedia.org/api/getPlaceDetails?id=220755,http://tour-pedia.org/api/getReviewsByPlaceId?placeId=220755
"9 Place du Maréchal Juin, Paris, France",restaurant,220760,48.884941,2.296553,Paris,Dessirier,,,,http://tour-pedia.org/api/getPlaceDetails?id=220760,http://tour-pedia.org/api/getReviewsByPlaceId?placeId=220760
"12 Avenue des Ternes, Paris, France",restaurant,220762,48.878542,2.295701,Paris,Le Dada,,,,http://tour-pedia.org/api/getPlaceDetails?id=220762,http://tour-pedia.org/api/getReviewsByPlaceId?placeId=220762
"28 Avenue de Suffren, Paris, France",restaurant,220768,48.855134,2.294434,Paris,Le Beaujolais,,,,http://tour-pedia.org/api/getPlaceDetails?id=220768,http://tour-pedia.org/api/getReviewsByPlaceId?placeId=220768
"73 Rue Guy Môquet, Paris, France",restaurant,220771,48.892999,2.327039,Paris,La Chope Des Vosges,,,,http://tour-pedia.org/api/getPlaceDetails?id=220771,http://tour-pedia.org/api/getReviewsByPlaceId?placeId=220771
"51-57 Rue de Courcelles, Paris, France",restaurant,302923,48.876874,2.306979,Paris,L'Hotel du Collectionneur Arc de Triomphe Paris,,,,http://tour-pedia.org/api/getPlaceDetails?id=302923,http://tour-pedia.org/api/getReviewsByPlaceId?placeId=302923
"20 Rue la Fayette, Paris, France",restaurant,302924,48.873712,2.335996,Paris,Banke Hôtel,,,,http://tour-pedia.org/api/getPlaceDetails?id=302924,http://tour-pedia.org/api/getReviewsByPlaceId?placeId=302924
"8 Place de la Bastille, Paris, France",restaurant,302926,48.853637,2.370443,Paris,Le Bastille,,,,http://tour-pedia.org/api/getPlaceDetails?id=302926,http://tour-pedia.org/api/getReviewsByPlaceId?placeId=302926
"41 Rue du Temple, Paris, France",restaurant,302927,48.859542,2.353972,Paris,The Studio Restaurant,,,,http://tour-pedia.org/api/getPlaceDetails?id=302927,http://tour-pedia.org/api/getReviewsByPlaceId?placeId=302927
"Jardin d'Acclimatation, Route de la Muette à Neuilly, Paris, France",restaurant,302928,48.878769,2.262729,Paris,PAVILLON DES OISEAUX,,,,http://tour-pedia.org/api/getPlaceDetails?id=302928,http://tour-pedia.org/api/getReviewsByPlaceId?placeId=302928
"2 Place de la Porte Maillot, Paris, France",restaurant,302932,48.879294,2.28296,Paris,Angelina Palais des Congrès,,,,http://tour-pedia.org/api/getPlaceDetails?id=302932,http://tour-pedia.org/api/getReviewsByPlaceId?placeId=302932
"187 Avenue de Clichy, Paris, France",restaurant,302942,48.894177,2.313654,Paris,Quick de Porte Clichy,,,,http://tour-pedia.org/api/getPlaceDetails?id=302942,http://tour-pedia.org/api/getReviewsByPlaceId?placeId=302942
"95 Rue de Saussure, Paris, France",restaurant,302953,48.887233,2.312,Paris,Armoric Saveurs,,,,http://tour-pedia.org/api/getPlaceDetails?id=302953,http://tour-pedia.org/api/getReviewsByPlaceId?placeId=302953
"34 Rue Jouffroy d'Abbans, Paris, France",restaurant,302965,48.885974,2.309241,Paris,Le Rouergue,,,,http://tour-pedia.org/api/getPlaceDetails?id=302965,http://tour-pedia.org/api/getReviewsByPlaceId?placeId=302965
"154 Avenue de Wagram, Paris 17e arrondissement, France",restaurant,302970,48.886683,2.304573,Paris,La Zuppiera,,,,http://tour-pedia.org/api/getPlaceDetails?id=302970,http://tour-pedia.org/api/getReviewsByPlaceId?placeId=302970
"55 Rue Navier, Paris, France",restaurant,303046,48.895782,2.323004,Paris,Au Père Pouchet,,,,http://tour-pedia.org/api/getPlaceDetails?id=303046,http://tour-pedia.org/api/getReviewsByPlaceId?placeId=303046
"35 Boulevard Ney, Paris, France",restaurant,303190,48.897723,2.344032,Paris,KFC,,,,http://tour-pedia.org/api/getPlaceDetails?id=303190,http://tour-pedia.org/api/getReviewsByPlaceId?placeId=303190
"174 Rue Ordener, Paris, France",restaurant,303242,48.894023,2.334328,Paris,Nawab,,,,http://tour-pedia.org/api/getPlaceDetails?id=303242,http://tour-pedia.org/api/getReviewsByPlaceId?placeId=303242
"4 Rue Sauffroy, Paris, France",restaurant,303360,48.890735,2.320562,Paris,Restaurant Ménélik,,,,http://tour-pedia.org/api/getPlaceDetails?id=303360,http://tour-pedia.org/api/getReviewsByPlaceId?placeId=303360
"75 Avenue de Saint-Ouen, Paris, France",restaurant,303430,48.892409,2.327099,Paris,Le Bar Belge,,,,http://tour-pedia.org/api/getPlaceDetails?id=303430,http://tour-pedia.org/api/getReviewsByPlaceId?placeId=303430
"143 Rue Lamarck, Paris, France",restaurant,303436,48.891142,2.328124,Paris,Korat,,,,http://tour-pedia.org/api/getPlaceDetails?id=303436,http://tour-pedia.org/api/getReviewsByPlaceId?placeId=303436
"5 Rue Davy, Paris, France",restaurant,303438,48.89065,2.326075,Paris,Bangkok,,,,http://tour-pedia.org/api/getPlaceDetails?id=303438,http://tour-pedia.org/api/getReviewsByPlaceId?placeId=303438
"44 Rue Guy Môquet, France",restaurant,303443,48.892221,2.324269,Paris,La Stella Jose,,,,http://tour-pedia.org/api/getPlaceDetails?id=303443,http://tour-pedia.org/api/getReviewsByPlaceId?placeId=303443
"11 Rue Brochant, Paris, France",restaurant,303511,48.888484,2.317161,Paris,La Bonne Heure,,,,http://tour-pedia.org/api/getPlaceDetails?id=303511,http://tour-pedia.org/api/getReviewsByPlaceId?placeId=303511
"17 Rue Brochant, Paris, France",restaurant,303512,48.88882,2.317613,Paris,Fabrique 4,,,,http://tour-pedia.org/api/getPlaceDetails?id=303512,http://tour-pedia.org/api/getReviewsByPlaceId?placeId=303512
"1 Rue Brochant, Paris, France",restaurant,303515,48.888105,2.316669,Paris,La Gioconda,,,,http://tour-pedia.org/api/getPlaceDetails?id=303515,http://tour-pedia.org/api/getReviewsByPlaceId?placeId=303515
"106 Rue Nollet, Paris, France",restaurant,303526,48.888819,2.318354,Paris,L'Envie Du Jour,,,,http://tour-pedia.org/api/getPlaceDetails?id=303526,http://tour-pedia.org/api/getReviewsByPlaceId?placeId=303526
"21 Rue Brochant, Paris, France",restaurant,303527,48.889095,2.317905,Paris,Le Bloc,,,,http://tour-pedia.org/api/getPlaceDetails?id=303527,http://tour-pedia.org/api/getReviewsByPlaceId?placeId=303527
"110 Rue Legendre, Paris, France",restaurant,303529,48.887985,2.321038,Paris,Les Puces des Batignolles,,,,http://tour-pedia.org/api/getPlaceDetails?id=303529,http://tour-pedia.org/api/getReviewsByPlaceId?placeId=303529
"112 Rue Legendre, Paris, France",restaurant,303530,48.888132,2.321288,Paris,Sans Gêne Restaurant,,,,http://tour-pedia.org/api/getPlaceDetails?id=303530,http://tour-pedia.org/api/getReviewsByPlaceId?placeId=303530
"16 Rue Jacquemont, Paris, France",restaurant,303558,48.88783,2.322436,Paris,La Tête de Goinfre,,,,http://tour-pedia.org/api/getPlaceDetails?id=303558,http://tour-pedia.org/api/getReviewsByPlaceId?placeId=303558
"57 Avenue de Clichy, Paris, France",restaurant,303560,48.887519,2.325351,Paris,McDonald's PARIS LA FOURCHE,,,,http://tour-pedia.org/api/getPlaceDetails?id=303560,http://tour-pedia.org/api/getReviewsByPlaceId?placeId=303560
"185 Rue Marcadet, Paris, France",restaurant,303593,48.891522,2.335412,Paris,Chez Papa,,,,http://tour-pedia.org/api/getPlaceDetails?id=303593,http://tour-pedia.org/api/getReviewsByPlaceId?placeId=303593
"85 Rue Lamarck, Paris, France",restaurant,303594,48.890256,2.335718,Paris,Au Pied du Sacré Coeur,,,,http://tour-pedia.org/api/getPlaceDetails?id=303594,http://tour-pedia.org/api/getReviewsByPlaceId?placeId=303594
"91 Rue Lamarck, Paris, France",restaurant,303597,48.890361,2.335041,Paris,Crep'uscule,,,,http://tour-pedia.org/api/getPlaceDetails?id=303597,http://tour-pedia.org/api/getReviewsByPlaceId?placeId=303597
"57 Rue Damrémont, Paris, France",restaurant,303601,48.890966,2.334714,Paris,Arnaud Larher,,,,http://tour-pedia.org/api/getPlaceDetails?id=303601,http://tour-pedia.org/api/getReviewsByPlaceId?placeId=303601
"88 Rue Ordener, Paris, France",restaurant,303651,48.892794,2.343125,Paris,Le Chant des Oliviers,,,,http://tour-pedia.org/api/getPlaceDetails?id=303651,http://tour-pedia.org/api/getReviewsByPlaceId?placeId=303651
"6 Rue Sainte-Isaure, Paris, France",restaurant,303656,48.892624,2.343685,Paris,metis-restaurant,,,,http://tour-pedia.org/api/getPlaceDetails?id=303656,http://tour-pedia.org/api/getReviewsByPlaceId?placeId=303656
"134 Rue Marcadet, Paris, France",restaurant,303662,48.891302,2.339503,Paris,La Cave Café,,,,http://tour-pedia.org/api/getPlaceDetails?id=303662,http://tour-pedia.org/api/getReviewsByPlaceId?placeId=303662
"151 Rue Marcadet, Paris, France",restaurant,303664,48.891173,2.338827,Paris,Le Cottage Marcadet,,,,http://tour-pedia.org/api/getPlaceDetails?id=303664,http://tour-pedia.org/api/getReviewsByPlaceId?placeId=303664
"151 Bis Rue Marcadet, Paris, France",restaurant,303666,48.891193,2.338736,Paris,La Baignoire,,,,http://tour-pedia.org/api/getPlaceDetails?id=303666,http://tour-pedia.org/api/getReviewsByPlaceId?placeId=303666
"70 Rue du Mont Cenis, Paris, France",restaurant,303672,48.891707,2.344031,Paris,Le Preum S,,,,http://tour-pedia.org/api/getPlaceDetails?id=303672,http://tour-pedia.org/api/getReviewsByPlaceId?placeId=303672
"11 Rue Lapeyrere, Paris, France",restaurant,303673,48.892092,2.342902,Paris,L'Alibi,,,,http://tour-pedia.org/api/getPlaceDetails?id=303673,http://tour-pedia.org/api/getReviewsByPlaceId?placeId=303673
"65 Rue Caulaincourt, Paris, France",restaurant,303679,48.889608,2.335844,Paris,Le Cépage Montmartrois,,,,http://tour-pedia.org/api/getPlaceDetails?id=303679,http://tour-pedia.org/api/getReviewsByPlaceId?placeId=303679
"62 Rue Caulaincourt, Paris, France",restaurant,303680,48.889489,2.336266,Paris,La Pizzetta Piu Grande,,,,http://tour-pedia.org/api/getPlaceDetails?id=303680,http://tour-pedia.org/api/getReviewsByPlaceId?placeId=303680
"40 Rue Damrémont, Paris, France",restaurant,303684,48.889514,2.333821,Paris,Bières Cultes,,,,http://tour-pedia.org/api/getPlaceDetails?id=303684,http://tour-pedia.org/api/getReviewsByPlaceId?placeId=303684
"61 Rue Lepic, Paris, France",restaurant,303690,48.887793,2.334521,Paris,Virage Lepic,,,,http://tour-pedia.org/api/getPlaceDetails?id=303690,http://tour-pedia.org/api/getReviewsByPlaceId?placeId=303690
"17 Rue Damrémont, Paris, France",restaurant,303703,48.888395,2.332845,Paris,Ristorante Pulcinella,,,,http://tour-pedia.org/api/getPlaceDetails?id=303703,http://tour-pedia.org/api/getReviewsByPlaceId?placeId=303703
"54 Rue du Mont Cenis, Paris, France",restaurant,303739,48.890626,2.343639,Paris,Le Sourire de Saïgon,,,,http://tour-pedia.org/api/getPlaceDetails?id=303739,http://tour-pedia.org/api/getReviewsByPlaceId?placeId=303739
"52 Rue Lamarck, Paris, France",restaurant,303740,48.889427,2.34137,Paris,Chamarré Montmartre,,,,http://tour-pedia.org/api/getPlaceDetails?id=303740,http://tour-pedia.org/api/getReviewsByPlaceId?placeId=303740
"12 Rue Francoeur, Paris, France",restaurant,303741,48.890297,2.342138,Paris,Casa Lola,,,,http://tour-pedia.org/api/getPlaceDetails?id=303741,http://tour-pedia.org/api/getReviewsByPlaceId?placeId=303741
"129 Rue Caulaincourt, Paris, France",restaurant,303742,48.889888,2.34268,Paris,Cafe Francoeur,,,,http://tour-pedia.org/api/getPlaceDetails?id=303742,http://tour-pedia.org/api/getReviewsByPlaceId?placeId=303742
"50 Rue du Mont Cenis, Paris, France",restaurant,303743,48.890297,2.343478,Paris,Le Coin des Amis,,,,http://tour-pedia.org/api/getPlaceDetails?id=303743,http://tour-pedia.org/api/getReviewsByPlaceId?placeId=303743
"48 Rue Lamarck, Paris, France",restaurant,303744,48.889294,2.342369,Paris,Au Relais,,,,http://tour-pedia.org/api/getPlaceDetails?id=303744,http://tour-pedia.org/api/getReviewsByPlaceId?placeId=303744
"78 Rue Labat, Paris, France",restaurant,303745,48.888698,2.345056,Paris,L'Assiette,,,,http://tour-pedia.org/api/getPlaceDetails?id=303745,http://tour-pedia.org/api/getReviewsByPlaceId?placeId=303745
"39 Rue Lamarck, Paris, France",restaurant,303746,48.88935,2.34139,Paris,Bistro Poulbot,,,,http://tour-pedia.org/api/getPlaceDetails?id=303746,http://tour-pedia.org/api/getReviewsByPlaceId?placeId=303746
"9 Rue du Baigneur, Paris, France",restaurant,303747,48.890064,2.344713,Paris,Bab Ilo,,,,http://tour-pedia.org/api/getPlaceDetails?id=303747,http://tour-pedia.org/api/getReviewsByPlaceId?placeId=303747
"2 Rue de l'Abreuvoir, Paris, France",restaurant,303749,48.887962,2.339694,Paris,La Rose de Montmarte,,,,http://tour-pedia.org/api/getPlaceDetails?id=303749,http://tour-pedia.org/api/getReviewsByPlaceId?placeId=303749
"49 Rue Custine, Paris, France",restaurant,303753,48.889445,2.343853,Paris,Il Padrino,,,,http://tour-pedia.org/api/getPlaceDetails?id=303753,http://tour-pedia.org/api/getReviewsByPlaceId?placeId=303753
"37 Rue Lamarck, Paris, France",restaurant,303755,48.889251,2.341611,Paris,Le Comptoir des Belettes,,,,http://tour-pedia.org/api/getPlaceDetails?id=303755,http://tour-pedia.org/api/getReviewsByPlaceId?placeId=303755
"61 Rue Ramey, Paris, France",restaurant,303762,48.890559,2.345339,Paris,Illios Restaurant,,,,http://tour-pedia.org/api/getPlaceDetails?id=303762,http://tour-pedia.org/api/getReviewsByPlaceId?placeId=303762
"6 Place du Maréchal Juin, Paris, France",restaurant,303817,48.885406,2.297096,Paris,Buffalo Grill,,,,http://tour-pedia.org/api/getPlaceDetails?id=303817,http://tour-pedia.org/api/getReviewsByPlaceId?placeId=303817
"23 Rue Guillaume Tell, Paris, France",restaurant,303818,48.884629,2.294584,Paris,L'Accolade,,,,http://tour-pedia.org/api/getPlaceDetails?id=303818,http://tour-pedia.org/api/getReviewsByPlaceId?placeId=303818
"3 Villa Berthier, Paris, France",restaurant,303819,48.885169,2.293196,Paris,La Villa Du Sud,,,,http://tour-pedia.org/api/getPlaceDetails?id=303819,http://tour-pedia.org/api/getReviewsByPlaceId?placeId=303819
"83 Rue Laugier, Paris, France",restaurant,303826,48.884787,2.291367,Paris,L'Entredgeu,,,,http://tour-pedia.org/api/getPlaceDetails?id=303826,http://tour-pedia.org/api/getReviewsByPlaceId?placeId=303826
"10 Place du Maréchal Juin, Paris, France",restaurant,303828,48.885298,2.296784,Paris,Bistrot de l'Entrecôte,,,,http://tour-pedia.org/api/getPlaceDetails?id=303828,http://tour-pedia.org/api/getReviewsByPlaceId?placeId=303828
"1 Rue Guillaume Tell, Paris, France",restaurant,303893,48.88385,2.292983,Paris,Shri Ganesh,,,,http://tour-pedia.org/api/getPlaceDetails?id=303893,http://tour-pedia.org/api/getReviewsByPlaceId?placeId=303893
"73 Avenue Niel, Paris, France",restaurant,303894,48.882258,2.295904,Paris,Aux Saveurs du Marché,,,,http://tour-pedia.org/api/getPlaceDetails?id=303894,http://tour-pedia.org/api/getReviewsByPlaceId?placeId=303894
"51 Rue Jouffroy d'Abbans, Paris, France",restaurant,303966,48.884882,2.306839,Paris,Agapé,,,,http://tour-pedia.org/api/getPlaceDetails?id=303966,http://tour-pedia.org/api/getReviewsByPlaceId?placeId=303966
"78 Rue de Lévis, Paris, France",restaurant,303967,48.884491,2.312434,Paris,Les Grandes Bouches,,,,http://tour-pedia.org/api/getPlaceDetails?id=303967,http://tour-pedia.org/api/getReviewsByPlaceId?placeId=303967
"78 Rue de Tocqueville, Paris, France",restaurant,303971,48.885584,2.310269,Paris,Au Petit Chavignol,,,,http://tour-pedia.org/api/getPlaceDetails?id=303971,http://tour-pedia.org/api/getReviewsByPlaceId?placeId=303971
"8 Rue Meissonier, Paris, France",restaurant,304021,48.883306,2.304498,Paris,Sud-Ouest Monceau Restaurant,,,,http://tour-pedia.org/api/getPlaceDetails?id=304021,http://tour-pedia.org/api/getReviewsByPlaceId?placeId=304021
"103 Rue Jouffroy d'Abbans, Paris, France",restaurant,304022,48.88187,2.301447,Paris,La Maison du Sushi,,,,http://tour-pedia.org/api/getPlaceDetails?id=304022,http://tour-pedia.org/api/getReviewsByPlaceId?placeId=304022
"39 Avenue de Villiers, Paris, France",restaurant,304069,48.882928,2.308214,Paris,SUSHIWEST,,,,http://tour-pedia.org/api/getPlaceDetails?id=304069,http://tour-pedia.org/api/getReviewsByPlaceId?placeId=304069
"54 Rue Cardinet, Paris 17e, France",restaurant,304070,48.882958,2.306724,Paris,La Braisière,,,,http://tour-pedia.org/api/getPlaceDetails?id=304070,http://tour-pedia.org/api/getReviewsByPlaceId?placeId=304070
"54 Rue de Lévis, Paris, France",restaurant,304077,48.883764,2.31375,Paris,Le Sauret,,,,http://tour-pedia.org/api/getPlaceDetails?id=304077,http://tour-pedia.org/api/getReviewsByPlaceId?placeId=304077
"91 Boulevard Gouvion-Saint-Cyr, Paris, France",restaurant,304109,48.879,2.284741,Paris,Le Sud,,,,http://tour-pedia.org/api/getPlaceDetails?id=304109,http://tour-pedia.org/api/getReviewsByPlaceId?placeId=304109
"85 Avenue des Ternes, Paris, France",restaurant,304111,48.879876,2.288467,Paris,Kirane's,,,,http://tour-pedia.org/api/getPlaceDetails?id=304111,http://tour-pedia.org/api/getReviewsByPlaceId?placeId=304111
"85 Avenue des Ternes, Paris, France",restaurant,304112,48.879729,2.288442,Paris,Le Verre Bouteille,,,,http://tour-pedia.org/api/getPlaceDetails?id=304112,http://tour-pedia.org/api/getReviewsByPlaceId?placeId=304112
"71 Boulevard Gouvion-Saint-Cyr, Paris, France",restaurant,304114,48.880173,2.285276,Paris,James Joyce Pub,,,,http://tour-pedia.org/api/getPlaceDetails?id=304114,http://tour-pedia.org/api/getReviewsByPlaceId?placeId=304114
"190 Bis Boulevard Pereire, Paris, France",restaurant,304120,48.881193,2.289732,Paris,Chez Fred,,,,http://tour-pedia.org/api/getPlaceDetails?id=304120,http://tour-pedia.org/api/getReviewsByPlaceId?placeId=304120
"30 Avenue Niel, Paris, France",restaurant,304169,48.881316,2.295786,Paris,Caves Pétrissans,,,,http://tour-pedia.org/api/getPlaceDetails?id=304169,http://tour-pedia.org/api/getReviewsByPlaceId?placeId=304169
"6 Rue Pierre Demours, Paris, France",restaurant,304185,48.879869,2.29192,Paris,Restaurant Môm Paris,,,,http://tour-pedia.org/api/getPlaceDetails?id=304185,http://tour-pedia.org/api/getReviewsByPlaceId?placeId=304185
"3 Rue Laugier, Paris, France",restaurant,304209,48.879642,2.297441,Paris,l'Ane qui rit,,,,http://tour-pedia.org/api/getPlaceDetails?id=304209,http://tour-pedia.org/api/getReviewsByPlaceId?placeId=304209
"273 Boulevard Pereire, Paris, France",restaurant,304224,48.87789,2.284841,Paris,Chez Georges,,,,http://tour-pedia.org/api/getPlaceDetails?id=304224,http://tour-pedia.org/api/getReviewsByPlaceId?placeId=304224
"277 Boulevard Pereire, Paris, France",restaurant,304225,48.877742,2.284655,Paris,Chez Bébert - Palais des Congrès,,,,http://tour-pedia.org/api/getPlaceDetails?id=304225,http://tour-pedia.org/api/getReviewsByPlaceId?placeId=304225
"275 Boulevard Pereire, Paris, France",restaurant,304227,48.87781,2.284737,Paris,Bistro Saint Ferdinand,,,,http://tour-pedia.org/api/getPlaceDetails?id=304227,http://tour-pedia.org/api/getReviewsByPlaceId?placeId=304227
"16 Rue des Acacias, Paris, France",restaurant,304228,48.876416,2.290641,Paris,Le Crabe Marteau,,,,http://tour-pedia.org/api/getPlaceDetails?id=304228,http://tour-pedia.org/api/getReviewsByPlaceId?placeId=304228
"21 Rue Brunel, Paris, France",restaurant,304230,48.877599,2.2882,Paris,Le Timgad,,,,http://tour-pedia.org/api/getPlaceDetails?id=304230,http://tour-pedia.org/api/getReviewsByPlaceId?placeId=304230
"44 Rue Saint-Ferdinand, Paris, France",restaurant,304235,48.877564,2.286717,Paris,Kifune,,,,http://tour-pedia.org/api/getPlaceDetails?id=304235,http://tour-pedia.org/api/getReviewsByPlaceId?placeId=304235
"13 Rue Denis Poisson, Paris, France",restaurant,304236,48.877626,2.287882,Paris,Restaurant Janna,,,,http://tour-pedia.org/api/getPlaceDetails?id=304236,http://tour-pedia.org/api/getReviewsByPlaceId?placeId=304236
"62 Avenue des Ternes, Paris, France",restaurant,304286,48.879369,2.291783,Paris,Le Rech,,,,http://tour-pedia.org/api/getPlaceDetails?id=304286,http://tour-pedia.org/api/getReviewsByPlaceId?placeId=304286
"27 Avenue des Ternes, Paris, France",restaurant,304287,48.878308,2.295652,Paris,SECRET SQUARE,,,,http://tour-pedia.org/api/getPlaceDetails?id=304287,http://tour-pedia.org/api/getReviewsByPlaceId?placeId=304287
"4 Rue Saussier-Leroy, Paris, France",restaurant,304294,48.879301,2.29671,Paris,Atelier du Marché,,,,http://tour-pedia.org/api/getPlaceDetails?id=304294,http://tour-pedia.org/api/getReviewsByPlaceId?placeId=304294
"21 Rue Poncelet, Paris, France",restaurant,304295,48.879334,2.297412,Paris,Little Italy,,,,http://tour-pedia.org/api/getPlaceDetails?id=304295,http://tour-pedia.org/api/getReviewsByPlaceId?placeId=304295
"16 Avenue des Ternes, Paris, France",restaurant,304296,48.878472,2.295457,Paris,Maison Pou,,,,http://tour-pedia.org/api/getPlaceDetails?id=304296,http://tour-pedia.org/api/getReviewsByPlaceId?placeId=304296
"4 Place Boulnois, Paris, France",restaurant,304305,48.87912,2.295839,Paris,Le Palanquin - Place Boulnois,,,,http://tour-pedia.org/api/getPlaceDetails?id=304305,http://tour-pedia.org/api/getReviewsByPlaceId?placeId=304305
"58 Rue des Acacias, Paris, France",restaurant,304337,48.878061,2.293941,Paris,Le Petit Acacia,,,,http://tour-pedia.org/api/getPlaceDetails?id=304337,http://tour-pedia.org/api/getReviewsByPlaceId?placeId=304337
"19 Rue de l'Arc de Triomphe, Paris, France",restaurant,304340,48.877394,2.293297,Paris,Wada,,,,http://tour-pedia.org/api/getPlaceDetails?id=304340,http://tour-pedia.org/api/getReviewsByPlaceId?placeId=304340
"32 Avenue de Wagram, Paris, France",restaurant,304367,48.876729,2.29744,Paris,Le Paradis du Fruit,,,,http://tour-pedia.org/api/getPlaceDetails?id=304367,http://tour-pedia.org/api/getReviewsByPlaceId?placeId=304367
"7 Rue de l'Étoile, Paris, France",restaurant,304368,48.876737,2.296148,Paris,Chez Gabrielle,,,,http://tour-pedia.org/api/getPlaceDetails?id=304368,http://tour-pedia.org/api/getReviewsByPlaceId?placeId=304368
"19 Rue de l'Étoile, Paris, France",restaurant,304370,48.877489,2.294975,Paris,Flute Paris,,,,http://tour-pedia.org/api/getPlaceDetails?id=304370,http://tour-pedia.org/api/getReviewsByPlaceId?placeId=304370
"24 Rue Brey, Paris, France",restaurant,304371,48.876864,2.295367,Paris,IN WOK,,,,http://tour-pedia.org/api/getPlaceDetails?id=304371,http://tour-pedia.org/api/getReviewsByPlaceId?placeId=304371
"39 Avenue de Wagram, Paris, France",restaurant,304372,48.877308,2.297315,Paris,Makassar,,,,http://tour-pedia.org/api/getPlaceDetails?id=304372,http://tour-pedia.org/api/getReviewsByPlaceId?placeId=304372
"13 Rue de Montenotte, Paris, France",restaurant,304381,48.877167,2.294959,Paris,Montenotte,,,,http://tour-pedia.org/api/getPlaceDetails?id=304381,http://tour-pedia.org/api/getReviewsByPlaceId?placeId=304381
"20 Rue Rennequin, Paris, France",restaurant,304392,48.881404,2.298496,Paris,Michel Rostang,,,,http://tour-pedia.org/api/getPlaceDetails?id=304392,http://tour-pedia.org/api/getReviewsByPlaceId?placeId=304392
"9 Rue Rennequin, Paris, France",restaurant,304393,48.88097,2.298899,Paris,La Gazelle,,,,http://tour-pedia.org/api/getPlaceDetails?id=304393,http://tour-pedia.org/api/getReviewsByPlaceId?placeId=304393
"63 Avenue de Wagram, Paris, France",restaurant,304399,48.878796,2.298446,Paris,Pizza Hut Wagram,,,,http://tour-pedia.org/api/getPlaceDetails?id=304399,http://tour-pedia.org/api/getReviewsByPlaceId?placeId=304399
"8 Rue Gustave Flaubert, Paris, France",restaurant,304401,48.881487,2.299098,Paris,Il Etait une Oie dans le Sud-Ouest,,,,http://tour-pedia.org/api/getPlaceDetails?id=304401,http://tour-pedia.org/api/getReviewsByPlaceId?placeId=304401
"103 Boulevard Malesherbes, Paris, France",restaurant,304452,48.879485,2.313922,Paris,Grand Café de la Poste,,,,http://tour-pedia.org/api/getPlaceDetails?id=304452,http://tour-pedia.org/api/getReviewsByPlaceId?placeId=304452
"1 Rue Daru, Paris, France",restaurant,304465,48.877373,2.300625,Paris,La Marée,,,,http://tour-pedia.org/api/getPlaceDetails?id=304465,http://tour-pedia.org/api/getReviewsByPlaceId?placeId=304465
"260 Rue du Faubourg St Honoré, Paris, France",restaurant,304467,48.877298,2.300204,Paris,Mariage Frères,,,,http://tour-pedia.org/api/getPlaceDetails?id=304467,http://tour-pedia.org/api/getReviewsByPlaceId?placeId=304467
"87 Boulevard de Courcelles, Paris, France",restaurant,304468,48.878184,2.299315,Paris,Les Gourmets des Ternes,,,,http://tour-pedia.org/api/getPlaceDetails?id=304468,http://tour-pedia.org/api/getReviewsByPlaceId?placeId=304468
"13 Rue Daru, Paris, France",restaurant,304470,48.877973,2.3017,Paris,A La Ville de Petrograd Restaurant,,,,http://tour-pedia.org/api/getPlaceDetails?id=304470,http://tour-pedia.org/api/getReviewsByPlaceId?placeId=304470
"233 Bis Rue du Faubourg St Honoré, Paris, France",restaurant,304471,48.877393,2.298989,Paris,Del Papa,,,,http://tour-pedia.org/api/getPlaceDetails?id=304471,http://tour-pedia.org/api/getReviewsByPlaceId?placeId=304471
"252 Rue du Faubourg Saint-Honoré, Paris, France",restaurant,304477,48.876994,2.300845,Paris,Café Salle Pleyel,,,,http://tour-pedia.org/api/getPlaceDetails?id=304477,http://tour-pedia.org/api/getReviewsByPlaceId?placeId=304477
"7 Rue des Moines, Paris, France",restaurant,304523,48.887763,2.318202,Paris,Le Manoir,,,,http://tour-pedia.org/api/getPlaceDetails?id=304523,http://tour-pedia.org/api/getReviewsByPlaceId?placeId=304523
"5 Rue des Moines, Paris, France",restaurant,304528,48.887646,2.318081,Paris,Les Casseroles,,,,http://tour-pedia.org/api/getPlaceDetails?id=304528,http://tour-pedia.org/api/getReviewsByPlaceId?placeId=304528
"69 Place du Docteur Félix Lobligeois, Paris, France",restaurant,304538,48.886403,2.317845,Paris,Fuxia,,,,http://tour-pedia.org/api/getPlaceDetails?id=304538,http://tour-pedia.org/api/getReviewsByPlaceId?placeId=304538
"66 Rue Legendre, Paris, France",restaurant,304539,48.885965,2.317347,Paris,DELICE DE L INDE,,,,http://tour-pedia.org/api/getPlaceDetails?id=304539,http://tour-pedia.org/api/getReviewsByPlaceId?placeId=304539
"72 Rue Boursault, Paris, France",restaurant,304550,48.886089,2.318034,Paris,L'ébéniste du vin - Bar et cave à vin,,,,http://tour-pedia.org/api/getPlaceDetails?id=304550,http://tour-pedia.org/api/getReviewsByPlaceId?placeId=304550
"Rue Caulaincourt, Paris, France",restaurant,304576,48.884814,2.329639,Paris,FLUNCH,,,,http://tour-pedia.org/api/getPlaceDetails?id=304576,http://tour-pedia.org/api/getReviewsByPlaceId?placeId=304576
"6 Passage Lathuille, Paris, France",restaurant,304580,48.884747,2.32765,Paris,Helem Club,,,,http://tour-pedia.org/api/getPlaceDetails?id=304580,http://tour-pedia.org/api/getReviewsByPlaceId?placeId=304580
"1 Rue Cavallotti, Paris, France",restaurant,304582,48.88579,2.328661,Paris,Restaurant - Le Bouclard,,,,http://tour-pedia.org/api/getPlaceDetails?id=304582,http://tour-pedia.org/api/getReviewsByPlaceId?placeId=304582
"22 Rue des Dames, Paris, France",restaurant,304586,48.884744,2.324695,Paris,Caves Populaires,,,,http://tour-pedia.org/api/getPlaceDetails?id=304586,http://tour-pedia.org/api/getReviewsByPlaceId?placeId=304586
"36 Rue la Condamine, Paris, France",restaurant,304596,48.886702,2.322913,Paris,Sterne,,,,http://tour-pedia.org/api/getPlaceDetails?id=304596,http://tour-pedia.org/api/getReviewsByPlaceId?placeId=304596
"32 Rue Legendre, Paris, France",restaurant,304654,48.884196,2.314416,Paris,Chez Léon,,,,http://tour-pedia.org/api/getPlaceDetails?id=304654,http://tour-pedia.org/api/getReviewsByPlaceId?placeId=304654
"36 Rue Legendre, Paris, France",restaurant,304655,48.884359,2.314663,Paris,Le P'tit Canon,,,,http://tour-pedia.org/api/getPlaceDetails?id=304655,http://tour-pedia.org/api/getReviewsByPlaceId?placeId=304655
"121 Rue de Rome, Paris, France",restaurant,304656,48.884884,2.317535,Paris,Le Clou,,,,http://tour-pedia.org/api/getPlaceDetails?id=304656,http://tour-pedia.org/api/getReviewsByPlaceId?placeId=304656
"35 Rue Legendre, Paris, France",restaurant,304658,48.884802,2.315137,Paris,Saïdoune,,,,http://tour-pedia.org/api/getPlaceDetails?id=304658,http://tour-pedia.org/api/getReviewsByPlaceId?placeId=304658
"57 Rue des Dames, Paris, France",restaurant,304673,48.883816,2.32176,Paris,Alice Pizza,,,,http://tour-pedia.org/api/getPlaceDetails?id=304673,http://tour-pedia.org/api/getReviewsByPlaceId?placeId=304673
"61 Rue des Dames, Paris, France",restaurant,304674,48.883735,2.321219,Paris,L'île Maurice,,,,http://tour-pedia.org/api/getPlaceDetails?id=304674,http://tour-pedia.org/api/getReviewsByPlaceId?placeId=304674
"118 Rue des Dames, Paris, France",restaurant,304692,48.882317,2.31595,Paris,Un Air de Famille,,,,http://tour-pedia.org/api/getPlaceDetails?id=304692,http://tour-pedia.org/api/getReviewsByPlaceId?placeId=304692
"108 Rue des Dames, Paris, France",restaurant,304693,48.882562,2.316503,Paris,I LOVE BO BUN,,,,http://tour-pedia.org/api/getPlaceDetails?id=304693,http://tour-pedia.org/api/getReviewsByPlaceId?placeId=304693
"90 Rue des Dames, Paris 17e arrondissement, France",restaurant,304731,48.88299,2.317968,Paris,Le Bistrot des Vignes,,,,http://tour-pedia.org/api/getPlaceDetails?id=304731,http://tour-pedia.org/api/getReviewsByPlaceId?placeId=304731
"97 Rue des Dames, Paris, France",restaurant,304732,48.883054,2.318478,Paris,Nove Sette,,,,http://tour-pedia.org/api/getPlaceDetails?id=304732,http://tour-pedia.org/api/getReviewsByPlaceId?placeId=304732
"12 Rue de Cheroy, Paris, France",restaurant,304742,48.882985,2.318202,Paris,Crêperie Aux Ducs de Bretagne,,,,http://tour-pedia.org/api/getPlaceDetails?id=304742,http://tour-pedia.org/api/getReviewsByPlaceId?placeId=304742
"11 Place de Clichy, Paris, France",restaurant,304770,48.883829,2.327132,Paris,Quick de Place Clichy,,,,http://tour-pedia.org/api/getPlaceDetails?id=304770,http://tour-pedia.org/api/getReviewsByPlaceId?placeId=304770
"5 Rue des Batignolles, Paris, France",restaurant,304785,48.883306,2.323435,Paris,Kokoya | traîteur-restaurant japonais,,,,http://tour-pedia.org/api/getPlaceDetails?id=304785,http://tour-pedia.org/api/getReviewsByPlaceId?placeId=304785
"42 Boulevard des Batignolles, Paris, France",restaurant,304786,48.882849,2.323152,Paris,Le Mont Liban,,,,http://tour-pedia.org/api/getPlaceDetails?id=304786,http://tour-pedia.org/api/getReviewsByPlaceId?placeId=304786
"27 Boulevard des Batignolles, Paris, France",restaurant,304787,48.882607,2.323899,Paris,Le 27 Gourmand,,,,http://tour-pedia.org/api/getPlaceDetails?id=304787,http://tour-pedia.org/api/getReviewsByPlaceId?placeId=304787
"12 Place de Clichy, Paris 9e, France",restaurant,304810,48.88367,2.328446,Paris,Charlot,,,,http://tour-pedia.org/api/getPlaceDetails?id=304810,http://tour-pedia.org/api/getReviewsByPlaceId?placeId=304810
"5 Place de Clichy, Paris, France",restaurant,304812,48.883651,2.326652,Paris,Bistro Melrose,,,,http://tour-pedia.org/api/getPlaceDetails?id=304812,http://tour-pedia.org/api/getReviewsByPlaceId?placeId=304812
"65 Rue de Douai, Paris, France",restaurant,304816,48.88365,2.32905,Paris,Crêperie Pen Ty,,,,http://tour-pedia.org/api/getPlaceDetails?id=304816,http://tour-pedia.org/api/getReviewsByPlaceId?placeId=304816
"11 Rue Caulaincourt, Paris, France",restaurant,304845,48.886832,2.332681,Paris,La Boîte à Pizza,,,,http://tour-pedia.org/api/getPlaceDetails?id=304845,http://tour-pedia.org/api/getReviewsByPlaceId?placeId=304845
"15 Rue Caulaincourt, Paris, France",restaurant,304846,48.887198,2.332966,Paris,Lui Linsolent,,,,http://tour-pedia.org/api/getPlaceDetails?id=304846,http://tour-pedia.org/api/getReviewsByPlaceId?placeId=304846
"26 Rue Tholozé, Paris, France",restaurant,304851,48.886946,2.335988,Paris,Tentazioni,,,,http://tour-pedia.org/api/getPlaceDetails?id=304851,http://tour-pedia.org/api/getReviewsByPlaceId?placeId=304851
"17 Rue Joseph de Maistre, Paris, France",restaurant,304856,48.886259,2.333277,Paris,Vingt heures Vin,,,,http://tour-pedia.org/api/getPlaceDetails?id=304856,http://tour-pedia.org/api/getReviewsByPlaceId?placeId=304856
"8 Rue Garreau, Paris, France",restaurant,304860,48.885992,2.337102,Paris,Guilo Guilo,,,,http://tour-pedia.org/api/getPlaceDetails?id=304860,http://tour-pedia.org/api/getReviewsByPlaceId?placeId=304860
"19 Rue Lepic, Paris, France",restaurant,304861,48.885233,2.334,Paris,Sushishop Paris - Lepic,,,,http://tour-pedia.org/api/getPlaceDetails?id=304861,http://tour-pedia.org/api/getReviewsByPlaceId?placeId=304861
"42 Rue Lepic, Paris, France",restaurant,304862,48.886104,2.33457,Paris,A la Pomponette,,,,http://tour-pedia.org/api/getPlaceDetails?id=304862,http://tour-pedia.org/api/getReviewsByPlaceId?placeId=304862
"52 Rue des Abbesses, Paris 18e arrondissement, France",restaurant,304863,48.885735,2.335473,Paris,Mascotte Montmartre,,,,http://tour-pedia.org/api/getPlaceDetails?id=304863,http://tour-pedia.org/api/getReviewsByPlaceId?placeId=304863
"3 Rue Durantin, Paris, France",restaurant,304865,48.885148,2.337348,Paris,Mon Oncle,,,,http://tour-pedia.org/api/getPlaceDetails?id=304865,http://tour-pedia.org/api/getReviewsByPlaceId?placeId=304865
"5 Rue Audran, Paris, France",restaurant,304866,48.885236,2.335906,Paris,Al Caratello,,,,http://tour-pedia.org/api/getPlaceDetails?id=304866,http://tour-pedia.org/api/getReviewsByPlaceId?placeId=304866
"6 Rue Burq, Paris, France",restaurant,304867,48.88584,2.336152,Paris,Café Burq,,,,http://tour-pedia.org/api/getPlaceDetails?id=304867,http://tour-pedia.org/api/getReviewsByPlaceId?placeId=304867
"16 Rue Tholozé, Paris, France",restaurant,304868,48.886443,2.335333,Paris,16 Tholozé,,,,http://tour-pedia.org/api/getPlaceDetails?id=304868,http://tour-pedia.org/api/getReviewsByPlaceId?placeId=304868
"10 Rue Garreau, Paris, France",restaurant,304869,48.886089,2.336946,Paris,La Part des Anges,,,,http://tour-pedia.org/api/getPlaceDetails?id=304869,http://tour-pedia.org/api/getReviewsByPlaceId?placeId=304869
"24 Rue Durantin, Paris, France",restaurant,304870,48.886344,2.336386,Paris,Doudingue,,,,http://tour-pedia.org/api/getPlaceDetails?id=304870,http://tour-pedia.org/api/getReviewsByPlaceId?placeId=304870
"6 Rue Aristide Bruant, Paris, France",restaurant,304873,48.885304,2.335227,Paris,La Balançoire,,,,http://tour-pedia.org/api/getPlaceDetails?id=304873,http://tour-pedia.org/api/getReviewsByPlaceId?placeId=304873
"65 Rue des Abbesses, Paris, France",restaurant,304876,48.88573,2.334829,Paris,Pepone,,,,http://tour-pedia.org/api/getPlaceDetails?id=304876,http://tour-pedia.org/api/getReviewsByPlaceId?placeId=304876
"6 Place du Tertre, Paris, France",restaurant,304914,48.88672,2.34082,Paris,La Mère Catherine,,,,http://tour-pedia.org/api/getPlaceDetails?id=304914,http://tour-pedia.org/api/getReviewsByPlaceId?placeId=304914
"2 Rue des Saules, Paris, France",restaurant,304915,48.8872,2.339848,Paris,La Bonne Franquette,,,,http://tour-pedia.org/api/getPlaceDetails?id=304915,http://tour-pedia.org/api/getReviewsByPlaceId?placeId=304915
"3 Rue Poulbot, Paris, France",restaurant,304918,48.886846,2.339954,Paris,Le Poulbot,,,,http://tour-pedia.org/api/getPlaceDetails?id=304918,http://tour-pedia.org/api/getReviewsByPlaceId?placeId=304918
"102 ter Rue Lepic, Paris, France",restaurant,304920,48.886974,2.337788,Paris,Antoine de Montmartre,,,,http://tour-pedia.org/api/getPlaceDetails?id=304920,http://tour-pedia.org/api/getReviewsByPlaceId?placeId=304920
"7 Rue du Mont Cenis, Paris, France",restaurant,304921,48.887007,2.341202,Paris,Le Ceni's,,,,http://tour-pedia.org/api/getPlaceDetails?id=304921,http://tour-pedia.org/api/getReviewsByPlaceId?placeId=304921
"41 Rue des 3 Frères, Paris, France",restaurant,304942,48.885166,2.339715,Paris,La Famille,,,,http://tour-pedia.org/api/getPlaceDetails?id=304942,http://tour-pedia.org/api/getReviewsByPlaceId?placeId=304942
"27 Rue Gabrielle, Paris, France",restaurant,304943,48.885775,2.340281,Paris,Chez Marie,,,,http://tour-pedia.org/api/getPlaceDetails?id=304943,http://tour-pedia.org/api/getReviewsByPlaceId?placeId=304943
"23 Rue Gabrielle, Paris, France",restaurant,304944,48.885692,2.34057,Paris,Le Rendez-vous des Amis,,,,http://tour-pedia.org/api/getPlaceDetails?id=304944,http://tour-pedia.org/api/getReviewsByPlaceId?placeId=304944
"40 Rue des 3 Frères, Paris, France",restaurant,304946,48.885284,2.339742,Paris,Tagada Bar,,,,http://tour-pedia.org/api/getPlaceDetails?id=304946,http://tour-pedia.org/api/getReviewsByPlaceId?placeId=304946
"25 Rue Gabriel Péri, Saint-Denis, France",restaurant,304947,48.885826,2.340395,Paris,La Taverne de Montmartre,,,,http://tour-pedia.org/api/getPlaceDetails?id=304947,http://tour-pedia.org/api/getReviewsByPlaceId?placeId=304947
"4 Rue Lamarck, Paris, France",restaurant,304958,48.886348,2.344241,Paris,Babalou-Sur-Seine,,,,http://tour-pedia.org/api/getPlaceDetails?id=304958,http://tour-pedia.org/api/getReviewsByPlaceId?placeId=304958
"110 Boulevard de Clichy, Paris, France",restaurant,304963,48.884436,2.330829,Paris,Corcoran's Irish Pub,,,,http://tour-pedia.org/api/getPlaceDetails?id=304963,http://tour-pedia.org/api/getReviewsByPlaceId?placeId=304963
"92 Boulevard de Clichy, Paris, France",restaurant,304964,48.884113,2.332127,Paris,O'Sullivans by the mill,,,,http://tour-pedia.org/api/getPlaceDetails?id=304964,http://tour-pedia.org/api/getReviewsByPlaceId?placeId=304964
"106 Boulevard de Clichy, Paris, France",restaurant,304966,48.884356,2.331188,Paris,Marinisa,,,,http://tour-pedia.org/api/getPlaceDetails?id=304966,http://tour-pedia.org/api/getReviewsByPlaceId?placeId=304966
"108 Boulevard de Clichy, Paris, France",restaurant,304967,48.884462,2.330712,Paris,Subway,,,,http://tour-pedia.org/api/getPlaceDetails?id=304967,http://tour-pedia.org/api/getReviewsByPlaceId?placeId=304967
"118 Boulevard de Clichy, Paris, France",restaurant,304970,48.88456,2.330263,Paris,The Harp Bar,,,,http://tour-pedia.org/api/getPlaceDetails?id=304970,http://tour-pedia.org/api/getReviewsByPlaceId?placeId=304970
"32 Rue Véron, Paris, France",restaurant,304987,48.884962,2.335559,Paris,Le Restaurant,,,,http://tour-pedia.org/api/getPlaceDetails?id=304987,http://tour-pedia.org/api/getReviewsByPlaceId?placeId=304987
"14 Rue Germain Pilon, Paris, France",restaurant,304988,48.883388,2.336671,Paris,Marlusse et lapin,,,,http://tour-pedia.org/api/getPlaceDetails?id=304988,http://tour-pedia.org/api/getReviewsByPlaceId?placeId=304988
"33 Rue des Abbesses, Paris, France",restaurant,304990,48.884951,2.33707,Paris,Vrai Paris,,,,http://tour-pedia.org/api/getPlaceDetails?id=304990,http://tour-pedia.org/api/getReviewsByPlaceId?placeId=304990
"12 Rue Véron, Paris, France",restaurant,304994,48.884505,2.336644,Paris,Kezako,,,,http://tour-pedia.org/api/getPlaceDetails?id=304994,http://tour-pedia.org/api/getReviewsByPlaceId?placeId=304994
"20 Rue Germain Pilon, Paris, France",restaurant,305001,48.884182,2.337008,Paris,Chez Toinette,,,,http://tour-pedia.org/api/getPlaceDetails?id=305001,http://tour-pedia.org/api/getReviewsByPlaceId?placeId=305001
"40 Rue Pierre Fontaine, Paris, France",restaurant,305018,48.882842,2.333236,Paris,Carrousel de Paris,,,,http://tour-pedia.org/api/getPlaceDetails?id=305018,http://tour-pedia.org/api/getReviewsByPlaceId?placeId=305018
"52 Rue de Douai, Paris, France",restaurant,305021,48.883376,2.330367,Paris,Le Brasier,,,,http://tour-pedia.org/api/getPlaceDetails?id=305021,http://tour-pedia.org/api/getReviewsByPlaceId?placeId=305021
"24 Rue de Vintimille, Paris, France",restaurant,305025,48.882864,2.32979,Paris,Le Petit Lyon,,,,http://tour-pedia.org/api/getPlaceDetails?id=305025,http://tour-pedia.org/api/getReviewsByPlaceId?placeId=305025
"38 Rue de Douai, Paris, France",restaurant,305027,48.882825,2.332164,Paris,Boudella Nouredine,,,,http://tour-pedia.org/api/getPlaceDetails?id=305027,http://tour-pedia.org/api/getReviewsByPlaceId?placeId=305027
"64 Boulevard de Clichy, Paris, France",restaurant,305055,48.883463,2.334492,Paris,Les trois baudets,,,,http://tour-pedia.org/api/getPlaceDetails?id=305055,http://tour-pedia.org/api/getReviewsByPlaceId?placeId=305055
"68 Boulevard de Clichy, Paris, France",restaurant,305056,48.883535,2.334104,Paris,Le Chat Noir,,,,http://tour-pedia.org/api/getPlaceDetails?id=305056,http://tour-pedia.org/api/getReviewsByPlaceId?placeId=305056
"5 Rue André Antoine, Paris, France",restaurant,305057,48.882924,2.337387,Paris,Rock'n'Roll Circus,,,,http://tour-pedia.org/api/getPlaceDetails?id=305057,http://tour-pedia.org/api/getReviewsByPlaceId?placeId=305057
"38 Boulevard Clichy, Paris, France",restaurant,305059,48.882938,2.336124,Paris,Café l'Epoque,,,,http://tour-pedia.org/api/getPlaceDetails?id=305059,http://tour-pedia.org/api/getReviewsByPlaceId?placeId=305059
"13 Place Pigalle, Paris, France",restaurant,305065,48.882328,2.336772,Paris,Les Omnibus,,,,http://tour-pedia.org/api/getPlaceDetails?id=305065,http://tour-pedia.org/api/getReviewsByPlaceId?placeId=305065
"94 Rue des Martyrs, Paris, France",restaurant,305086,48.88401,2.339818,Paris,Miroir,,,,http://tour-pedia.org/api/getPlaceDetails?id=305086,http://tour-pedia.org/api/getReviewsByPlaceId?placeId=305086
"22 Rue la Vieuville, Paris, France",restaurant,305087,48.884713,2.340533,Paris,Miss Cupcake,,,,http://tour-pedia.org/api/getPlaceDetails?id=305087,http://tour-pedia.org/api/getReviewsByPlaceId?placeId=305087
"17 Rue des 3 Frères, Paris, France",restaurant,305088,48.884467,2.341091,Paris,Le Refuge des Fondus,,,,http://tour-pedia.org/api/getPlaceDetails?id=305088,http://tour-pedia.org/api/getReviewsByPlaceId?placeId=305088
"13 Rue des 3 Frères, Paris, France",restaurant,305090,48.88431,2.341135,Paris,L'Annexe,,,,http://tour-pedia.org/api/getPlaceDetails?id=305090,http://tour-pedia.org/api/getReviewsByPlaceId?placeId=305090
"18 Rue des 3 Frères, Paris, France",restaurant,305091,48.884614,2.341262,Paris,Le Dan Bau,,,,http://tour-pedia.org/api/getPlaceDetails?id=305091,http://tour-pedia.org/api/getReviewsByPlaceId?placeId=305091
"9 Rue des Abbesses, Paris, France",restaurant,305094,48.88395,2.338863,Paris,Le Templier de Montmartre,,,,http://tour-pedia.org/api/getPlaceDetails?id=305094,http://tour-pedia.org/api/getReviewsByPlaceId?placeId=305094
"26 Rue des 3 Frères, Paris, France",restaurant,305095,48.884939,2.34091,Paris,La Cave a Jojo,,,,http://tour-pedia.org/api/getPlaceDetails?id=305095,http://tour-pedia.org/api/getReviewsByPlaceId?placeId=305095
"24 Rue la Vieuville, Paris, France",restaurant,305097,48.884773,2.340457,Paris,Au Grain de Folie,,,,http://tour-pedia.org/api/getPlaceDetails?id=305097,http://tour-pedia.org/api/getReviewsByPlaceId?placeId=305097
"31 Rue des 3 Frères, Paris, France",restaurant,305098,48.884889,2.340529,Paris,Aux Trois Petits Cochons,,,,http://tour-pedia.org/api/getPlaceDetails?id=305098,http://tour-pedia.org/api/getReviewsByPlaceId?placeId=305098
"31 Rue des 3 Frères, Paris, France",restaurant,305099,48.88487,2.34048,Paris,La Grolle de Montmartre,,,,http://tour-pedia.org/api/getPlaceDetails?id=305099,http://tour-pedia.org/api/getReviewsByPlaceId?placeId=305099
"29 Rue des 3 Frères, Paris, France",restaurant,305100,48.884785,2.34077,Paris,Le Jardin d'en face,,,,http://tour-pedia.org/api/getPlaceDetails?id=305100,http://tour-pedia.org/api/getReviewsByPlaceId?placeId=305100
"93 Rue des Martyrs, Paris, France",restaurant,305104,48.884299,2.339617,Paris,La Pierrade,,,,http://tour-pedia.org/api/getPlaceDetails?id=305104,http://tour-pedia.org/api/getReviewsByPlaceId?placeId=305104
"22 Rue des 3 Frères, Paris, France",restaurant,305107,48.88474,2.341186,Paris,L'Arsouille,,,,http://tour-pedia.org/api/getPlaceDetails?id=305107,http://tour-pedia.org/api/getReviewsByPlaceId?placeId=305107
"7 Rue des 3 Frères, Paris, France",restaurant,305132,48.883855,2.341439,Paris,Au Progrès,,,,http://tour-pedia.org/api/getPlaceDetails?id=305132,http://tour-pedia.org/api/getReviewsByPlaceId?placeId=305132
"16 Rue des 3 Frères, Paris, France",restaurant,305137,48.884475,2.341336,Paris,Le Potager du Père Thierry,,,,http://tour-pedia.org/api/getPlaceDetails?id=305137,http://tour-pedia.org/api/getReviewsByPlaceId?placeId=305137
"13 Place Saint-Pierre, Paris, France",restaurant,305140,48.884322,2.343564,Paris,Le Ronsard,,,,http://tour-pedia.org/api/getPlaceDetails?id=305140,http://tour-pedia.org/api/getReviewsByPlaceId?placeId=305140
"74 Rue des Martyrs, Paris, France",restaurant,305160,48.88251,2.339721,Paris,La Fourmi,,,,http://tour-pedia.org/api/getPlaceDetails?id=305160,http://tour-pedia.org/api/getReviewsByPlaceId?placeId=305160
"6 Rue André Antoine, Paris, France",restaurant,305169,48.882983,2.337538,Paris,Bar Le Kremlin,,,,http://tour-pedia.org/api/getPlaceDetails?id=305169,http://tour-pedia.org/api/getReviewsByPlaceId?placeId=305169
"1 Rue des Abbesses, Paris, France",restaurant,305172,48.883646,2.339623,Paris,Le Nouveau Carillon,,,,http://tour-pedia.org/api/getPlaceDetails?id=305172,http://tour-pedia.org/api/getReviewsByPlaceId?placeId=305172
"80 Boulevard de Rochechouart, Paris, France",restaurant,305191,48.882861,2.343078,Paris,Théâtre Trianon,,,,http://tour-pedia.org/api/getPlaceDetails?id=305191,http://tour-pedia.org/api/getReviewsByPlaceId?placeId=305191
"2 Rue Briquet, Paris, France",restaurant,305193,48.883398,2.344208,Paris,Au Palais de l'Himalaya,,,,http://tour-pedia.org/api/getPlaceDetails?id=305193,http://tour-pedia.org/api/getReviewsByPlaceId?placeId=305193
"4 Rue Dancourt, Paris, France",restaurant,305194,48.882832,2.341909,Paris,Alice Pizza,,,,http://tour-pedia.org/api/getPlaceDetails?id=305194,http://tour-pedia.org/api/getReviewsByPlaceId?placeId=305194
"44 Rue d'Orsel, Paris, France",restaurant,305195,48.883631,2.342561,Paris,L'Entr'Acte,,,,http://tour-pedia.org/api/getPlaceDetails?id=305195,http://tour-pedia.org/api/getReviewsByPlaceId?placeId=305195
"13-15 Rue de Lévis, Paris, France",restaurant,305216,48.882062,2.315766,Paris,Monoprix,,,,http://tour-pedia.org/api/getPlaceDetails?id=305216,http://tour-pedia.org/api/getReviewsByPlaceId?placeId=305216
"1 Boulevard de Courcelles, Paris, France",restaurant,305217,48.88103,2.316578,Paris,Bastide Blanche,,,,http://tour-pedia.org/api/getPlaceDetails?id=305217,http://tour-pedia.org/api/getReviewsByPlaceId?placeId=305217
"4 Avenue de Villiers, Paris, France",restaurant,305219,48.881628,2.315918,Paris,Dôme,,,,http://tour-pedia.org/api/getPlaceDetails?id=305219,http://tour-pedia.org/api/getReviewsByPlaceId?placeId=305219
"80 Boulevard des Batignolles, Paris, France",restaurant,305241,48.881956,2.318739,Paris,El Picador,,,,http://tour-pedia.org/api/getPlaceDetails?id=305241,http://tour-pedia.org/api/getReviewsByPlaceId?placeId=305241
"7 Rue Clapeyron, Paris, France",restaurant,305282,48.881334,2.324151,Paris,Shin Jung,,,,http://tour-pedia.org/api/getPlaceDetails?id=305282,http://tour-pedia.org/api/getReviewsByPlaceId?placeId=305282
"20 Rue de Turin, Paris, France",restaurant,305283,48.881174,2.324733,Paris,Le Percolateur,,,,http://tour-pedia.org/api/getPlaceDetails?id=305283,http://tour-pedia.org/api/getReviewsByPlaceId?placeId=305283
"28 Rue de Moscou, Paris, France",restaurant,305284,48.881091,2.323978,Paris,Thabthim,,,,http://tour-pedia.org/api/getPlaceDetails?id=305284,http://tour-pedia.org/api/getReviewsByPlaceId?placeId=305284
"8 Rue de Vintimille, Paris, France",restaurant,305298,48.882035,2.328749,Paris,Yoko Sushi,,,,http://tour-pedia.org/api/getPlaceDetails?id=305298,http://tour-pedia.org/api/getReviewsByPlaceId?placeId=305298
"59 Rue de Clichy, Paris, France",restaurant,305301,48.881242,2.328395,Paris,Brasserie du Théâtre,,,,http://tour-pedia.org/api/getPlaceDetails?id=305301,http://tour-pedia.org/api/getReviewsByPlaceId?placeId=305301
"2 Rue de Berne, Paris, France",restaurant,305321,48.880146,2.323983,Paris,Neva,,,,http://tour-pedia.org/api/getPlaceDetails?id=305321,http://tour-pedia.org/api/getReviewsByPlaceId?placeId=305321
"6 Rue de Moscou, Paris, France",restaurant,305333,48.879869,2.326591,Paris,Nirvana Inde,,,,http://tour-pedia.org/api/getPlaceDetails?id=305333,http://tour-pedia.org/api/getReviewsByPlaceId?placeId=305333
"46Bis Rue de Clichy, Paris, France",restaurant,305334,48.880001,2.329127,Paris,Spaccanapoli Trattoria Pizzeria,,,,http://tour-pedia.org/api/getPlaceDetails?id=305334,http://tour-pedia.org/api/getReviewsByPlaceId?placeId=305334
"2 Rue de Liège, Paris, France",restaurant,305335,48.879721,2.328801,Paris,L'Estaminet - Bar - Brasserie,,,,http://tour-pedia.org/api/getPlaceDetails?id=305335,http://tour-pedia.org/api/getReviewsByPlaceId?placeId=305335
"85 Boulevard Malesherbes, Paris, France",restaurant,305356,48.87766,2.316131,Paris,Eric Kayser,,,,http://tour-pedia.org/api/getPlaceDetails?id=305356,http://tour-pedia.org/api/getReviewsByPlaceId?placeId=305356
"33 Rue du Rocher, Paris, France",restaurant,305364,48.877266,2.321063,Paris,Capriccio,,,,http://tour-pedia.org/api/getPlaceDetails?id=305364,http://tour-pedia.org/api/getReviewsByPlaceId?placeId=305364
"41 Rue de Londres, Paris, France",restaurant,305455,48.877937,2.326349,Paris,Our,,,,http://tour-pedia.org/api/getPlaceDetails?id=305455,http://tour-pedia.org/api/getReviewsByPlaceId?placeId=305455
"24 Rue d'Amsterdam, Paris, France",restaurant,305456,48.876826,2.326966,Paris,Fudorama,,,,http://tour-pedia.org/api/getPlaceDetails?id=305456,http://tour-pedia.org/api/getReviewsByPlaceId?placeId=305456
"3 Rue Mansart, Paris, France",restaurant,305471,48.882101,2.333372,Paris,A la Cloche d'Or,,,,http://tour-pedia.org/api/getPlaceDetails?id=305471,http://tour-pedia.org/api/getReviewsByPlaceId?placeId=305471
"66 Rue Blanche, Paris, France",restaurant,305472,48.881324,2.33163,Paris,Le Bla-Bla,,,,http://tour-pedia.org/api/getPlaceDetails?id=305472,http://tour-pedia.org/api/getReviewsByPlaceId?placeId=305472
"54 Rue Jean-Baptiste Pigalle, Paris, France",restaurant,305489,48.881058,2.335997,Paris,Chez Moune,,,,http://tour-pedia.org/api/getPlaceDetails?id=305489,http://tour-pedia.org/api/getReviewsByPlaceId?placeId=305489
"25 Rue Fontaine, Paris, France",restaurant,305490,48.882012,2.333726,Paris,Nouvelle Eve,,,,http://tour-pedia.org/api/getPlaceDetails?id=305490,http://tour-pedia.org/api/getReviewsByPlaceId?placeId=305490
"63 Rue Jean-Baptiste Pigalle, Paris, France",restaurant,305491,48.881664,2.336627,Paris,Lautrec Café,,,,http://tour-pedia.org/api/getPlaceDetails?id=305491,http://tour-pedia.org/api/getReviewsByPlaceId?placeId=305491
"65 Rue Jean-Baptiste Pigalle, Paris, France",restaurant,305493,48.881315,2.336199,Paris,Le Sans Souci,,,,http://tour-pedia.org/api/getPlaceDetails?id=305493,http://tour-pedia.org/api/getReviewsByPlaceId?placeId=305493
"19bis Rue Pierre Fontaine, Paris, France",restaurant,305494,48.881548,2.334087,Paris,Le Garde-temps,,,,http://tour-pedia.org/api/getPlaceDetails?id=305494,http://tour-pedia.org/api/getReviewsByPlaceId?placeId=305494
"7 Rue Frochot, Paris, France",restaurant,305495,48.881508,2.337311,Paris,Glass,,,,http://tour-pedia.org/api/getPlaceDetails?id=305495,http://tour-pedia.org/api/getReviewsByPlaceId?placeId=305495
"52 Rue Blanche, Paris, France",restaurant,305540,48.880264,2.331499,Paris,Chez Grenouille,,,,http://tour-pedia.org/api/getPlaceDetails?id=305540,http://tour-pedia.org/api/getReviewsByPlaceId?placeId=305540
"6 Rue Fontaine, Paris, France",restaurant,305547,48.880751,2.334949,Paris,Bus Palladium,,,,http://tour-pedia.org/api/getPlaceDetails?id=305547,http://tour-pedia.org/api/getReviewsByPlaceId?placeId=305547
"40 Rue Jean-Baptiste Pigalle, Paris, France",restaurant,305548,48.880012,2.334521,Paris,Chloé.S,,,,http://tour-pedia.org/api/getPlaceDetails?id=305548,http://tour-pedia.org/api/getReviewsByPlaceId?placeId=305548
"43 Rue Notre-Dame de Lorette, Paris, France",restaurant,305549,48.879615,2.33613,Paris,Le Bistrot Lorette,,,,http://tour-pedia.org/api/getPlaceDetails?id=305549,http://tour-pedia.org/api/getReviewsByPlaceId?placeId=305549
"19 Rue Henry Monnier, Paris, France",restaurant,305550,48.880157,2.337316,Paris,Le Petit Canard,,,,http://tour-pedia.org/api/getPlaceDetails?id=305550,http://tour-pedia.org/api/getReviewsByPlaceId?placeId=305550
"56 Rue Notre-Dame de Lorette, Paris, France",restaurant,305551,48.879933,2.335786,Paris,Addis Abeba,,,,http://tour-pedia.org/api/getPlaceDetails?id=305551,http://tour-pedia.org/api/getReviewsByPlaceId?placeId=305551
"56 Rue Notre-Dame de Lorette, Paris, France",restaurant,305552,48.879888,2.335851,Paris,Le Fréquence Café,,,,http://tour-pedia.org/api/getPlaceDetails?id=305552,http://tour-pedia.org/api/getReviewsByPlaceId?placeId=305552
"47 Rue de la Rochefoucauld, Paris, France",restaurant,305553,48.880038,2.335114,Paris,L'Embuscade,,,,http://tour-pedia.org/api/getPlaceDetails?id=305553,http://tour-pedia.org/api/getReviewsByPlaceId?placeId=305553
"Paris, France",restaurant,305562,48.879527,2.337331,Paris,Kastoori,,,,http://tour-pedia.org/api/getPlaceDetails?id=305562,http://tour-pedia.org/api/getReviewsByPlaceId?placeId=305562
"66 Rue des Martyrs, Paris, France",restaurant,305600,48.881023,2.34017,Paris,La Table des Anges,,,,http://tour-pedia.org/api/getPlaceDetails?id=305600,http://tour-pedia.org/api/getReviewsByPlaceId?placeId=305600
"124 Boulevard de Rochechouart, Paris, France",restaurant,305601,48.882231,2.339974,Paris,Café La Cigale,,,,http://tour-pedia.org/api/getPlaceDetails?id=305601,http://tour-pedia.org/api/getReviewsByPlaceId?placeId=305601
"61 Rue des Martyrs, Paris, France",restaurant,305602,48.881068,2.339908,Paris,Da Carmine,,,,http://tour-pedia.org/api/getPlaceDetails?id=305602,http://tour-pedia.org/api/getReviewsByPlaceId?placeId=305602
"2 Boulevard de Clichy, Paris, France",restaurant,305603,48.882273,2.339549,Paris,La Marmite,,,,http://tour-pedia.org/api/getPlaceDetails?id=305603,http://tour-pedia.org/api/getReviewsByPlaceId?placeId=305603
"10 Rue Frochot, Paris, France",restaurant,305607,48.881507,2.337493,Paris,Dirty Dick,,,,http://tour-pedia.org/api/getPlaceDetails?id=305607,http://tour-pedia.org/api/getReviewsByPlaceId?placeId=305607
"22 Avenue Trudaine, Paris, France",restaurant,305621,48.881099,2.341498,Paris,La Pizzetta,,,,http://tour-pedia.org/api/getPlaceDetails?id=305621,http://tour-pedia.org/api/getReviewsByPlaceId?placeId=305621
"68 Rue Rodier, Paris, France",restaurant,305625,48.881126,2.344315,Paris,Le 37 M2,,,,http://tour-pedia.org/api/getPlaceDetails?id=305625,http://tour-pedia.org/api/getReviewsByPlaceId?placeId=305625
"3 Rue Victor Massé, Paris, France",restaurant,305636,48.880449,2.33994,Paris,Le Pantruche,,,,http://tour-pedia.org/api/getPlaceDetails?id=305636,http://tour-pedia.org/api/getReviewsByPlaceId?placeId=305636
"62 Rue des Martyrs, Paris, France",restaurant,305637,48.880667,2.340703,Paris,Kooka Boora,,,,http://tour-pedia.org/api/getPlaceDetails?id=305637,http://tour-pedia.org/api/getReviewsByPlaceId?placeId=305637
"62 Rue Rodier, Paris, France",restaurant,305667,48.880667,2.344065,Paris,Pizza di Loretta,,,,http://tour-pedia.org/api/getPlaceDetails?id=305667,http://tour-pedia.org/api/getReviewsByPlaceId?placeId=305667
"42 Rue Rodier, Paris, France",restaurant,305668,48.87951,2.34345,Paris,Thai House,,,,http://tour-pedia.org/api/getPlaceDetails?id=305668,http://tour-pedia.org/api/getReviewsByPlaceId?placeId=305668
"52 Rue Condorcet, Paris, France",restaurant,305670,48.880261,2.34325,Paris,Khaosan,,,,http://tour-pedia.org/api/getPlaceDetails?id=305670,http://tour-pedia.org/api/getReviewsByPlaceId?placeId=305670
"36 Rue Condorcet, Paris, France",restaurant,305671,48.880159,2.343907,Paris,Braisenville,,,,http://tour-pedia.org/api/getPlaceDetails?id=305671,http://tour-pedia.org/api/getReviewsByPlaceId?placeId=305671
"7 Rue Jean-Baptiste Pigalle, Paris, France",restaurant,305688,48.878204,2.332166,Paris,L'Aromatik,,,,http://tour-pedia.org/api/getPlaceDetails?id=305688,http://tour-pedia.org/api/getReviewsByPlaceId?placeId=305688
"14 Rue Jean-Baptiste Pigalle, Paris, France",restaurant,305689,48.878696,2.332849,Paris,ROUGE PASSION,,,,http://tour-pedia.org/api/getPlaceDetails?id=305689,http://tour-pedia.org/api/getReviewsByPlaceId?placeId=305689
"5 Rue Jean-Baptiste Pigalle, Paris, France",restaurant,305690,48.878972,2.333184,Paris,Momoka,,,,http://tour-pedia.org/api/getPlaceDetails?id=305690,http://tour-pedia.org/api/getReviewsByPlaceId?placeId=305690
"11Bis Rue Blanche, Paris, France",restaurant,305691,48.878489,2.331593,Paris,L'Amphitryon,,,,http://tour-pedia.org/api/getPlaceDetails?id=305691,http://tour-pedia.org/api/getReviewsByPlaceId?placeId=305691
"40 Rue Notre-Dame de Lorette, Paris, France",restaurant,305706,48.879195,2.336684,Paris,Caffè Jadis,,,,http://tour-pedia.org/api/getPlaceDetails?id=305706,http://tour-pedia.org/api/getReviewsByPlaceId?placeId=305706
"33 Rue Notre-Dame de Lorette, Paris, France",restaurant,305707,48.878821,2.336911,Paris,Bo man café,,,,http://tour-pedia.org/api/getPlaceDetails?id=305707,http://tour-pedia.org/api/getReviewsByPlaceId?placeId=305707
"32 Rue de la Rochefoucauld, Paris, France",restaurant,305709,48.879233,2.334855,Paris,Pi Hour,,,,http://tour-pedia.org/api/getPlaceDetails?id=305709,http://tour-pedia.org/api/getReviewsByPlaceId?placeId=305709
"18 Rue Blanche, Paris, France",restaurant,305722,48.877952,2.331959,Paris,Bistro des Deux Théâtres,,,,http://tour-pedia.org/api/getPlaceDetails?id=305722,http://tour-pedia.org/api/getReviewsByPlaceId?placeId=305722
"14 Rue de Clichy, Paris, France",restaurant,305723,48.878098,2.330192,Paris,Bourgogne Sud,,,,http://tour-pedia.org/api/getPlaceDetails?id=305723,http://tour-pedia.org/api/getReviewsByPlaceId?placeId=305723
"47 Rue Saint-Georges, Paris, France",restaurant,305745,48.877711,2.337198,Paris,Sizin,,,,http://tour-pedia.org/api/getPlaceDetails?id=305745,http://tour-pedia.org/api/getReviewsByPlaceId?placeId=305745
"35 Rue Saint-Georges, Paris, France",restaurant,305746,48.87691,2.337052,Paris,PlayOff Saint-Georges,,,,http://tour-pedia.org/api/getPlaceDetails?id=305746,http://tour-pedia.org/api/getReviewsByPlaceId?placeId=305746
"48 Rue Saint-Georges, Paris, France",restaurant,305747,48.877252,2.337188,Paris,Casa Olympe,,,,http://tour-pedia.org/api/getPlaceDetails?id=305747,http://tour-pedia.org/api/getReviewsByPlaceId?placeId=305747
"31 Rue Saint-Lazare, Paris, France",restaurant,305750,48.876712,2.336173,Paris,L'Atelier du Bagel,,,,http://tour-pedia.org/api/getPlaceDetails?id=305750,http://tour-pedia.org/api/getReviewsByPlaceId?placeId=305750
"46 Rue des Martyrs, Paris, France",restaurant,305766,48.879374,2.340066,Paris,Rose Bakery,,,,http://tour-pedia.org/api/getPlaceDetails?id=305766,http://tour-pedia.org/api/getReviewsByPlaceId?placeId=305766
"25 Rue des Martyrs, Paris, France",restaurant,305767,48.878378,2.339577,Paris,Fuxia,,,,http://tour-pedia.org/api/getPlaceDetails?id=305767,http://tour-pedia.org/api/getReviewsByPlaceId?placeId=305767
"23 Rue Clauzel, Paris, France",restaurant,305768,48.879246,2.337554,Paris,LE 23 CLAUZEL,,,,http://tour-pedia.org/api/getPlaceDetails?id=305768,http://tour-pedia.org/api/getReviewsByPlaceId?placeId=305768
"39 Rue des Martyrs, Paris, France",restaurant,305769,48.879468,2.339901,Paris,Arnaud Delmontel,,,,http://tour-pedia.org/api/getPlaceDetails?id=305769,http://tour-pedia.org/api/getReviewsByPlaceId?placeId=305769
"51 Rue des Martyrs, Paris, France",restaurant,305771,48.87849,2.339736,Paris,Fuxia,,,,http://tour-pedia.org/api/getPlaceDetails?id=305771,http://tour-pedia.org/api/getReviewsByPlaceId?placeId=305771
"20 Rue des Martyrs, Paris, France",restaurant,305822,48.877834,2.339601,Paris,Yoom,,,,http://tour-pedia.org/api/getPlaceDetails?id=305822,http://tour-pedia.org/api/getReviewsByPlaceId?placeId=305822
"7 Rue Notre-Dame de Lorette, Paris, France",restaurant,305823,48.877128,2.338693,Paris,Pousse-Pousse,,,,http://tour-pedia.org/api/getPlaceDetails?id=305823,http://tour-pedia.org/api/getReviewsByPlaceId?placeId=305823
"15 Rue Choron, Paris, France",restaurant,305824,48.87768,2.339798,Paris,Chez Vous,,,,http://tour-pedia.org/api/getPlaceDetails?id=305824,http://tour-pedia.org/api/getReviewsByPlaceId?placeId=305824
"3 Rue Milton, Paris, France",restaurant,305826,48.877029,2.340455,Paris,Restaurant Gabriela,,,,http://tour-pedia.org/api/getPlaceDetails?id=305826,http://tour-pedia.org/api/getReviewsByPlaceId?placeId=305826
"4 Rue Milton, Paris, France",restaurant,305827,48.877015,2.340676,Paris,Domino's Pizza Paris 9,,,,http://tour-pedia.org/api/getPlaceDetails?id=305827,http://tour-pedia.org/api/getReviewsByPlaceId?placeId=305827
"13 Rue Saint-Lazare, Paris, France",restaurant,305836,48.876736,2.337596,Paris,Pizzeria Saint Lazare,,,,http://tour-pedia.org/api/getPlaceDetails?id=305836,http://tour-pedia.org/api/getReviewsByPlaceId?placeId=305836
"10 Rue de Rochechouart, Paris, France",restaurant,305893,48.877073,2.344611,Paris,yoki sushi restaurant japonais,,,,http://tour-pedia.org/api/getPlaceDetails?id=305893,http://tour-pedia.org/api/getReviewsByPlaceId?placeId=305893
"Route de l'Étoile, Paris, France",restaurant,305911,48.874156,2.259796,Paris,Le restaurant LE TIR AUX PIGEONS,,,,http://tour-pedia.org/api/getPlaceDetails?id=305911,http://tour-pedia.org/api/getReviewsByPlaceId?placeId=305911
"40 Rue Pergolese, Paris, France",restaurant,305915,48.874334,2.282553,Paris,Restaurant Le Pergolèse,,,,http://tour-pedia.org/api/getPlaceDetails?id=305915,http://tour-pedia.org/api/getReviewsByPlaceId?placeId=305915
"189 Rue de la Pompe, Paris, France",restaurant,305917,48.871459,2.28355,Paris,Henry's,,,,http://tour-pedia.org/api/getPlaceDetails?id=305917,http://tour-pedia.org/api/getReviewsByPlaceId?placeId=305917
"7 Rue Gustave Courbet, Paris, France",restaurant,305932,48.866558,2.281308,Paris,Coffee Parisien,,,,http://tour-pedia.org/api/getPlaceDetails?id=305932,http://tour-pedia.org/api/getReviewsByPlaceId?placeId=305932
"33 Rue des Sablons, Paris, France",restaurant,305938,48.864484,2.282612,Paris,Bozen Trocadéro,,,,http://tour-pedia.org/api/getPlaceDetails?id=305938,http://tour-pedia.org/api/getReviewsByPlaceId?placeId=305938
"118 Avenue Victor Hugo, Paris, France",restaurant,305944,48.868024,2.281217,Paris,Boulangerie Bechu,,,,http://tour-pedia.org/api/getPlaceDetails?id=305944,http://tour-pedia.org/api/getReviewsByPlaceId?placeId=305944
"10 Rue Mignard, Paris, France",restaurant,306031,48.862904,2.273938,Paris,La Pinède,,,,http://tour-pedia.org/api/getPlaceDetails?id=306031,http://tour-pedia.org/api/getReviewsByPlaceId?placeId=306031
"6 Rue Faustin Hélie, Paris, France",restaurant,306050,48.859429,2.276558,Paris,Chez NIKITA,,,,http://tour-pedia.org/api/getPlaceDetails?id=306050,http://tour-pedia.org/api/getReviewsByPlaceId?placeId=306050
"56 Rue de Boulainvilliers, Paris, France",restaurant,306072,48.857523,2.274892,Paris,KURA,,,,http://tour-pedia.org/api/getPlaceDetails?id=306072,http://tour-pedia.org/api/getReviewsByPlaceId?placeId=306072
"4 Rue Lekain, Paris, France",restaurant,306092,48.856769,2.278501,Paris,Albarino Passy,,,,http://tour-pedia.org/api/getPlaceDetails?id=306092,http://tour-pedia.org/api/getReviewsByPlaceId?placeId=306092
"7 Rue Lekain, Paris, France",restaurant,306098,48.8565,2.278479,Paris,Restaurant Le Agra,,,,http://tour-pedia.org/api/getPlaceDetails?id=306098,http://tour-pedia.org/api/getReviewsByPlaceId?placeId=306098
"23 Rue Annonciation, Paris, France",restaurant,306104,48.856563,2.279459,Paris,La Matta,,,,http://tour-pedia.org/api/getPlaceDetails?id=306104,http://tour-pedia.org/api/getReviewsByPlaceId?placeId=306104
"86 Rue Raynouard, Paris, France",restaurant,306174,48.853472,2.276951,Paris,SERRURIER PARIS 16,,,,http://tour-pedia.org/api/getPlaceDetails?id=306174,http://tour-pedia.org/api/getReviewsByPlaceId?placeId=306174
"135 Avenue de Malakoff, Paris, France",restaurant,306180,48.874986,2.283845,Paris,Del Papa,,,,http://tour-pedia.org/api/getPlaceDetails?id=306180,http://tour-pedia.org/api/getReviewsByPlaceId?placeId=306180
"10 Rue du Général Lanrezac, Paris, France",restaurant,306215,48.876282,2.294048,Paris,Le Hide,,,,http://tour-pedia.org/api/getPlaceDetails?id=306215,http://tour-pedia.org/api/getReviewsByPlaceId?placeId=306215
"9 Rue du Général Lanrezac, Paris, France",restaurant,306217,48.876464,2.294024,Paris,Lounge Royal,,,,http://tour-pedia.org/api/getPlaceDetails?id=306217,http://tour-pedia.org/api/getReviewsByPlaceId?placeId=306217
"18 Rue Troyon, Paris, France",restaurant,306226,48.876256,2.295155,Paris,"Guy Savoy, Restaurant",,,,http://tour-pedia.org/api/getPlaceDetails?id=306226,http://tour-pedia.org/api/getReviewsByPlaceId?placeId=306226
"13 Rue Brey, Paris, France",restaurant,306227,48.876398,2.295675,Paris,Samesa,,,,http://tour-pedia.org/api/getPlaceDetails?id=306227,http://tour-pedia.org/api/getReviewsByPlaceId?placeId=306227
"12 Avenue de Wagram, Paris, France",restaurant,306234,48.875831,2.296793,Paris,Cesar Etoile (S.A.R.L.),,,,http://tour-pedia.org/api/getPlaceDetails?id=306234,http://tour-pedia.org/api/getReviewsByPlaceId?placeId=306234
"12 Rue de Presbourg, Paris, France",restaurant,306260,48.87404,2.292853,Paris,L'Arc,,,,http://tour-pedia.org/api/getPlaceDetails?id=306260,http://tour-pedia.org/api/getReviewsByPlaceId?placeId=306260
"32 Rue de Tilsitt, Paris, France",restaurant,306261,48.874742,2.29315,Paris,Pau Brasil,,,,http://tour-pedia.org/api/getPlaceDetails?id=306261,http://tour-pedia.org/api/getReviewsByPlaceId?placeId=306261
"91 Avenue Raymond Poincaré, Paris, France",restaurant,306277,48.870433,2.285006,Paris,Fuxia (Raymond Poincare),,,,http://tour-pedia.org/api/getPlaceDetails?id=306277,http://tour-pedia.org/api/getReviewsByPlaceId?placeId=306277
"5 Rue de Presbourg, Paris, France",restaurant,306293,48.872194,2.294959,Paris,Sir Winston,,,,http://tour-pedia.org/api/getPlaceDetails?id=306293,http://tour-pedia.org/api/getReviewsByPlaceId?placeId=306293
"3 Rue Arsène Houssaye, Paris, France",restaurant,306294,48.873564,2.297833,Paris,Le Chiberta,,,,http://tour-pedia.org/api/getPlaceDetails?id=306294,http://tour-pedia.org/api/getReviewsByPlaceId?placeId=306294
"6 Rue Arsène Houssaye, Paris, France",restaurant,306295,48.87372,2.298327,Paris,Citrus Etoile,,,,http://tour-pedia.org/api/getPlaceDetails?id=306295,http://tour-pedia.org/api/getReviewsByPlaceId?placeId=306295
"64 Avenue Marceau, Paris, France",restaurant,306297,48.870562,2.298077,Paris,Le M64,,,,http://tour-pedia.org/api/getPlaceDetails?id=306297,http://tour-pedia.org/api/getReviewsByPlaceId?placeId=306297
"56 Rue Galilée, Paris, France",restaurant,306300,48.871391,2.298295,Paris,L'Etoile Marocaine,,,,http://tour-pedia.org/api/getPlaceDetails?id=306300,http://tour-pedia.org/api/getReviewsByPlaceId?placeId=306300
"6 Rue Balzac, Paris, France",restaurant,306340,48.873364,2.300372,Paris,Restaurant Pierre Gagnaire,,,,http://tour-pedia.org/api/getPlaceDetails?id=306340,http://tour-pedia.org/api/getReviewsByPlaceId?placeId=306340
"20 Rue d'Artois, Paris, France",restaurant,306389,48.873642,2.307692,Paris,Apicius,,,,http://tour-pedia.org/api/getPlaceDetails?id=306389,http://tour-pedia.org/api/getReviewsByPlaceId?placeId=306389
"3 Rue Saint-Philippe du Roule, Paris, France",restaurant,306390,48.873204,2.30884,Paris,Restaurant L'Arôme,,,,http://tour-pedia.org/api/getPlaceDetails?id=306390,http://tour-pedia.org/api/getReviewsByPlaceId?placeId=306390
"61 Rue La Boétie, Paris, France",restaurant,306397,48.873113,2.311958,Paris,Les Jardins d'Epicure,,,,http://tour-pedia.org/api/getPlaceDetails?id=306397,http://tour-pedia.org/api/getReviewsByPlaceId?placeId=306397
"3 Rue Washington, Paris, France",restaurant,306452,48.872502,2.301908,Paris,Baron Restaurant Le,,,,http://tour-pedia.org/api/getPlaceDetails?id=306452,http://tour-pedia.org/api/getReviewsByPlaceId?placeId=306452
"116Bis Avenue des Champs-Élysées, Paris, France",restaurant,306459,48.872327,2.300813,Paris,Le Lido,,,,http://tour-pedia.org/api/getPlaceDetails?id=306459,http://tour-pedia.org/api/getReviewsByPlaceId?placeId=306459
"114 Avenue des Champs-Élysées, Paris, France",restaurant,306460,48.872153,2.301371,Paris,MOOD,,,,http://tour-pedia.org/api/getPlaceDetails?id=306460,http://tour-pedia.org/api/getReviewsByPlaceId?placeId=306460
"122 Avenue des Champs-Élysées, Paris, France",restaurant,306461,48.872427,2.300361,Paris,Quick Champs Elysées 2,,,,http://tour-pedia.org/api/getPlaceDetails?id=306461,http://tour-pedia.org/api/getReviewsByPlaceId?placeId=306461
"Hotel Fouquet's Barriere, 46 avenue George V, Paris, France",restaurant,306462,48.871109,2.301218,Paris,Le Diane,,,,http://tour-pedia.org/api/getPlaceDetails?id=306462,http://tour-pedia.org/api/getReviewsByPlaceId?placeId=306462
"102 Avenue des Champs-Élysées, Paris, France",restaurant,306477,48.871768,2.30239,Paris,Le Queen,,,,http://tour-pedia.org/api/getPlaceDetails?id=306477,http://tour-pedia.org/api/getReviewsByPlaceId?placeId=306477
"8 Rue de Berri, Paris, France",restaurant,306479,48.87233,2.304187,Paris,Lô Sushi,,,,http://tour-pedia.org/api/getPlaceDetails?id=306479,http://tour-pedia.org/api/getReviewsByPlaceId?placeId=306479
"11 Rue de Berri, Paris, France",restaurant,306480,48.872432,2.303942,Paris,Dragons Élysées,,,,http://tour-pedia.org/api/getPlaceDetails?id=306480,http://tour-pedia.org/api/getReviewsByPlaceId?placeId=306480
"27 Rue du Colisée, Paris, France",restaurant,306515,48.87111,2.309176,Paris,Toi,,,,http://tour-pedia.org/api/getPlaceDetails?id=306515,http://tour-pedia.org/api/getReviewsByPlaceId?placeId=306515
"101 Rue La Boétie, Paris, France",restaurant,306518,48.871331,2.307262,Paris,Baroche,,,,http://tour-pedia.org/api/getPlaceDetails?id=306518,http://tour-pedia.org/api/getReviewsByPlaceId?placeId=306518
"96 Rue La Boétie, Paris, France",restaurant,306519,48.872254,2.309149,Paris,Jipangue,,,,http://tour-pedia.org/api/getPlaceDetails?id=306519,http://tour-pedia.org/api/getReviewsByPlaceId?placeId=306519
"3 Rue Artois, Paris, France",restaurant,306520,48.872231,2.308839,Paris,Hyotan,,,,http://tour-pedia.org/api/getPlaceDetails?id=306520,http://tour-pedia.org/api/getReviewsByPlaceId?placeId=306520
"59 Avenue Franklin Delano Roosevelt, Paris, France",restaurant,306527,48.871414,2.309876,Paris,Le Président,,,,http://tour-pedia.org/api/getPlaceDetails?id=306527,http://tour-pedia.org/api/getReviewsByPlaceId?placeId=306527
"48 Rue de Ponthieu, Paris, France",restaurant,306528,48.871546,2.307012,Paris,La Taverne Suisse,,,,http://tour-pedia.org/api/getPlaceDetails?id=306528,http://tour-pedia.org/api/getReviewsByPlaceId?placeId=306528
"34 Rue du Colisée, Paris, France",restaurant,306564,48.871404,2.310457,Paris,Le Boeuf sur le Toit,,,,http://tour-pedia.org/api/getPlaceDetails?id=306564,http://tour-pedia.org/api/getReviewsByPlaceId?placeId=306564
"101 Rue du Faubourg Saint-Honoré, Paris, France",restaurant,306565,48.872339,2.311778,Paris,Dalloyau,,,,http://tour-pedia.org/api/getPlaceDetails?id=306565,http://tour-pedia.org/api/getReviewsByPlaceId?placeId=306565
"41 Rue du Colisée, Paris, France",restaurant,306567,48.871833,2.311171,Paris,Casa Del Fox,,,,http://tour-pedia.org/api/getPlaceDetails?id=306567,http://tour-pedia.org/api/getReviewsByPlaceId?placeId=306567
"91 Rue du Faubourg Saint-Honoré, Paris, France",restaurant,306573,48.871972,2.313084,Paris,First Dating,,,,http://tour-pedia.org/api/getPlaceDetails?id=306573,http://tour-pedia.org/api/getReviewsByPlaceId?placeId=306573
"11 Place des États-Unis, Paris, France",restaurant,306634,48.867788,2.29382,Paris,Cristal Room Baccarat,,,,http://tour-pedia.org/api/getPlaceDetails?id=306634,http://tour-pedia.org/api/getReviewsByPlaceId?placeId=306634
"25 Rue Jean Giraudoux, Paris, France",restaurant,306635,48.869624,2.296655,Paris,SPEAKEASY,,,,http://tour-pedia.org/api/getPlaceDetails?id=306635,http://tour-pedia.org/api/getReviewsByPlaceId?placeId=306635
"20Bis Rue Jean Giraudoux, Paris, France",restaurant,306637,48.869516,2.296839,Paris,African Lounge,,,,http://tour-pedia.org/api/getPlaceDetails?id=306637,http://tour-pedia.org/api/getReviewsByPlaceId?placeId=306637
"13 Rue de Bassano, Paris, France",restaurant,306638,48.868857,2.297072,Paris,Casa Paco,,,,http://tour-pedia.org/api/getPlaceDetails?id=306638,http://tour-pedia.org/api/getReviewsByPlaceId?placeId=306638
"9 Rue Saint-Didier, Paris, France",restaurant,306687,48.8661,2.288182,Paris,Planet Sushi Kleber,,,,http://tour-pedia.org/api/getPlaceDetails?id=306687,http://tour-pedia.org/api/getReviewsByPlaceId?placeId=306687
"110 Avenue Kléber, Paris, France",restaurant,306688,48.864715,2.288225,Paris,FROG XVI,,,,http://tour-pedia.org/api/getPlaceDetails?id=306688,http://tour-pedia.org/api/getReviewsByPlaceId?placeId=306688
"33 Rue de Longchamp, Paris, France",restaurant,306690,48.864914,2.289698,Paris,Passiflore,,,,http://tour-pedia.org/api/getPlaceDetails?id=306690,http://tour-pedia.org/api/getReviewsByPlaceId?placeId=306690
"123 Rue Lauriston, Paris, France",restaurant,306691,48.865742,2.28592,Paris,Paul Chêne,,,,http://tour-pedia.org/api/getPlaceDetails?id=306691,http://tour-pedia.org/api/getReviewsByPlaceId?placeId=306691
"52 Rue de Longchamp, Paris, France",restaurant,306692,48.865112,2.28755,Paris,Hiramatsu,,,,http://tour-pedia.org/api/getPlaceDetails?id=306692,http://tour-pedia.org/api/getReviewsByPlaceId?placeId=306692
"32 Rue de Longchamp, Paris, France",restaurant,306696,48.865086,2.289722,Paris,Restaurant Jamin,,,,http://tour-pedia.org/api/getPlaceDetails?id=306696,http://tour-pedia.org/api/getReviewsByPlaceId?placeId=306696
"20 Rue Quentin-Bauchart, Paris, France",restaurant,306781,48.870436,2.301793,Paris,Palace Elysée,,,,http://tour-pedia.org/api/getPlaceDetails?id=306781,http://tour-pedia.org/api/getReviewsByPlaceId?placeId=306781
"47 Avenue George V, Paris, France",restaurant,306782,48.870791,2.300638,Paris,Le Paradis du Fruit by Starck,,,,http://tour-pedia.org/api/getPlaceDetails?id=306782,http://tour-pedia.org/api/getReviewsByPlaceId?placeId=306782
"20 Rue Quentin-Bauchart, Paris, France",restaurant,306783,48.870455,2.301787,Paris,Hippopotamus,,,,http://tour-pedia.org/api/getPlaceDetails?id=306783,http://tour-pedia.org/api/getReviewsByPlaceId?placeId=306783
"49-51 Avenue Georges V, Paris, France",restaurant,306790,48.870862,2.300629,Paris,Miss Kô,,,,http://tour-pedia.org/api/getPlaceDetails?id=306790,http://tour-pedia.org/api/getReviewsByPlaceId?placeId=306790
"52 Avenue des Champs-Élysées, Paris, France",restaurant,306803,48.870679,2.305998,Paris,Monoprix,,,,http://tour-pedia.org/api/getPlaceDetails?id=306803,http://tour-pedia.org/api/getReviewsByPlaceId?placeId=306803
"65-67 Rue Pierre Charron, Paris, France",restaurant,306804,48.870074,2.304166,Paris,Six Seven,,,,http://tour-pedia.org/api/getPlaceDetails?id=306804,http://tour-pedia.org/api/getReviewsByPlaceId?placeId=306804
"128 Rue La Boétie, Paris, France",restaurant,306805,48.870925,2.305894,Paris,Madam,,,,http://tour-pedia.org/api/getPlaceDetails?id=306805,http://tour-pedia.org/api/getReviewsByPlaceId?placeId=306805
"75 Avenue des Champs-Élysées, Paris, France",restaurant,306809,48.870919,2.302892,Paris,Le Deauville,,,,http://tour-pedia.org/api/getPlaceDetails?id=306809,http://tour-pedia.org/api/getReviewsByPlaceId?placeId=306809
"25 Rue Marbeuf, Paris, France",restaurant,306853,48.869021,2.304101,Paris,Charbon Rouge,,,,http://tour-pedia.org/api/getPlaceDetails?id=306853,http://tour-pedia.org/api/getReviewsByPlaceId?placeId=306853
"35 Rue Marbeuf, Paris, France",restaurant,306854,48.869546,2.305045,Paris,Le Paradis du Fruit,,,,http://tour-pedia.org/api/getPlaceDetails?id=306854,http://tour-pedia.org/api/getReviewsByPlaceId?placeId=306854
"37 Rue Marbeuf, Paris, France",restaurant,306855,48.869618,2.305197,Paris,La Maison de L'Aubrac,,,,http://tour-pedia.org/api/getPlaceDetails?id=306855,http://tour-pedia.org/api/getReviewsByPlaceId?placeId=306855
"2 Rue Robert Estienne, Paris, France",restaurant,306856,48.869042,2.304487,Paris,Le Doobie's,,,,http://tour-pedia.org/api/getPlaceDetails?id=306856,http://tour-pedia.org/api/getReviewsByPlaceId?placeId=306856
"60 Rue Pierre Charron, Paris, France",restaurant,306859,48.869483,2.303442,Paris,Ziti,,,,http://tour-pedia.org/api/getPlaceDetails?id=306859,http://tour-pedia.org/api/getReviewsByPlaceId?placeId=306859
"24 Rue Marbeuf, Paris, France",restaurant,306860,48.868903,2.304233,Paris,Masturi Marbeuf,,,,http://tour-pedia.org/api/getPlaceDetails?id=306860,http://tour-pedia.org/api/getReviewsByPlaceId?placeId=306860
"6 Rue Robert Estienne, Paris, France",restaurant,306866,48.868793,2.304899,Paris,Le Confidentiel Restaurant Halal Paris,,,,http://tour-pedia.org/api/getPlaceDetails?id=306866,http://tour-pedia.org/api/getReviewsByPlaceId?placeId=306866
"25 Rue du Colisée, Paris, France",restaurant,306875,48.871032,2.308971,Paris,Le Boudoir,,,,http://tour-pedia.org/api/getPlaceDetails?id=306875,http://tour-pedia.org/api/getReviewsByPlaceId?placeId=306875
"16 Rue du Colisée, Paris, France",restaurant,306876,48.870819,2.308642,Paris,Flam's Colisée,,,,http://tour-pedia.org/api/getPlaceDetails?id=306876,http://tour-pedia.org/api/getReviewsByPlaceId?placeId=306876
"20 Rue de Ponthieu, Paris, France",restaurant,306879,48.870695,2.309693,Paris,PDG Rive Droite,,,,http://tour-pedia.org/api/getPlaceDetails?id=306879,http://tour-pedia.org/api/getReviewsByPlaceId?placeId=306879
"8 Avenue Franklin Delano Roosevelt, Paris, France",restaurant,306904,48.87054,2.310301,Paris,Villa Spicy Restaurant,,,,http://tour-pedia.org/api/getPlaceDetails?id=306904,http://tour-pedia.org/api/getReviewsByPlaceId?placeId=306904
"7 Avenue Matignon, Paris, France",restaurant,306905,48.869981,2.311582,Paris,Le Berkeley,,,,http://tour-pedia.org/api/getPlaceDetails?id=306905,http://tour-pedia.org/api/getReviewsByPlaceId?placeId=306905
"7 Rue de Ponthieu, Paris, France",restaurant,306906,48.870274,2.31068,Paris,crêperie framboise Champs Elysées,,,,http://tour-pedia.org/api/getPlaceDetails?id=306906,http://tour-pedia.org/api/getReviewsByPlaceId?placeId=306906
"11 Rue Jean Mermoz, Paris, France",restaurant,306908,48.870862,2.31144,Paris,L'Empire du 8eme,,,,http://tour-pedia.org/api/getPlaceDetails?id=306908,http://tour-pedia.org/api/getReviewsByPlaceId?placeId=306908
"1Bis Rue Jean Mermoz, Paris, France",restaurant,306909,48.870111,2.310882,Paris,Tong Yen,,,,http://tour-pedia.org/api/getPlaceDetails?id=306909,http://tour-pedia.org/api/getReviewsByPlaceId?placeId=306909
"1 Bis Rue Jean Mermoz, Paris, France",restaurant,306913,48.869942,2.310725,Paris,Koko Hana,,,,http://tour-pedia.org/api/getPlaceDetails?id=306913,http://tour-pedia.org/api/getReviewsByPlaceId?placeId=306913
"20 Rue Jean Mermoz, Paris 8e arrondissement, France",restaurant,306914,48.870858,2.311597,Paris,Soon,,,,http://tour-pedia.org/api/getPlaceDetails?id=306914,http://tour-pedia.org/api/getReviewsByPlaceId?placeId=306914
"7 Rue de Ponthieu, Paris, France",restaurant,306915,48.870183,2.310939,Paris,Korean Barbecue,,,,http://tour-pedia.org/api/getPlaceDetails?id=306915,http://tour-pedia.org/api/getReviewsByPlaceId?placeId=306915
"9 Rue de Ponthieu, Paris, France",restaurant,306920,48.870344,2.310482,Paris,Saï Bobun,,,,http://tour-pedia.org/api/getPlaceDetails?id=306920,http://tour-pedia.org/api/getReviewsByPlaceId?placeId=306920
"32 Avenue des Champs-Élysées, Paris, France",restaurant,306942,48.86966,2.308302,Paris,Le Madrigal,,,,http://tour-pedia.org/api/getPlaceDetails?id=306942,http://tour-pedia.org/api/getReviewsByPlaceId?placeId=306942
"41 Avenue Gabriel, Paris, France",restaurant,306955,48.869316,2.313179,Paris,Laurent,,,,http://tour-pedia.org/api/getPlaceDetails?id=306955,http://tour-pedia.org/api/getReviewsByPlaceId?placeId=306955
"1 Avenue Matignon, Paris, France",restaurant,306956,48.869581,2.31091,Paris,Nolita,,,,http://tour-pedia.org/api/getPlaceDetails?id=306956,http://tour-pedia.org/api/getReviewsByPlaceId?placeId=306956
"5 Rue Marbeuf, Paris, France",restaurant,306957,48.867445,2.302029,Paris,La Fermette Marbeuf,,,,http://tour-pedia.org/api/getPlaceDetails?id=306957,http://tour-pedia.org/api/getReviewsByPlaceId?placeId=306957
"24 Avenue George V, France",restaurant,306958,48.867658,2.301553,Paris,Findi,,,,http://tour-pedia.org/api/getPlaceDetails?id=306958,http://tour-pedia.org/api/getReviewsByPlaceId?placeId=306958
"9 Rue de la Trémoille, Paris, France",restaurant,306971,48.867132,2.30294,Paris,RATN,,,,http://tour-pedia.org/api/getPlaceDetails?id=306971,http://tour-pedia.org/api/getReviewsByPlaceId?placeId=306971
"15 Rue Marboeuf, Paris, France",restaurant,306973,48.868197,2.302903,Paris,Zen Garden,,,,http://tour-pedia.org/api/getPlaceDetails?id=306973,http://tour-pedia.org/api/getReviewsByPlaceId?placeId=306973
"12 Avenue George V, Paris, France",restaurant,306997,48.865918,2.3017,Paris,Crazy Horse Paris,,,,http://tour-pedia.org/api/getPlaceDetails?id=306997,http://tour-pedia.org/api/getReviewsByPlaceId?placeId=306997
"6 Avenue George V, Paris, France",restaurant,306998,48.865502,2.301635,Paris,Le Petit Marius,,,,http://tour-pedia.org/api/getPlaceDetails?id=306998,http://tour-pedia.org/api/getReviewsByPlaceId?placeId=306998
"23 Avenue Marceau, Paris, France",restaurant,306999,48.866728,2.299177,Paris,Côté Sushi,,,,http://tour-pedia.org/api/getPlaceDetails?id=306999,http://tour-pedia.org/api/getReviewsByPlaceId?placeId=306999
"10 Rue de la Trémoille, Paris, France",restaurant,307000,48.866582,2.302262,Paris,Casa di Delfo,,,,http://tour-pedia.org/api/getPlaceDetails?id=307000,http://tour-pedia.org/api/getReviewsByPlaceId?placeId=307000
"25 Avenue Montaigne, Paris, France",restaurant,307005,48.866034,2.303968,Paris,Relais-Plaza,,,,http://tour-pedia.org/api/getPlaceDetails?id=307005,http://tour-pedia.org/api/getReviewsByPlaceId?placeId=307005
"17 Avenue Franklin Delano Roosevelt, Paris, France",restaurant,307012,48.866299,2.309974,Paris,Lasserre,,,,http://tour-pedia.org/api/getPlaceDetails?id=307012,http://tour-pedia.org/api/getReviewsByPlaceId?placeId=307012
"21 Avenue Franklin Delano Roosevelt, Paris, France",restaurant,307013,48.86666,2.309959,Paris,Brasserie le Grand Palais,,,,http://tour-pedia.org/api/getPlaceDetails?id=307013,http://tour-pedia.org/api/getReviewsByPlaceId?placeId=307013
"23 Rue Bayard, Paris, France",restaurant,307017,48.86703,2.307644,Paris,Chez Savy,,,,http://tour-pedia.org/api/getPlaceDetails?id=307017,http://tour-pedia.org/api/getReviewsByPlaceId?placeId=307017
"12 Place Saint-Augustin, Paris, France",restaurant,307048,48.875506,2.319884,Paris,Le Carré,,,,http://tour-pedia.org/api/getPlaceDetails?id=307048,http://tour-pedia.org/api/getReviewsByPlaceId?placeId=307048
"109 Boulevard Haussmann, Paris, France",restaurant,307055,48.874992,2.316888,Paris,Pomze,,,,http://tour-pedia.org/api/getPlaceDetails?id=307055,http://tour-pedia.org/api/getReviewsByPlaceId?placeId=307055
"52 Rue de Miromesnil, Paris, France",restaurant,307056,48.874923,2.315865,Paris,Café des Lettres,,,,http://tour-pedia.org/api/getPlaceDetails?id=307056,http://tour-pedia.org/api/getReviewsByPlaceId?placeId=307056
"87 Boulevard Haussmann, Paris, France",restaurant,307092,48.874423,2.321112,Paris,Café Michel Angelo,,,,http://tour-pedia.org/api/getPlaceDetails?id=307092,http://tour-pedia.org/api/getReviewsByPlaceId?placeId=307092
"108 Rue Saint-Lazare, Paris, France",restaurant,307114,48.875568,2.325511,Paris,Café Terminus,,,,http://tour-pedia.org/api/getPlaceDetails?id=307114,http://tour-pedia.org/api/getReviewsByPlaceId?placeId=307114
"119 Rue Saint-Lazare, Paris, France",restaurant,307115,48.875307,2.325553,Paris,McDonald's,,,,http://tour-pedia.org/api/getPlaceDetails?id=307115,http://tour-pedia.org/api/getReviewsByPlaceId?placeId=307115
"115 Rue Saint-Lazare, Paris, France",restaurant,307144,48.875313,2.325927,Paris,Brasserie Mollard,,,,http://tour-pedia.org/api/getPlaceDetails?id=307144,http://tour-pedia.org/api/getReviewsByPlaceId?placeId=307144
"111 Rue Saint-Lazare, Paris, France",restaurant,307145,48.875381,2.32615,Paris,Garnier,,,,http://tour-pedia.org/api/getPlaceDetails?id=307145,http://tour-pedia.org/api/getReviewsByPlaceId?placeId=307145
"101 Rue Saint-Lazare, Paris, France",restaurant,307146,48.875623,2.327788,Paris,Flam's,,,,http://tour-pedia.org/api/getPlaceDetails?id=307146,http://tour-pedia.org/api/getReviewsByPlaceId?placeId=307146
"73 Rue de Caumartin, Paris, France",restaurant,307147,48.875425,2.328412,Paris,McDonald's,,,,http://tour-pedia.org/api/getPlaceDetails?id=307147,http://tour-pedia.org/api/getReviewsByPlaceId?placeId=307147
"117 Rue Saint-Lazare, Paris, France",restaurant,307148,48.875336,2.32575,Paris,Bistro Romain,,,,http://tour-pedia.org/api/getPlaceDetails?id=307148,http://tour-pedia.org/api/getReviewsByPlaceId?placeId=307148
"2 Rue d'Amsterdam, Paris, France",restaurant,307149,48.876014,2.326932,Paris,Quick de Saint Lazare,,,,http://tour-pedia.org/api/getPlaceDetails?id=307149,http://tour-pedia.org/api/getReviewsByPlaceId?placeId=307149
"4 Улица Будапешт, Paris, France",restaurant,307156,48.876134,2.327669,Paris,Marmara Kebab,,,,http://tour-pedia.org/api/getPlaceDetails?id=307156,http://tour-pedia.org/api/getReviewsByPlaceId?placeId=307156
"10 Улица Будапешт, Paris, France",restaurant,307163,48.876415,2.327568,Paris,wrap n roll,,,,http://tour-pedia.org/api/getPlaceDetails?id=307163,http://tour-pedia.org/api/getReviewsByPlaceId?placeId=307163
"123 Rue Saint-Lazare, Paris, France",restaurant,307185,48.875253,2.32518,Paris,Pomme de Pain - Saint-Lazare,,,,http://tour-pedia.org/api/getPlaceDetails?id=307185,http://tour-pedia.org/api/getReviewsByPlaceId?placeId=307185
"2 Rue de la Pépinière, Paris, France",restaurant,307186,48.875264,2.323593,Paris,Starbucks,,,,http://tour-pedia.org/api/getPlaceDetails?id=307186,http://tour-pedia.org/api/getReviewsByPlaceId?placeId=307186
"7 Rue de l'Isly, Paris, France",restaurant,307213,48.874739,2.325795,Paris,A Toutes Vapeurs,,,,http://tour-pedia.org/api/getPlaceDetails?id=307213,http://tour-pedia.org/api/getReviewsByPlaceId?placeId=307213
"10 Rue du Havre, Paris, France",restaurant,307214,48.8751,2.32718,Paris,Starbucks Passage du Havre,,,,http://tour-pedia.org/api/getPlaceDetails?id=307214,http://tour-pedia.org/api/getReviewsByPlaceId?placeId=307214
"10 Rue de Penthièvre, Paris, France",restaurant,307232,48.873103,2.316622,Paris,Atelier des Chefs,,,,http://tour-pedia.org/api/getPlaceDetails?id=307232,http://tour-pedia.org/api/getReviewsByPlaceId?placeId=307232
"37 Rue La Boétie, Paris, France",restaurant,307234,48.873671,2.314936,Paris,Starbucks,,,,http://tour-pedia.org/api/getPlaceDetails?id=307234,http://tour-pedia.org/api/getReviewsByPlaceId?placeId=307234
"37 Boulevard Malesherbes, Paris, France",restaurant,307254,48.873214,2.320754,Paris,Planet Sushi Madeleine,,,,http://tour-pedia.org/api/getPlaceDetails?id=307254,http://tour-pedia.org/api/getReviewsByPlaceId?placeId=307254
"2 Rue Roquépine, Paris, France",restaurant,307255,48.873528,2.320372,Paris,Le Rugby,,,,http://tour-pedia.org/api/getPlaceDetails?id=307255,http://tour-pedia.org/api/getReviewsByPlaceId?placeId=307255
"112 Rue du Faubourg Saint-Honoré, Paris, France",restaurant,307279,48.871696,2.31466,Paris,L'Epicure,,,,http://tour-pedia.org/api/getPlaceDetails?id=307279,http://tour-pedia.org/api/getReviewsByPlaceId?placeId=307279
"13 Rue Montalivet, Paris, France",restaurant,307290,48.871128,2.318174,Paris,Zo,,,,http://tour-pedia.org/api/getPlaceDetails?id=307290,http://tour-pedia.org/api/getReviewsByPlaceId?placeId=307290
"15 Rue Montalivet, Paris, France",restaurant,307291,48.871209,2.317954,Paris,Bugsy's Bar & Restaurant,,,,http://tour-pedia.org/api/getPlaceDetails?id=307291,http://tour-pedia.org/api/getReviewsByPlaceId?placeId=307291
"29 Rue de l'Arcade, Paris, France",restaurant,307305,48.87292,2.323998,Paris,Chez Papa,,,,http://tour-pedia.org/api/getPlaceDetails?id=307305,http://tour-pedia.org/api/getReviewsByPlaceId?placeId=307305
"64 Boulevard Haussmann, Paris, France",restaurant,307331,48.873731,2.328478,Paris,Café Pouchkine,,,,http://tour-pedia.org/api/getPlaceDetails?id=307331,http://tour-pedia.org/api/getReviewsByPlaceId?placeId=307331
"64 Boulevard Haussmann, Paris, France",restaurant,307332,48.873736,2.328037,Paris,Déli-Cieux - Le Printemps,,,,http://tour-pedia.org/api/getPlaceDetails?id=307332,http://tour-pedia.org/api/getReviewsByPlaceId?placeId=307332
"39 Rue de Caumartin, Paris, France",restaurant,307333,48.872538,2.328119,Paris,Le Clos Bourguignon,,,,http://tour-pedia.org/api/getPlaceDetails?id=307333,http://tour-pedia.org/api/getReviewsByPlaceId?placeId=307333
"64 Boulevard Haussmann, Paris, France",restaurant,307334,48.873752,2.32825,Paris,Brasserie Printemps,,,,http://tour-pedia.org/api/getPlaceDetails?id=307334,http://tour-pedia.org/api/getReviewsByPlaceId?placeId=307334
"21 Rue de Caumartin, Paris, France",restaurant,307389,48.871457,2.328064,Paris,Les Bacchantes,,,,http://tour-pedia.org/api/getPlaceDetails?id=307389,http://tour-pedia.org/api/getReviewsByPlaceId?placeId=307389
"6 Square de l'Opéra-Louis Jouvet, Paris, France",restaurant,307390,48.871675,2.328962,Paris,Paparazzi,,,,http://tour-pedia.org/api/getPlaceDetails?id=307390,http://tour-pedia.org/api/getReviewsByPlaceId?placeId=307390
"28 Rue de Caumartin, Paris, France",restaurant,307394,48.87225,2.328266,Paris,paris madeira,,,,http://tour-pedia.org/api/getPlaceDetails?id=307394,http://tour-pedia.org/api/getReviewsByPlaceId?placeId=307394
"17 Rue Vignon, Paris, France",restaurant,307395,48.871347,2.326199,Paris,Chez Cécile (La Ferme des Mathurins),,,,http://tour-pedia.org/api/getPlaceDetails?id=307395,http://tour-pedia.org/api/getReviewsByPlaceId?placeId=307395
"34 Rue Vignon, Paris, France",restaurant,307401,48.872214,2.326561,Paris,Le Roi du Pot-au-Feu,,,,http://tour-pedia.org/api/getPlaceDetails?id=307401,http://tour-pedia.org/api/getReviewsByPlaceId?placeId=307401
"34 Rue Godot de Mauroy, Paris, France",restaurant,307405,48.872349,2.327486,Paris,Le Comptoir Baulois,,,,http://tour-pedia.org/api/getPlaceDetails?id=307405,http://tour-pedia.org/api/getReviewsByPlaceId?placeId=307405
"24 Rue de Caumartin, Paris, France",restaurant,307407,48.872239,2.328277,Paris,pizza firenze,,,,http://tour-pedia.org/api/getPlaceDetails?id=307407,http://tour-pedia.org/api/getReviewsByPlaceId?placeId=307407
"30 Rue de Mogador, Paris, France",restaurant,307443,48.875706,2.331224,Paris,pasta papa,,,,http://tour-pedia.org/api/getPlaceDetails?id=307443,http://tour-pedia.org/api/getReviewsByPlaceId?placeId=307443
"2 Place d'Estienne d'Orves, Paris, France",restaurant,307444,48.876656,2.332471,Paris,La Rotonde,,,,http://tour-pedia.org/api/getPlaceDetails?id=307444,http://tour-pedia.org/api/getReviewsByPlaceId?placeId=307444
"59 Rue de Châteaudun, Paris, France",restaurant,307445,48.876434,2.332791,Paris,Royal trinité,,,,http://tour-pedia.org/api/getPlaceDetails?id=307445,http://tour-pedia.org/api/getReviewsByPlaceId?placeId=307445
"57 Rue de la Chaussée d'Antin, Paris, France",restaurant,307447,48.876123,2.331799,Paris,Café du Mogador,,,,http://tour-pedia.org/api/getPlaceDetails?id=307447,http://tour-pedia.org/api/getReviewsByPlaceId?placeId=307447
"29 Rue Saint-Georges, Paris, France",restaurant,307457,48.876475,2.337012,Paris,Georgette,,,,http://tour-pedia.org/api/getPlaceDetails?id=307457,http://tour-pedia.org/api/getReviewsByPlaceId?placeId=307457
"97 Rue de Provence, Paris, France",restaurant,307481,48.874065,2.330305,Paris,Lafayette gourmet,,,,http://tour-pedia.org/api/getPlaceDetails?id=307481,http://tour-pedia.org/api/getReviewsByPlaceId?placeId=307481
"73 Rue de la Victoire, Paris, France",restaurant,307483,48.875187,2.332912,Paris,MY BO BUN,,,,http://tour-pedia.org/api/getPlaceDetails?id=307483,http://tour-pedia.org/api/getReviewsByPlaceId?placeId=307483
"16 Rue Joubert, Paris, France",restaurant,307496,48.874678,2.33107,Paris,Des tops bagels à Paris | Bagelstein,,,,http://tour-pedia.org/api/getPlaceDetails?id=307496,http://tour-pedia.org/api/getReviewsByPlaceId?placeId=307496
"26 Rue de Châteaudun, Paris, France",restaurant,307569,48.876121,2.337657,Paris,Syphax Café,,,,http://tour-pedia.org/api/getPlaceDetails?id=307569,http://tour-pedia.org/api/getReviewsByPlaceId?placeId=307569
"7 Rue Bourdaloue, Paris, France",restaurant,307570,48.876416,2.338541,Paris,Les Cakes de Bertrand,,,,http://tour-pedia.org/api/getPlaceDetails?id=307570,http://tour-pedia.org/api/getReviewsByPlaceId?placeId=307570
"11 Rue de Châteaudun, Paris, France",restaurant,307571,48.87576,2.34056,Paris,Cafe le baron,,,,http://tour-pedia.org/api/getPlaceDetails?id=307571,http://tour-pedia.org/api/getReviewsByPlaceId?placeId=307571
"52 Rue Lamartine, Paris, France",restaurant,307572,48.876648,2.340186,Paris,Les Saisons,,,,http://tour-pedia.org/api/getPlaceDetails?id=307572,http://tour-pedia.org/api/getReviewsByPlaceId?placeId=307572
"1 Rue de Maubeuge, Paris, France",restaurant,307575,48.876159,2.340262,Paris,Café M,,,,http://tour-pedia.org/api/getPlaceDetails?id=307575,http://tour-pedia.org/api/getReviewsByPlaceId?placeId=307575
"15 Rue de Châteaudun, Paris, France",restaurant,307581,48.875878,2.339795,Paris,Le monaco,,,,http://tour-pedia.org/api/getPlaceDetails?id=307581,http://tour-pedia.org/api/getReviewsByPlaceId?placeId=307581
"6 Rue Lamartine, Paris, France",restaurant,307609,48.876587,2.343854,Paris,Carte Blanche,,,,http://tour-pedia.org/api/getPlaceDetails?id=307609,http://tour-pedia.org/api/getReviewsByPlaceId?placeId=307609
"Boulevard Haussmann, Paris, France",restaurant,307611,48.876107,2.344199,Paris,McDonald's,,,,http://tour-pedia.org/api/getPlaceDetails?id=307611,http://tour-pedia.org/api/getReviewsByPlaceId?placeId=307611
"35 Rue de Montholon, Paris, France",restaurant,307613,48.876518,2.344878,Paris,Mi Ranchito Paisa,,,,http://tour-pedia.org/api/getPlaceDetails?id=307613,http://tour-pedia.org/api/getReviewsByPlaceId?placeId=307613
"28 Rue Lamartine, Paris, France",restaurant,307621,48.876577,2.341954,Paris,Gin Go Gae,,,,http://tour-pedia.org/api/getPlaceDetails?id=307621,http://tour-pedia.org/api/getReviewsByPlaceId?placeId=307621
"48 Rue Laffitte, Paris, France",restaurant,307661,48.875062,2.338473,Paris,Cactus,,,,http://tour-pedia.org/api/getPlaceDetails?id=307661,http://tour-pedia.org/api/getReviewsByPlaceId?placeId=307661
"10 Rue de la Victoire, Paris, France",restaurant,307680,48.875078,2.34016,Paris,bioburger,,,,http://tour-pedia.org/api/getPlaceDetails?id=307680,http://tour-pedia.org/api/getReviewsByPlaceId?placeId=307680
"46 Rue du Faubourg Montmartre, Paris, France",restaurant,307698,48.87468,2.341573,Paris,Les Pates Vivantes,,,,http://tour-pedia.org/api/getPlaceDetails?id=307698,http://tour-pedia.org/api/getReviewsByPlaceId?placeId=307698
"7 Rue Cadet, Paris, France",restaurant,307699,48.874854,2.34285,Paris,Lizarran - Bar Tapas,,,,http://tour-pedia.org/api/getPlaceDetails?id=307699,http://tour-pedia.org/api/getReviewsByPlaceId?placeId=307699
"47 Rue Richer, Paris, France",restaurant,307700,48.874004,2.343228,Paris,Restaurant AU JARDIN,,,,http://tour-pedia.org/api/getPlaceDetails?id=307700,http://tour-pedia.org/api/getReviewsByPlaceId?placeId=307700
"35 Rue du Faubourg Montmartre, Paris, France",restaurant,307701,48.873974,2.342304,Paris,À la mère de famille,,,,http://tour-pedia.org/api/getPlaceDetails?id=307701,http://tour-pedia.org/api/getReviewsByPlaceId?placeId=307701
"2 Rue de Provence, Paris, France",restaurant,307703,48.874003,2.341884,Paris,Il Piccolo Drouot,,,,http://tour-pedia.org/api/getPlaceDetails?id=307703,http://tour-pedia.org/api/getReviewsByPlaceId?placeId=307703
"46 Rue du Faubourg Montmartre, Paris, France",restaurant,307704,48.87476,2.341455,Paris,Saint Georges Tavern,,,,http://tour-pedia.org/api/getPlaceDetails?id=307704,http://tour-pedia.org/api/getReviewsByPlaceId?placeId=307704
"7 Rue Cadet, Paris, France",restaurant,307705,48.874857,2.342852,Paris,Bagel Shop,,,,http://tour-pedia.org/api/getPlaceDetails?id=307705,http://tour-pedia.org/api/getReviewsByPlaceId?placeId=307705
"39 Rue du Faubourg Montmartre, Paris, France",restaurant,307706,48.874263,2.341913,Paris,Le Petit Gourmet,,,,http://tour-pedia.org/api/getPlaceDetails?id=307706,http://tour-pedia.org/api/getReviewsByPlaceId?placeId=307706
"56 Rue Richer, Paris 9e arrondissement, France",restaurant,307707,48.874084,2.342992,Paris,Kiku,,,,http://tour-pedia.org/api/getPlaceDetails?id=307707,http://tour-pedia.org/api/getReviewsByPlaceId?placeId=307707
"52 Rue la Fayette, Paris, France",restaurant,307709,48.8751,2.341318,Paris,Au Général La Fayette,,,,http://tour-pedia.org/api/getPlaceDetails?id=307709,http://tour-pedia.org/api/getReviewsByPlaceId?placeId=307709
"4 Rue Saulnier, Paris, France",restaurant,307711,48.87442,2.344512,Paris,Restaurant Pas vu pas pris,,,,http://tour-pedia.org/api/getPlaceDetails?id=307711,http://tour-pedia.org/api/getReviewsByPlaceId?placeId=307711
"54 Rue Richer, Paris, France",restaurant,307728,48.874083,2.34314,Paris,Line Sushi,,,,http://tour-pedia.org/api/getPlaceDetails?id=307728,http://tour-pedia.org/api/getReviewsByPlaceId?placeId=307728
"12 Rue la Fayette, Paris, France",restaurant,307774,48.873318,2.334514,Paris,Gandhi Ji's,,,,http://tour-pedia.org/api/getPlaceDetails?id=307774,http://tour-pedia.org/api/getReviewsByPlaceId?placeId=307774
"13 Rue la Fayette, Paris, France",restaurant,307775,48.87387,2.335897,Paris,Impro'Vista,,,,http://tour-pedia.org/api/getPlaceDetails?id=307775,http://tour-pedia.org/api/getReviewsByPlaceId?placeId=307775
"25 Rue Taitbout, Paris, France",restaurant,307776,48.873275,2.335258,Paris,New Balal,,,,http://tour-pedia.org/api/getPlaceDetails?id=307776,http://tour-pedia.org/api/getReviewsByPlaceId?placeId=307776
"5 Rue la Fayette, Paris, France",restaurant,307785,48.873449,2.334467,Paris,Tivoli,,,,http://tour-pedia.org/api/getPlaceDetails?id=307785,http://tour-pedia.org/api/getReviewsByPlaceId?placeId=307785
"11 Rue Scribe, Paris, France",restaurant,307800,48.872038,2.330558,Paris,Nespresso Boutique,,,,http://tour-pedia.org/api/getPlaceDetails?id=307800,http://tour-pedia.org/api/getReviewsByPlaceId?placeId=307800
"5 Rue Meyerbeer, Paris, France",restaurant,307801,48.871764,2.333359,Paris,Le Patio - La Cantinetta,,,,http://tour-pedia.org/api/getPlaceDetails?id=307801,http://tour-pedia.org/api/getReviewsByPlaceId?placeId=307801
"1 Rue Auber, Paris, France",restaurant,307803,48.871136,2.331728,Paris,l' entracte opera,,,,http://tour-pedia.org/api/getPlaceDetails?id=307803,http://tour-pedia.org/api/getReviewsByPlaceId?placeId=307803
"1 Rue Auber, Paris, France",restaurant,307804,48.87126,2.331247,Paris,Le Relais Paris Opéra,,,,http://tour-pedia.org/api/getPlaceDetails?id=307804,http://tour-pedia.org/api/getReviewsByPlaceId?placeId=307804
"3 Rue Taitbout, Paris, France",restaurant,307810,48.872023,2.336145,Paris,Barramundi,,,,http://tour-pedia.org/api/getPlaceDetails?id=307810,http://tour-pedia.org/api/getReviewsByPlaceId?placeId=307810
"30 Boulevard des Italiens, Paris, France",restaurant,307811,48.871394,2.335413,Paris,Léon de Bruxelles,,,,http://tour-pedia.org/api/getPlaceDetails?id=307811,http://tour-pedia.org/api/getReviewsByPlaceId?placeId=307811
"30 Rue des Italiens, Paris, France",restaurant,307813,48.87138,2.335733,Paris,Pizza Marzano,,,,http://tour-pedia.org/api/getPlaceDetails?id=307813,http://tour-pedia.org/api/getReviewsByPlaceId?placeId=307813
"12 Rue du Helder, Paris, France",restaurant,307814,48.872116,2.33507,Paris,Autour du Yangtse - 9ème,,,,http://tour-pedia.org/api/getPlaceDetails?id=307814,http://tour-pedia.org/api/getReviewsByPlaceId?placeId=307814
"9 Boulevard des Italiens, Paris, France",restaurant,307815,48.871144,2.334229,Paris,Bistro Romain,,,,http://tour-pedia.org/api/getPlaceDetails?id=307815,http://tour-pedia.org/api/getReviewsByPlaceId?placeId=307815
"25 Rue le Peletier, Paris, France",restaurant,307838,48.873154,2.338615,Paris,Au Petit Riche,,,,http://tour-pedia.org/api/getPlaceDetails?id=307838,http://tour-pedia.org/api/getReviewsByPlaceId?placeId=307838
"4 Rue Drouot, Paris, France",restaurant,307839,48.872624,2.340434,Paris,J'Go,,,,http://tour-pedia.org/api/getPlaceDetails?id=307839,http://tour-pedia.org/api/getReviewsByPlaceId?placeId=307839
"7 Bis Rue Geoffroy-Marie, Paris, France",restaurant,307854,48.8735,2.343766,Paris,Les Fils à Maman,,,,http://tour-pedia.org/api/getPlaceDetails?id=307854,http://tour-pedia.org/api/getReviewsByPlaceId?placeId=307854
"1 Rue de la Boule Rouge, Paris, France",restaurant,307856,48.873122,2.344567,Paris,La Boule Rouge,,,,http://tour-pedia.org/api/getPlaceDetails?id=307856,http://tour-pedia.org/api/getReviewsByPlaceId?placeId=307856
"21 Rue de Trévise, Paris, France",restaurant,307857,48.873879,2.345196,Paris,Autour d'un Verre,,,,http://tour-pedia.org/api/getPlaceDetails?id=307857,http://tour-pedia.org/api/getReviewsByPlaceId?placeId=307857
"11 Rue de Montyon, Paris, France",restaurant,307858,48.873052,2.343996,Paris,Taj Inde Restaurant Indien,,,,http://tour-pedia.org/api/getPlaceDetails?id=307858,http://tour-pedia.org/api/getReviewsByPlaceId?placeId=307858
"6 Rue de Trévise, Paris, France",restaurant,307859,48.873008,2.345172,Paris,Saveurs et Coincidences,,,,http://tour-pedia.org/api/getPlaceDetails?id=307859,http://tour-pedia.org/api/getReviewsByPlaceId?placeId=307859
"7 Rue de la Boule Rouge, Paris, France",restaurant,307861,48.87355,2.344701,Paris,Auberge Du Pere Louis,,,,http://tour-pedia.org/api/getPlaceDetails?id=307861,http://tour-pedia.org/api/getReviewsByPlaceId?placeId=307861
"16 Rue Geoffroy-Marie, Paris, France",restaurant,307862,48.873822,2.344662,Paris,Folie's Café,,,,http://tour-pedia.org/api/getPlaceDetails?id=307862,http://tour-pedia.org/api/getReviewsByPlaceId?placeId=307862
"30 Rue Bergère, Paris, France",restaurant,307868,48.87256,2.344321,Paris,Bien Bien,,,,http://tour-pedia.org/api/getPlaceDetails?id=307868,http://tour-pedia.org/api/getReviewsByPlaceId?placeId=307868
"26 Rue Bergère, Paris, France",restaurant,307873,48.872515,2.344643,Paris,Osteria Dal Gobo,,,,http://tour-pedia.org/api/getPlaceDetails?id=307873,http://tour-pedia.org/api/getReviewsByPlaceId?placeId=307873
"9 Rue de Trévise, Paris, France",restaurant,307874,48.873186,2.345038,Paris,La Bontendrie,,,,http://tour-pedia.org/api/getPlaceDetails?id=307874,http://tour-pedia.org/api/getReviewsByPlaceId?placeId=307874
"14 Rue Favart, Paris, France",restaurant,307916,48.871136,2.338186,Paris,Les Noces de Jeannette,,,,http://tour-pedia.org/api/getPlaceDetails?id=307916,http://tour-pedia.org/api/getReviewsByPlaceId?placeId=307916
"1 Boulevard des Italiens, Paris, France",restaurant,307917,48.871689,2.339763,Paris,Le Cardinal,,,,http://tour-pedia.org/api/getPlaceDetails?id=307917,http://tour-pedia.org/api/getReviewsByPlaceId?placeId=307917
"20 Boulevard Montmartre, Paris, France",restaurant,307918,48.872044,2.340407,Paris,Chipotle,,,,http://tour-pedia.org/api/getPlaceDetails?id=307918,http://tour-pedia.org/api/getReviewsByPlaceId?placeId=307918
"9 Boulevard des Italiens, Paris, France",restaurant,307919,48.871576,2.338668,Paris,Exki France,,,,http://tour-pedia.org/api/getPlaceDetails?id=307919,http://tour-pedia.org/api/getReviewsByPlaceId?placeId=307919
"16 Rue Favart, Paris, France",restaurant,307920,48.871298,2.3383,Paris,Les Alchimistes,,,,http://tour-pedia.org/api/getPlaceDetails?id=307920,http://tour-pedia.org/api/getReviewsByPlaceId?placeId=307920
"20 Boulevard Montmartre, Paris, France",restaurant,307921,48.872115,2.34023,Paris,McDonald's,,,,http://tour-pedia.org/api/getPlaceDetails?id=307921,http://tour-pedia.org/api/getReviewsByPlaceId?placeId=307921
"2 Boulevard Haussmann, Paris, France",restaurant,307922,48.872156,2.339876,Paris,Restaurant italien Del Arte PARIS - HAUSSMANN,,,,http://tour-pedia.org/api/getPlaceDetails?id=307922,http://tour-pedia.org/api/getReviewsByPlaceId?placeId=307922
"15 Boulevard Montmartre, Paris, France",restaurant,307924,48.871651,2.341101,Paris,Pastapapà,,,,http://tour-pedia.org/api/getPlaceDetails?id=307924,http://tour-pedia.org/api/getReviewsByPlaceId?placeId=307924
"17 Boulevard Montmartre, Paris, France",restaurant,307925,48.871649,2.341112,Paris,Osaka Sushi,,,,http://tour-pedia.org/api/getPlaceDetails?id=307925,http://tour-pedia.org/api/getReviewsByPlaceId?placeId=307925
"7 Rue du Faubourg Montmartre, Paris, France",restaurant,307948,48.871954,2.343067,Paris,Chez Chartier,,,,http://tour-pedia.org/api/getPlaceDetails?id=307948,http://tour-pedia.org/api/getReviewsByPlaceId?placeId=307948
"18 Cité Bergère, Paris, France",restaurant,307949,48.872334,2.344893,Paris,Le Limonaire,,,,http://tour-pedia.org/api/getPlaceDetails?id=307949,http://tour-pedia.org/api/getReviewsByPlaceId?placeId=307949
"1 Boulevard Montmartre, Paris, France",restaurant,307950,48.871361,2.34292,Paris,O'Sullivans,,,,http://tour-pedia.org/api/getPlaceDetails?id=307950,http://tour-pedia.org/api/getReviewsByPlaceId?placeId=307950
"8 Boulevard Montmartre, Paris, France",restaurant,307951,48.871599,2.342563,Paris,café Oz,,,,http://tour-pedia.org/api/getPlaceDetails?id=307951,http://tour-pedia.org/api/getReviewsByPlaceId?placeId=307951
"8 Rue du Faubourg Montmartre, Paris, France",restaurant,307952,48.872107,2.343278,Paris,Le Privilège,,,,http://tour-pedia.org/api/getPlaceDetails?id=307952,http://tour-pedia.org/api/getReviewsByPlaceId?placeId=307952
"30-32 Passage Jouffroy, Paris, France",restaurant,307953,48.872315,2.342102,Paris,Le Valentin,,,,http://tour-pedia.org/api/getPlaceDetails?id=307953,http://tour-pedia.org/api/getReviewsByPlaceId?placeId=307953
"53 Passage des Panoramas, Paris, France",restaurant,307954,48.871172,2.341695,Paris,Passage 53,,,,http://tour-pedia.org/api/getPlaceDetails?id=307954,http://tour-pedia.org/api/getReviewsByPlaceId?placeId=307954
"62 Passage des Panoramas, Paris, France",restaurant,307955,48.871279,2.341811,Paris,La Crêperie,,,,http://tour-pedia.org/api/getPlaceDetails?id=307955,http://tour-pedia.org/api/getReviewsByPlaceId?placeId=307955
"8 Boulevard Montmartre, Paris, France",restaurant,307956,48.871718,2.342491,Paris,Café Grévin,,,,http://tour-pedia.org/api/getPlaceDetails?id=307956,http://tour-pedia.org/api/getReviewsByPlaceId?placeId=307956
"56 Passage des Panoramas, Paris, France",restaurant,307957,48.871466,2.341826,Paris,Gyoza Bar,,,,http://tour-pedia.org/api/getPlaceDetails?id=307957,http://tour-pedia.org/api/getReviewsByPlaceId?placeId=307957
"11 Boulevard Montmartre, Paris, France",restaurant,307958,48.871486,2.341835,Paris,Flam's Montmartre,,,,http://tour-pedia.org/api/getPlaceDetails?id=307958,http://tour-pedia.org/api/getReviewsByPlaceId?placeId=307958
"26 Boulevard Poissonnière, Paris, France",restaurant,307959,48.871391,2.344667,Paris,Sunset Boulevard,,,,http://tour-pedia.org/api/getPlaceDetails?id=307959,http://tour-pedia.org/api/getReviewsByPlaceId?placeId=307959
"8 Passage des Panoramas, Paris, France",restaurant,307960,48.87147,2.341797,Paris,Racines,,,,http://tour-pedia.org/api/getPlaceDetails?id=307960,http://tour-pedia.org/api/getReviewsByPlaceId?placeId=307960
"5 Rue du Faubourg Montmartre, Paris, France",restaurant,307963,48.871882,2.343036,Paris,Le Zinc des cavistes,,,,http://tour-pedia.org/api/getPlaceDetails?id=307963,http://tour-pedia.org/api/getReviewsByPlaceId?placeId=307963
"11 Boulevard Montmartre, Paris, France",restaurant,307965,48.87141,2.342113,Paris,Victoria station,,,,http://tour-pedia.org/api/getPlaceDetails?id=307965,http://tour-pedia.org/api/getReviewsByPlaceId?placeId=307965
"12 Boulevard Montmartre, Paris, France",restaurant,307969,48.871668,2.342206,Paris,cafe zephyr,,,,http://tour-pedia.org/api/getPlaceDetails?id=307969,http://tour-pedia.org/api/getReviewsByPlaceId?placeId=307969
"12 Passage des Panoramas, Paris, France",restaurant,307973,48.871241,2.341748,Paris,Bar Des Varietes,,,,http://tour-pedia.org/api/getPlaceDetails?id=307973,http://tour-pedia.org/api/getReviewsByPlaceId?placeId=307973
"8-12 Rue Boissy d'Anglas, Paris, France",restaurant,307990,48.867955,2.32136,Paris,Buddha Bar,,,,http://tour-pedia.org/api/getPlaceDetails?id=307990,http://tour-pedia.org/api/getReviewsByPlaceId?placeId=307990
"20 Rue d'Anjou, Paris, France",restaurant,307991,48.870753,2.321466,Paris,La Maison du Whisky,,,,http://tour-pedia.org/api/getPlaceDetails?id=307991,http://tour-pedia.org/api/getReviewsByPlaceId?placeId=307991
"10 Avenue des Champs-Élysées, Paris, France",restaurant,307992,48.867855,2.315204,Paris,Le Café Lenôtre,,,,http://tour-pedia.org/api/getPlaceDetails?id=307992,http://tour-pedia.org/api/getReviewsByPlaceId?placeId=307992
"8 Rue Anjou, Paris, France",restaurant,307994,48.869866,2.320818,Paris,1728,,,,http://tour-pedia.org/api/getPlaceDetails?id=307994,http://tour-pedia.org/api/getReviewsByPlaceId?placeId=307994
"21 Place de la Madeleine, Paris, France",restaurant,308021,48.871018,2.324204,Paris,La Table d'Hédiard,,,,http://tour-pedia.org/api/getPlaceDetails?id=308021,http://tour-pedia.org/api/getReviewsByPlaceId?placeId=308021
"19 Place de la Madeleine, Paris, France",restaurant,308022,48.870784,2.324027,Paris,Maison de la Truffe,,,,http://tour-pedia.org/api/getPlaceDetails?id=308022,http://tour-pedia.org/api/getReviewsByPlaceId?placeId=308022
"4 Boulevard Malesherbes, Paris, France",restaurant,308023,48.870558,2.32334,Paris,Le Forum,,,,http://tour-pedia.org/api/getPlaceDetails?id=308023,http://tour-pedia.org/api/getReviewsByPlaceId?placeId=308023
"15 Place de la Madeleine, Paris, France",restaurant,308024,48.870562,2.32387,Paris,L'Ecluse Madeleine,,,,http://tour-pedia.org/api/getPlaceDetails?id=308024,http://tour-pedia.org/api/getReviewsByPlaceId?placeId=308024
"16 Place de la Madeleine, Paris, France",restaurant,308026,48.869882,2.325362,Paris,Paris-london,,,,http://tour-pedia.org/api/getPlaceDetails?id=308026,http://tour-pedia.org/api/getReviewsByPlaceId?placeId=308026
"4 Rue de l'Arcade, Paris, France",restaurant,308028,48.870937,2.323368,Paris,Visconti Madeleine,,,,http://tour-pedia.org/api/getPlaceDetails?id=308028,http://tour-pedia.org/api/getReviewsByPlaceId?placeId=308028
"8 Boulevard de la Madeleine, Paris, France",restaurant,308037,48.870018,2.327288,Paris,La Maison du Chocolat,,,,http://tour-pedia.org/api/getPlaceDetails?id=308037,http://tour-pedia.org/api/getReviewsByPlaceId?placeId=308037
"30 Place de la Madeleine, Paris, France",restaurant,308038,48.870478,2.325714,Paris,Fauchon,,,,http://tour-pedia.org/api/getPlaceDetails?id=308038,http://tour-pedia.org/api/getReviewsByPlaceId?placeId=308038
"7 Rue Godot de Mauroy, Paris, France",restaurant,308039,48.870723,2.326762,Paris,Amour de Burger,,,,http://tour-pedia.org/api/getPlaceDetails?id=308039,http://tour-pedia.org/api/getReviewsByPlaceId?placeId=308039
"6 Place Édouard VII, Paris, France",restaurant,308040,48.871,2.329401,Paris,Bert S,,,,http://tour-pedia.org/api/getPlaceDetails?id=308040,http://tour-pedia.org/api/getReviewsByPlaceId?placeId=308040
"39 Boulevard des Capucines, Paris, France",restaurant,308042,48.869976,2.329282,Paris,Capucine,,,,http://tour-pedia.org/api/getPlaceDetails?id=308042,http://tour-pedia.org/api/getReviewsByPlaceId?placeId=308042
"11 Rue du Chevalier de Saint-George, Paris, France",restaurant,308071,48.868803,2.32505,Paris,Royal Madeleine,,,,http://tour-pedia.org/api/getPlaceDetails?id=308071,http://tour-pedia.org/api/getReviewsByPlaceId?placeId=308071
"1 Avenue Dutuit, Paris, France",restaurant,308113,48.866035,2.316199,Paris,Pavillon LeDoyen,,,,http://tour-pedia.org/api/getPlaceDetails?id=308113,http://tour-pedia.org/api/getReviewsByPlaceId?placeId=308113
"9 Rue Duphot, Paris, France",restaurant,308115,48.867948,2.325634,Paris,Goumard,,,,http://tour-pedia.org/api/getPlaceDetails?id=308115,http://tour-pedia.org/api/getReviewsByPlaceId?placeId=308115
"3 Rue Royale, Paris, France",restaurant,308116,48.867455,2.322439,Paris,Maxim's,,,,http://tour-pedia.org/api/getPlaceDetails?id=308116,http://tour-pedia.org/api/getReviewsByPlaceId?placeId=308116
"10 Rue Saint-Florentin, Paris, France",restaurant,308117,48.867677,2.324477,Paris,Toraya,,,,http://tour-pedia.org/api/getPlaceDetails?id=308117,http://tour-pedia.org/api/getReviewsByPlaceId?placeId=308117
"400 Rue Saint-Honoré, Paris, France",restaurant,308118,48.867887,2.324948,Paris,Aux délices de Manon,,,,http://tour-pedia.org/api/getPlaceDetails?id=308118,http://tour-pedia.org/api/getReviewsByPlaceId?placeId=308118
"7 Rue de Mondovi, Paris, France",restaurant,308119,48.866989,2.324585,Paris,Lescure,,,,http://tour-pedia.org/api/getPlaceDetails?id=308119,http://tour-pedia.org/api/getReviewsByPlaceId?placeId=308119
"2 Rue Cambon, Paris, France",restaurant,308142,48.866294,2.325327,Paris,Flottes O. Trement,,,,http://tour-pedia.org/api/getPlaceDetails?id=308142,http://tour-pedia.org/api/getReviewsByPlaceId?placeId=308142
"4 Rue Cambon, Paris, France",restaurant,308143,48.866526,2.325461,Paris,Pierre Hermé,,,,http://tour-pedia.org/api/getPlaceDetails?id=308143,http://tour-pedia.org/api/getReviewsByPlaceId?placeId=308143
"231 Rue Saint-Honoré, Paris, France",restaurant,308150,48.866221,2.329219,Paris,Jean Paul Hévin,,,,http://tour-pedia.org/api/getPlaceDetails?id=308150,http://tour-pedia.org/api/getReviewsByPlaceId?placeId=308150
"36 Rue du Mont Thabor, Paris, France",restaurant,308151,48.866467,2.326418,Paris,Le Soufflé,,,,http://tour-pedia.org/api/getPlaceDetails?id=308151,http://tour-pedia.org/api/getReviewsByPlaceId?placeId=308151
"14 Rue de Castiglione, Paris, France",restaurant,308152,48.86622,2.328435,Paris,Carré des Feuillants,,,,http://tour-pedia.org/api/getPlaceDetails?id=308152,http://tour-pedia.org/api/getReviewsByPlaceId?placeId=308152
"234 Rue de Rivoli, Paris, France",restaurant,308153,48.865449,2.327128,Paris,"Le First, restaurant boudoir paris",,,,http://tour-pedia.org/api/getPlaceDetails?id=308153,http://tour-pedia.org/api/getReviewsByPlaceId?placeId=308153
"28 Rue du Mont Thabor, Paris, France",restaurant,308154,48.866289,2.32695,Paris,L'Ardoise,,,,http://tour-pedia.org/api/getPlaceDetails?id=308154,http://tour-pedia.org/api/getReviewsByPlaceId?placeId=308154
"239 Rue Saint-Honoré, Paris, France",restaurant,308156,48.86674,2.328049,Paris,Le Costes Bar,,,,http://tour-pedia.org/api/getPlaceDetails?id=308156,http://tour-pedia.org/api/getReviewsByPlaceId?placeId=308156
"240 Rue de Rivoli, Paris, France",restaurant,308157,48.865822,2.325983,Paris,L'Impérial Rivoli,,,,http://tour-pedia.org/api/getPlaceDetails?id=308157,http://tour-pedia.org/api/getReviewsByPlaceId?placeId=308157
"21 Rue Daunou, Paris, France",restaurant,308167,48.870041,2.33025,Paris,American Dream,,,,http://tour-pedia.org/api/getPlaceDetails?id=308167,http://tour-pedia.org/api/getReviewsByPlaceId?placeId=308167
"17 Boulevard des Capucines, Paris, France",restaurant,308168,48.870393,2.331718,Paris,Chez Clément Opéra,,,,http://tour-pedia.org/api/getPlaceDetails?id=308168,http://tour-pedia.org/api/getReviewsByPlaceId?placeId=308168
"23 Boulevard des Capucines, Paris, France",restaurant,308172,48.870309,2.331247,Paris,Opéra Ramen,,,,http://tour-pedia.org/api/getPlaceDetails?id=308172,http://tour-pedia.org/api/getReviewsByPlaceId?placeId=308172
"4 Place de l'Opéra, Paris, France",restaurant,308175,48.870378,2.332819,Paris,La Brioche Dorée,,,,http://tour-pedia.org/api/getPlaceDetails?id=308175,http://tour-pedia.org/api/getReviewsByPlaceId?placeId=308175
"25 Rue Louis le Grand, Paris, France",restaurant,308186,48.870436,2.333937,Paris,Le Dock,,,,http://tour-pedia.org/api/getPlaceDetails?id=308186,http://tour-pedia.org/api/getReviewsByPlaceId?placeId=308186
"4 Boulevard des Capucines, Paris, France",restaurant,308187,48.871042,2.333647,Paris,Le Grand Café Capucines,,,,http://tour-pedia.org/api/getPlaceDetails?id=308187,http://tour-pedia.org/api/getReviewsByPlaceId?placeId=308187
"17 Rue de Choiseul, Paris, France",restaurant,308188,48.870147,2.335869,Paris,Shake Eat,,,,http://tour-pedia.org/api/getPlaceDetails?id=308188,http://tour-pedia.org/api/getReviewsByPlaceId?placeId=308188
"29 Boulevard des Italiens, Paris, France",restaurant,308189,48.870939,2.33491,Paris,Noura Opéra,,,,http://tour-pedia.org/api/getPlaceDetails?id=308189,http://tour-pedia.org/api/getReviewsByPlaceId?placeId=308189
"3 Rue de Hanovre, Paris, France",restaurant,308191,48.870151,2.335412,Paris,Namou,,,,http://tour-pedia.org/api/getPlaceDetails?id=308191,http://tour-pedia.org/api/getReviewsByPlaceId?placeId=308191
"9 Rue de Hanovre, Paris, France",restaurant,308196,48.870393,2.334942,Paris,Momidji,,,,http://tour-pedia.org/api/getPlaceDetails?id=308196,http://tour-pedia.org/api/getReviewsByPlaceId?placeId=308196
"24 Rue de Gramont, Paris, France",restaurant,308198,48.870736,2.336966,Paris,Caffé Concerto,,,,http://tour-pedia.org/api/getPlaceDetails?id=308198,http://tour-pedia.org/api/getReviewsByPlaceId?placeId=308198
"5 Rue Daunou, Paris, France",restaurant,308224,48.869219,2.332208,Paris,Le Harry's New York Bar,,,,http://tour-pedia.org/api/getPlaceDetails?id=308224,http://tour-pedia.org/api/getReviewsByPlaceId?placeId=308224
"1 Rue Daunou, Paris, France",restaurant,308225,48.869052,2.332591,Paris,Au Cadran,,,,http://tour-pedia.org/api/getPlaceDetails?id=308225,http://tour-pedia.org/api/getReviewsByPlaceId?placeId=308225
"8 Rue Volney, Paris, France",restaurant,308226,48.869211,2.32986,Paris,Bistro Volnay,,,,http://tour-pedia.org/api/getPlaceDetails?id=308226,http://tour-pedia.org/api/getReviewsByPlaceId?placeId=308226
"39 Avenue de l'Opéra, Paris, France",restaurant,308227,48.868336,2.333062,Paris,Pierre Hermé,,,,http://tour-pedia.org/api/getPlaceDetails?id=308227,http://tour-pedia.org/api/getReviewsByPlaceId?placeId=308227
"4 Rue Daunou, Paris, France",restaurant,308228,48.869317,2.332199,Paris,Mkp Opéra,,,,http://tour-pedia.org/api/getPlaceDetails?id=308228,http://tour-pedia.org/api/getReviewsByPlaceId?placeId=308228
"9 Rue des Capucines, Paris, France",restaurant,308230,48.868639,2.329667,Paris,Wine by One,,,,http://tour-pedia.org/api/getPlaceDetails?id=308230,http://tour-pedia.org/api/getReviewsByPlaceId?placeId=308230
"6 Rue Daunou, Paris, France",restaurant,308232,48.869318,2.332195,Paris,PastaPapa,,,,http://tour-pedia.org/api/getPlaceDetails?id=308232,http://tour-pedia.org/api/getReviewsByPlaceId?placeId=308232
"2Bis Rue Daunou, Paris, France",restaurant,308237,48.869234,2.332406,Paris,Sapporo,,,,http://tour-pedia.org/api/getPlaceDetails?id=308237,http://tour-pedia.org/api/getReviewsByPlaceId?placeId=308237
"5 Rue Daunou, Paris, France",restaurant,308238,48.869214,2.332203,Paris,Earth's Kitchen,,,,http://tour-pedia.org/api/getPlaceDetails?id=308238,http://tour-pedia.org/api/getReviewsByPlaceId?placeId=308238
"8 Rue des Capucines, Paris, France",restaurant,308239,48.868803,2.329654,Paris,Le Petit Vendôme,,,,http://tour-pedia.org/api/getPlaceDetails?id=308239,http://tour-pedia.org/api/getReviewsByPlaceId?placeId=308239
"3 Rue Daunou, Paris, France",restaurant,308242,48.869208,2.332219,Paris,Le Sherwood,,,,http://tour-pedia.org/api/getPlaceDetails?id=308242,http://tour-pedia.org/api/getReviewsByPlaceId?placeId=308242
"1 Rue de la Michodière, Paris, France",restaurant,308255,48.869092,2.334237,Paris,La Fontaine Gaillon,,,,http://tour-pedia.org/api/getPlaceDetails?id=308255,http://tour-pedia.org/api/getReviewsByPlaceId?placeId=308255
"18-16 Rue Gaillon, Paris, France",restaurant,308257,48.868707,2.334351,Paris,Drouant,,,,http://tour-pedia.org/api/getPlaceDetails?id=308257,http://tour-pedia.org/api/getReviewsByPlaceId?placeId=308257
"15 Rue Gaillon, Paris, France",restaurant,308258,48.868617,2.334128,Paris,Le K1ZE,,,,http://tour-pedia.org/api/getPlaceDetails?id=308258,http://tour-pedia.org/api/getReviewsByPlaceId?placeId=308258
"10 Rue Saint-Augustin, Paris, France",restaurant,308259,48.868915,2.337175,Paris,Domaine de Lintillac,,,,http://tour-pedia.org/api/getPlaceDetails?id=308259,http://tour-pedia.org/api/getReviewsByPlaceId?placeId=308259
"12 Rue Monsigny, Paris, France",restaurant,308260,48.869013,2.335626,Paris,Cap Breton,,,,http://tour-pedia.org/api/getPlaceDetails?id=308260,http://tour-pedia.org/api/getReviewsByPlaceId?placeId=308260
"1 Rue Monsigny, Paris, France",restaurant,308261,48.868409,2.335121,Paris,Old Jawad,,,,http://tour-pedia.org/api/getPlaceDetails?id=308261,http://tour-pedia.org/api/getReviewsByPlaceId?placeId=308261
"7 Rue de la Michodière, Paris, France",restaurant,308262,48.869505,2.334623,Paris,Koba,,,,http://tour-pedia.org/api/getPlaceDetails?id=308262,http://tour-pedia.org/api/getReviewsByPlaceId?placeId=308262
"10 Rue de Port Mahon, Paris, France",restaurant,308264,48.869699,2.334024,Paris,Restaurant Yo,,,,http://tour-pedia.org/api/getPlaceDetails?id=308264,http://tour-pedia.org/api/getReviewsByPlaceId?placeId=308264
"19 Rue Saint-Augustin, Paris, France",restaurant,308267,48.868834,2.336346,Paris,Okinawa,,,,http://tour-pedia.org/api/getPlaceDetails?id=308267,http://tour-pedia.org/api/getReviewsByPlaceId?placeId=308267
"13 Rue Monsigny, Paris, France",restaurant,308270,48.86917,2.33553,Paris,Habemus Bar Restaurant,,,,http://tour-pedia.org/api/getPlaceDetails?id=308270,http://tour-pedia.org/api/getReviewsByPlaceId?placeId=308270
"7 Rue de Louvois, Paris, France",restaurant,308272,48.868308,2.336834,Paris,Hang-a-ri,,,,http://tour-pedia.org/api/getPlaceDetails?id=308272,http://tour-pedia.org/api/getReviewsByPlaceId?placeId=308272
"5 Rue de Louvois, Paris, France",restaurant,308273,48.868312,2.336914,Paris,Chez Miki,,,,http://tour-pedia.org/api/getPlaceDetails?id=308273,http://tour-pedia.org/api/getReviewsByPlaceId?placeId=308273
"15 Rue Saint-Augustin, Paris, France",restaurant,308282,48.868833,2.336539,Paris,Grillé,,,,http://tour-pedia.org/api/getPlaceDetails?id=308282,http://tour-pedia.org/api/getReviewsByPlaceId?placeId=308282
"92 Rue de Richelieu, Paris, France",restaurant,308314,48.870385,2.339353,Paris,La Serena,,,,http://tour-pedia.org/api/getPlaceDetails?id=308314,http://tour-pedia.org/api/getReviewsByPlaceId?placeId=308314
"32 Rue Saint-Marc, Paris, France",restaurant,308315,48.870764,2.338782,Paris,Aux Lyonnais,,,,http://tour-pedia.org/api/getPlaceDetails?id=308315,http://tour-pedia.org/api/getReviewsByPlaceId?placeId=308315
